audio_path,language,ground_truth,prediction,gt_normalized,pred_normalized
/home/hp/Indain_children_spech/ASER-Dataset/audio_processed/Hindi RJ/3463/HI_S4_P_0.wav,Hindi,बग़ीचे में पेड़ हैं पेड़ पर एक तोता रहता है तोते का रंग हरा है वह लाल टमाटर खाता है,दो सास है,बग़ीचे में पेड़ हैं पेड़ पर एक तोता रहता है तोते का रंग हरा है वह लाल टमाटर खाता है,दो सास है
/home/hp/Indain_children_spech/ASER-Dataset/audio_processed/Hindi RJ/3466/HI_S3_P_0.wav,Hindi,नीतू के घर में गाय है उसका रंग सफ़ेद है गाय हरी घास खाती है वह बहुत दूध देती है,तु के घर में गया है उसका रंग सफेद है ग गाय हरी घास खाती है वह बहुत छूत देती है,नीतू के घर में गाय है उसका रंग सफ़ेद है गाय हरी घास खाती है वह बहुत दूध देती है,तु के घर में गया है उसका रंग सफेद है ग गाय हरी घास खाती है वह बहुत छूत देती है
/home/hp/Indain_children_spech/ASER-Dataset/audio_processed/Hindi RJ/3481/HI_S4_P_0.wav,Hindi,बग़ीचे में पेड़ हैं पेड़ पर एक तोता रहता है तोते का रंग हरा है वह लाल टमाटर खाता है,बगीचे में पेड़ है पेड़ पर एकेट तोता रहता है तोते टालंड हरा है वह लाल टमाटर खाता है,बग़ीचे में पेड़ हैं पेड़ पर एक तोता रहता है तोते का रंग हरा है वह लाल टमाटर खाता है,बगीचे में पेड़ है पेड़ पर एकेट तोता रहता है तोते टालंड हरा है वह लाल टमाटर खाता है
/home/hp/Indain_children_spech/ASER-Dataset/audio_processed/Hindi RJ/3481/HI_S4_S_0.wav,English,What is the time,,what is the time,
/home/hp/Indain_children_spech/ASER-Dataset/audio_processed/Hindi RJ/3481/HI_S4_S_1.wav,English,This is a blue shirt,,this is a blue shirt,
/home/hp/Indain_children_spech/ASER-Dataset/audio_processed/Hindi RJ/3481/HI_S4_S_2.wav,English,I like to sleep,,i like to sleep,
/home/hp/Indain_children_spech/ASER-Dataset/audio_processed/Hindi RJ/3481/HI_S4_S_3.wav,English,I have a big house,,i have a big house,
/home/hp/Indain_children_spech/ASER-Dataset/audio_processed/Hindi RJ/3484/HI_S1_P_0.wav,Hindi,राधा के पास एक तोता है उसकी चोंच लाल है वह बहुत बोलता है सब को हँसाता है,स,राधा के पास एक तोता है उसकी चोंच लाल है वह बहुत बोलता है सब को हँसाता है,स
/home/hp/Indain_children_spech/ASER-Dataset/audio_processed/Hindi RJ/3500/HI_S4_P_0.wav,Hindi,बग़ीचे में पेड़ हैं पेड़ पर एक तोता रहता है तोते का रंग हरा है वह लाल टमाटर खाता है,बगीचे में पेड़ है पेड़ पर एक तोता रहता है तोते का रंग हरा है वह लाल टमाटर खाता है,बग़ीचे में पेड़ हैं पेड़ पर एक तोता रहता है तोते का रंग हरा है वह लाल टमाटर खाता है,बगीचे में पेड़ है पेड़ पर एक तोता रहता है तोते का रंग हरा है वह लाल टमाटर खाता है
/home/hp/Indain_children_spech/ASER-Dataset/audio_processed/Hindi RJ/3500/HI_S4_S_0.wav,English,What is the time,,what is the time,
/home/hp/Indain_children_spech/ASER-Dataset/audio_processed/Hindi RJ/3500/HI_S4_S_2.wav,English,I like to sleep,,i like to sleep,
/home/hp/Indain_children_spech/ASER-Dataset/audio_processed/Hindi RJ/3500/HI_S4_S_3.wav,English,I have a big house,,i have a big house,
/home/hp/Indain_children_spech/ASER-Dataset/audio_processed/Hindi RJ/3526/HI_S4_P_0.wav,Hindi,बग़ीचे में पेड़ हैं पेड़ पर एक तोता रहता है तोते का रंग हरा है वह लाल टमाटर खाता है,बगीचे में पेड़ है पेड़ पर एक तोता रहता है तोते का रंग हरा है वह लाल टमाटर खाता है,बग़ीचे में पेड़ हैं पेड़ पर एक तोता रहता है तोते का रंग हरा है वह लाल टमाटर खाता है,बगीचे में पेड़ है पेड़ पर एक तोता रहता है तोते का रंग हरा है वह लाल टमाटर खाता है
/home/hp/Indain_children_spech/ASER-Dataset/audio_processed/Hindi RJ/3531/HI_S1_P_0.wav,Hindi,राधा के पास एक तोता है उसकी चोंच लाल है वह बहुत बोलता है सब को हँसाता है,ददा के पास एक तोता है उसकी चोंच लाल है वह बहुत बोलता है सबको हसाता है,राधा के पास एक तोता है उसकी चोंच लाल है वह बहुत बोलता है सब को हँसाता है,ददा के पास एक तोता है उसकी चोंच लाल है वह बहुत बोलता है सबको हसाता है
/home/hp/Indain_children_spech/ASER-Dataset/audio_processed/Hindi RJ/3538/HI_S2_P_0.wav,Hindi,सोनी के पास एक माला है उसमें बहुत सारे मोती हैं मोती पीले रंग के हैं सोनी उसे पहनती है,सोना के पास एक माल है माला है उसमें बहुत सारी मोती है मोती पीले रंग के है सोना उसे पहनना चाहती है पहनती है आामख न,सोनी के पास एक माला है उसमें बहुत सारे मोती हैं मोती पीले रंग के हैं सोनी उसे पहनती है,सोना के पास एक माल है माला है उसमें बहुत सारी मोती है मोती पीले रंग के है सोना उसे पहनना चाहती है पहनती है आामख न
/home/hp/Indain_children_spech/ASER-Dataset/audio_processed/Hindi RJ/3538/HI_S2_S_0.wav,English,What is the time,,what is the time,
/home/hp/Indain_children_spech/ASER-Dataset/audio_processed/Hindi RJ/3538/HI_S2_S_1.wav,English,This is a red ball,,this is a red ball,
/home/hp/Indain_children_spech/ASER-Dataset/audio_processed/Hindi RJ/3538/HI_S2_S_2.wav,English,I like to play,,i like to play,
/home/hp/Indain_children_spech/ASER-Dataset/audio_processed/Hindi RJ/3538/HI_S2_S_3.wav,English,I have a small house,,i have a small house,
/home/hp/Indain_children_spech/ASER-Dataset/audio_processed/Hindi RJ/3566/HI_S4_P_0.wav,Hindi,बग़ीचे में पेड़ हैं पेड़ पर एक तोता रहता है तोते का रंग हरा है वह लाल टमाटर खाता है,बगीचे में पेड़ है पेड़ पर एक तोता रहता है तोते का रंग हर है वह लाल टमाटर खाता है,बग़ीचे में पेड़ हैं पेड़ पर एक तोता रहता है तोते का रंग हरा है वह लाल टमाटर खाता है,बगीचे में पेड़ है पेड़ पर एक तोता रहता है तोते का रंग हर है वह लाल टमाटर खाता है
/home/hp/Indain_children_spech/ASER-Dataset/audio_processed/Hindi RJ/3574/HI_S2_P_0.wav,Hindi,सोनी के पास एक माला है उसमें बहुत सारे मोती हैं मोती पीले रंग के हैं सोनी उसे पहनती है,सोन सोनी के पास एक माला है उस उसमें बहुत सारी माी है मातीी पीली रंग के है सोनी उस पह पहनती है,सोनी के पास एक माला है उसमें बहुत सारे मोती हैं मोती पीले रंग के हैं सोनी उसे पहनती है,सोन सोनी के पास एक माला है उस उसमें बहुत सारी माी है मातीी पीली रंग के है सोनी उस पह पहनती है
/home/hp/Indain_children_spech/ASER-Dataset/audio_processed/Hindi RJ/3574/HI_S2_S_1.wav,English,This is a red ball,,this is a red ball,
/home/hp/Indain_children_spech/ASER-Dataset/audio_processed/Hindi RJ/3578/HI_S4_P_1.wav,Hindi,रूपा बाहर खेल रही थी खेलतेखेलते रात हो गई वह अपने घर चली गई रूपा खाना खाकर सो गई,रूपा बाहर खेल रही थी खेलते खेलते रात हो गई वह अपने घर चली गई रूपा खाना खाकर सो गई,रूपा बाहर खेल रही थी खेलतेखेलते रात हो गई वह अपने घर चली गई रूपा खाना खाकर सो गई,रूपा बाहर खेल रही थी खेलते खेलते रात हो गई वह अपने घर चली गई रूपा खाना खाकर सो गई
/home/hp/Indain_children_spech/ASER-Dataset/audio_processed/Hindi RJ/3597/HI_S2_P_1.wav,Hindi,मीना पढ़ने जाती है राजू भी साथ जाता है दोनों शाम को लौटकर आते हैं घर आकर खाना खाते हैं,गही गान,मीना पढ़ने जाती है राजू भी साथ जाता है दोनों शाम को लौटकर आते हैं घर आकर खाना खाते हैं,गही गान
/home/hp/Indain_children_spech/ASER-Dataset/audio_processed/Hindi RJ/3613/HI_S3_P_0.wav,Hindi,नीतू के घर में गाय है उसका रंग सफ़ेद है गाय हरी घास खाती है वह बहुत दूध देती है,माता,नीतू के घर में गाय है उसका रंग सफ़ेद है गाय हरी घास खाती है वह बहुत दूध देती है,माता
/home/hp/Indain_children_spech/ASER-Dataset/audio_processed/Hindi RJ/3623/HI_S2_P_1.wav,Hindi,मीना पढ़ने जाती है राजू भी साथ जाता है दोनों शाम को लौटकर आते हैं घर आकर खाना खाते हैं,मीना पढ़ते जा पढ़ने जाती है राजू भी सा साथ जाता है दोनों शाम को लौट कर आते हैं घर आकर खाना खाते हैं,मीना पढ़ने जाती है राजू भी साथ जाता है दोनों शाम को लौटकर आते हैं घर आकर खाना खाते हैं,मीना पढ़ते जा पढ़ने जाती है राजू भी सा साथ जाता है दोनों शाम को लौट कर आते हैं घर आकर खाना खाते हैं
/home/hp/Indain_children_spech/ASER-Dataset/audio_processed/Hindi RJ/3628/HI_S4_P_0.wav,Hindi,बग़ीचे में पेड़ हैं पेड़ पर एक तोता रहता है तोते का रंग हरा है वह लाल टमाटर खाता है,बगीचे में पेड़ है पेड़ पर एक तोता रहता है तोते का रंग हरा है वह लाल टमाटर खाता है,बग़ीचे में पेड़ हैं पेड़ पर एक तोता रहता है तोते का रंग हरा है वह लाल टमाटर खाता है,बगीचे में पेड़ है पेड़ पर एक तोता रहता है तोते का रंग हरा है वह लाल टमाटर खाता है
/home/hp/Indain_children_spech/ASER-Dataset/audio_processed/Hindi RJ/3628/HI_S4_S_0.wav,English,What is the time,,what is the time,
/home/hp/Indain_children_spech/ASER-Dataset/audio_processed/Hindi RJ/3628/HI_S4_S_1.wav,English,This is a blue shirt,,this is a blue shirt,
/home/hp/Indain_children_spech/ASER-Dataset/audio_processed/Hindi RJ/3628/HI_S4_S_2.wav,English,I like to sleep,,i like to sleep,
/home/hp/Indain_children_spech/ASER-Dataset/audio_processed/Hindi RJ/3628/HI_S4_S_3.wav,English,I have a big house,,i have a big house,
/home/hp/Indain_children_spech/ASER-Dataset/audio_processed/Hindi RJ/3641/HI_S4_P_0.wav,Hindi,बग़ीचे में पेड़ हैं पेड़ पर एक तोता रहता है तोते का रंग हरा है वह लाल टमाटर खाता है,बगीचे में पेड़ है पेड़ पर एक तोता रहता है तो रंग तोते का रंग हरा है वह लाल टमाटर खाता है,बग़ीचे में पेड़ हैं पेड़ पर एक तोता रहता है तोते का रंग हरा है वह लाल टमाटर खाता है,बगीचे में पेड़ है पेड़ पर एक तोता रहता है तो रंग तोते का रंग हरा है वह लाल टमाटर खाता है
/home/hp/Indain_children_spech/ASER-Dataset/audio_processed/Hindi RJ/3641/HI_S4_S_0.wav,English,What is the time,,what is the time,
/home/hp/Indain_children_spech/ASER-Dataset/audio_processed/Hindi RJ/3641/HI_S4_S_1.wav,English,This is a blue shirt,,this is a blue shirt,
/home/hp/Indain_children_spech/ASER-Dataset/audio_processed/Hindi RJ/3641/HI_S4_S_2.wav,English,I like to sleep,,i like to sleep,
/home/hp/Indain_children_spech/ASER-Dataset/audio_processed/Hindi RJ/3641/HI_S4_S_3.wav,English,I have a big house,,i have a big house,
/home/hp/Indain_children_spech/ASER-Dataset/audio_processed/Hindi RJ/3649/HI_S2_P_1.wav,Hindi,मीना पढ़ने जाती है राजू भी साथ जाता है दोनों शाम को लौटकर आते हैं घर आकर खाना खाते हैं,मीना पढ़ने जाती है राजू भी साथ जाता है दोनों शाम को लौटकर आते हैं घर आकर खाना खाते हैं,मीना पढ़ने जाती है राजू भी साथ जाता है दोनों शाम को लौटकर आते हैं घर आकर खाना खाते हैं,मीना पढ़ने जाती है राजू भी साथ जाता है दोनों शाम को लौटकर आते हैं घर आकर खाना खाते हैं
/home/hp/Indain_children_spech/ASER-Dataset/audio_processed/Hindi RJ/3649/HI_S2_S_0.wav,English,What is the time,,what is the time,
/home/hp/Indain_children_spech/ASER-Dataset/audio_processed/Hindi RJ/3649/HI_S2_S_1.wav,English,This is a red ball,,this is a red ball,
/home/hp/Indain_children_spech/ASER-Dataset/audio_processed/Hindi RJ/3649/HI_S2_S_2.wav,English,I like to play,,i like to play,
/home/hp/Indain_children_spech/ASER-Dataset/audio_processed/Hindi RJ/3649/HI_S2_S_3.wav,English,I have a small house,,i have a small house,
/home/hp/Indain_children_spech/ASER-Dataset/audio_processed/Hindi RJ/3655/HI_S4_P_0.wav,Hindi,बग़ीचे में पेड़ हैं पेड़ पर एक तोता रहता है तोते का रंग हरा है वह लाल टमाटर खाता है,,बग़ीचे में पेड़ हैं पेड़ पर एक तोता रहता है तोते का रंग हरा है वह लाल टमाटर खाता है,
/home/hp/Indain_children_spech/ASER-Dataset/audio_processed/Hindi RJ/3675/HI_S1_P_0.wav,Hindi,राधा के पास एक तोता है उसकी चोंच लाल है वह बहुत बोलता है सब को हँसाता है,राधा के पास एक तोता है उसकी चोंच ल रंग की रंग है वाली बहुत बोलता है सब को कता है,राधा के पास एक तोता है उसकी चोंच लाल है वह बहुत बोलता है सब को हँसाता है,राधा के पास एक तोता है उसकी चोंच ल रंग की रंग है वाली बहुत बोलता है सब को कता है
/home/hp/Indain_children_spech/ASER-Dataset/audio_processed/Hindi RJ/3680/HI_S4_P_1.wav,Hindi,रूपा बाहर खेल रही थी खेलतेखेलते रात हो गई वह अपने घर चली गई रूपा खाना खाकर सो गई,प रूपा बाहर खेल रही थी खेलते खेलते रात हो गई वह अपने घर चल चली गई रूपा खाना खाकर सो गई,रूपा बाहर खेल रही थी खेलतेखेलते रात हो गई वह अपने घर चली गई रूपा खाना खाकर सो गई,प रूपा बाहर खेल रही थी खेलते खेलते रात हो गई वह अपने घर चल चली गई रूपा खाना खाकर सो गई
/home/hp/Indain_children_spech/ASER-Dataset/audio_processed/Hindi RJ/3683/HI_S1_P_0.wav,Hindi,राधा के पास एक तोता है उसकी चोंच लाल है वह बहुत बोलता है सब को हँसाता है,राा के पास एक तोता है उसकी चोंच लाल है वह बहुत बोलता है सबको हसाता है,राधा के पास एक तोता है उसकी चोंच लाल है वह बहुत बोलता है सब को हँसाता है,राा के पास एक तोता है उसकी चोंच लाल है वह बहुत बोलता है सबको हसाता है
/home/hp/Indain_children_spech/ASER-Dataset/audio_processed/Hindi RJ/3716/HI_S1_P_1.wav,Hindi,माँ ने हलवा बनाया वह बहुत मीठा था उसे सोनी ने खाया खाने के बाद वह सो गई,व हलवा पहनाया वीा ने खया खने खने के प पच वह,माँ ने हलवा बनाया वह बहुत मीठा था उसे सोनी ने खाया खाने के बाद वह सो गई,व हलवा पहनाया वीा ने खया खने खने के प पच वह
/home/hp/Indain_children_spech/ASER-Dataset/audio_processed/Hindi RJ/3738/HI_S3_P_0.wav,Hindi,नीतू के घर में गाय है उसका रंग सफ़ेद है गाय हरी घास खाती है वह बहुत दूध देती है,नीतू के डर में जाइ है उसका रज सफेद है गाय हरी डार काती है व बहुत ढूढ़ देती है,नीतू के घर में गाय है उसका रंग सफ़ेद है गाय हरी घास खाती है वह बहुत दूध देती है,नीतू के डर में जाइ है उसका रज सफेद है गाय हरी डार काती है व बहुत ढूढ़ देती है
/home/hp/Indain_children_spech/ASER-Dataset/audio_processed/Hindi RJ/3752/HI_S1_P_0.wav,Hindi,राधा के पास एक तोता है उसकी चोंच लाल है वह बहुत बोलता है सब को हँसाता है,राजा के पास एक तोता है उसकी सोच लाल है वह बहुत बोलता है सबक हसाता है,राधा के पास एक तोता है उसकी चोंच लाल है वह बहुत बोलता है सब को हँसाता है,राजा के पास एक तोता है उसकी सोच लाल है वह बहुत बोलता है सबक हसाता है
/home/hp/Indain_children_spech/ASER-Dataset/audio_processed/Hindi RJ/3752/HI_S1_S_0.wav,English,Where is your house,,where is your house,
/home/hp/Indain_children_spech/ASER-Dataset/audio_processed/Hindi RJ/3752/HI_S1_S_1.wav,English,This is a small bag,,this is a small bag,
/home/hp/Indain_children_spech/ASER-Dataset/audio_processed/Hindi RJ/3752/HI_S1_S_2.wav,English,I like to read,,i like to read,
/home/hp/Indain_children_spech/ASER-Dataset/audio_processed/Hindi RJ/3752/HI_S1_S_3.wav,English,I have a fat dog,,i have a fat dog,
/home/hp/Indain_children_spech/ASER-Dataset/audio_processed/Hindi RJ/3765/HI_S1_ST_0.wav,Hindi,बहुत दिनों से बारिश हो रही थी गाँव में सभी जगह गंदा पानी भर गया था सभी बारिश के रुकने की राह देख रहे थे अचानक एक दिन बारिश रुक गई सूरज निकल आया सब लोग खुश हो गये आसमान में चिड़ियाँ उड़ने लगीं लोग अपने कपड़े सुखाने लगे बच्चे भी घरों से बाहर निकलकर खेलने लगे,बहुत दिनों से बारिश हो रही थी गाँव में सभी जगह गंदा पानी भर गया था सभी बारिश के रुने की राह देख रहे थे अचानक एक दिन बारिश रुक गयी सूरज निकल आया सब लोग खुश हो गए आसमान में चिड़िया उड़ने लगे लोग अपने कपड़े ुकाने लगे बच्चे भी घरों से बाहर निकल कर खेलने लगे ख दिया,बहुत दिनों से बारिश हो रही थी गाँव में सभी जगह गंदा पानी भर गया था सभी बारिश के रुकने की राह देख रहे थे अचानक एक दिन बारिश रुक गई सूरज निकल आया सब लोग खुश हो गये आसमान में चिड़ियाँ उड़ने लगीं लोग अपने कपड़े सुखाने लगे बच्चे भी घरों से बाहर निकलकर खेलने लगे,बहुत दिनों से बारिश हो रही थी गाँव में सभी जगह गंदा पानी भर गया था सभी बारिश के रुने की राह देख रहे थे अचानक एक दिन बारिश रुक गयी सूरज निकल आया सब लोग खुश हो गए आसमान में चिड़िया उड़ने लगे लोग अपने कपड़े ुकाने लगे बच्चे भी घरों से बाहर निकल कर खेलने लगे ख दिया
/home/hp/Indain_children_spech/ASER-Dataset/audio_processed/Hindi RJ/3789/HI_S3_P_0.wav,Hindi,नीतू के घर में गाय है उसका रंग सफ़ेद है गाय हरी घास खाती है वह बहुत दूध देती है,नीतू के घर में गाय है उसका रंग सफ़ेद है गाय हरी घास खाती है वह बहुत दूध देती है,नीतू के घर में गाय है उसका रंग सफ़ेद है गाय हरी घास खाती है वह बहुत दूध देती है,नीतू के घर में गाय है उसका रंग सफ़ेद है गाय हरी घास खाती है वह बहुत दूध देती है
/home/hp/Indain_children_spech/ASER-Dataset/audio_processed/Hindi RJ/3789/HI_S3_S_0.wav,English,Where is your house,,where is your house,
/home/hp/Indain_children_spech/ASER-Dataset/audio_processed/Hindi RJ/3789/HI_S3_S_1.wav,English,This is a big bus,,this is a big bus,
/home/hp/Indain_children_spech/ASER-Dataset/audio_processed/Hindi RJ/3792/HI_S4_P_0.wav,Hindi,बग़ीचे में पेड़ हैं पेड़ पर एक तोता रहता है तोते का रंग हरा है वह लाल टमाटर खाता है,बगीचे में पेड़ पेड़ पर एक तोता रहता है तोते का रंग हरा है वह लाल टमाटर खाता है,बग़ीचे में पेड़ हैं पेड़ पर एक तोता रहता है तोते का रंग हरा है वह लाल टमाटर खाता है,बगीचे में पेड़ पेड़ पर एक तोता रहता है तोते का रंग हरा है वह लाल टमाटर खाता है
/home/hp/Indain_children_spech/ASER-Dataset/audio_processed/Hindi RJ/3792/HI_S4_S_0.wav,English,What is the time,,what is the time,
/home/hp/Indain_children_spech/ASER-Dataset/audio_processed/Hindi RJ/3792/HI_S4_S_1.wav,English,This is a blue shirt,,this is a blue shirt,
/home/hp/Indain_children_spech/ASER-Dataset/audio_processed/Hindi RJ/3792/HI_S4_S_2.wav,English,I like to sleep,,i like to sleep,
/home/hp/Indain_children_spech/ASER-Dataset/audio_processed/Hindi RJ/3792/HI_S4_S_3.wav,English,I have a big house,,i have a big house,
/home/hp/Indain_children_spech/ASER-Dataset/audio_processed/Hindi RJ/3802/HI_S1_P_0.wav,Hindi,राधा के पास एक तोता है उसकी चोंच लाल है वह बहुत बोलता है सब को हँसाता है,राधा के पास एक तोता है उसकी चोच लाल लाल है वह बहुत बोलता है सब को हँसाता है,राधा के पास एक तोता है उसकी चोंच लाल है वह बहुत बोलता है सब को हँसाता है,राधा के पास एक तोता है उसकी चोच लाल लाल है वह बहुत बोलता है सब को हँसाता है
/home/hp/Indain_children_spech/ASER-Dataset/audio_processed/Hindi RJ/3806/HI_S3_P_0.wav,Hindi,नीतू के घर में गाय है उसका रंग सफ़ेद है गाय हरी घास खाती है वह बहुत दूध देती है,नीतू के घर में गाय है उसका रंग सफ़ेद है गाय हरी घास खाती है वह बहुत दूध देती है,नीतू के घर में गाय है उसका रंग सफ़ेद है गाय हरी घास खाती है वह बहुत दूध देती है,नीतू के घर में गाय है उसका रंग सफ़ेद है गाय हरी घास खाती है वह बहुत दूध देती है
/home/hp/Indain_children_spech/ASER-Dataset/audio_processed/Hindi RJ/3810/HI_S4_P_1.wav,Hindi,रूपा बाहर खेल रही थी खेलतेखेलते रात हो गई वह अपने घर चली गई रूपा खाना खाकर सो गई,,रूपा बाहर खेल रही थी खेलतेखेलते रात हो गई वह अपने घर चली गई रूपा खाना खाकर सो गई,
/home/hp/Indain_children_spech/ASER-Dataset/audio_processed/Hindi RJ/3813/HI_S4_P_0.wav,Hindi,बग़ीचे में पेड़ हैं पेड़ पर एक तोता रहता है तोते का रंग हरा है वह लाल टमाटर खाता है,बगीचे में पेड़ है पेड़ पर एक तोता रहता है तोते का रंग हरा है वे लाल टमाटर खाता है,बग़ीचे में पेड़ हैं पेड़ पर एक तोता रहता है तोते का रंग हरा है वह लाल टमाटर खाता है,बगीचे में पेड़ है पेड़ पर एक तोता रहता है तोते का रंग हरा है वे लाल टमाटर खाता है
/home/hp/Indain_children_spech/ASER-Dataset/audio_processed/Hindi RJ/3813/HI_S4_S_0.wav,English,What is the time,,what is the time,
/home/hp/Indain_children_spech/ASER-Dataset/audio_processed/Hindi RJ/3813/HI_S4_S_1.wav,English,This is a blue shirt,,this is a blue shirt,
/home/hp/Indain_children_spech/ASER-Dataset/audio_processed/Hindi RJ/3813/HI_S4_S_2.wav,English,I like to sleep,,i like to sleep,
/home/hp/Indain_children_spech/ASER-Dataset/audio_processed/Hindi RJ/3813/HI_S4_S_3.wav,English,I have a big house,,i have a big house,
/home/hp/Indain_children_spech/ASER-Dataset/audio_processed/Hindi RJ/3815/HI_S3_P_0.wav,Hindi,नीतू के घर में गाय है उसका रंग सफ़ेद है गाय हरी घास खाती है वह बहुत दूध देती है,मित्र के घर में गाय है उसका रंग सफेद है गाय हरी घास खाती है वह बहुत दूध देती है,नीतू के घर में गाय है उसका रंग सफ़ेद है गाय हरी घास खाती है वह बहुत दूध देती है,मित्र के घर में गाय है उसका रंग सफेद है गाय हरी घास खाती है वह बहुत दूध देती है
/home/hp/Indain_children_spech/ASER-Dataset/audio_processed/Hindi RJ/3815/HI_S3_ST_0.wav,Hindi,विमला और अजय मेला देखने गये उन्हें मेले में तरहतरह की दुकाने दिखीं मेले में बहुत झूले थे वहाँ गरमगरम हलवा और जलेबियाँ भी बिक रहीं थीं जलेबी देखकर दोनों के मुँह में पानी आने लगा उन्हें जलेबी खाने का मन हुआ विमला ने जलेबी खरीदी दोनों दोस्तों ने मिलकर जलेबी खाई शाम को दोनों घर लौट आये,विमला व अजय मेला देखने गए उन्हें मेले में तरह तरह की दुकान दिखी मेले में बहुत झूले थे वहाँ गर्म गर्म हलवा और जलेबियाँ भी बख रही थीं जलेबी देखकर दोनों के मुँह में पानी आने लगा उन्हें ज जलेबी खाने का मन हुआ विमला ने जलेबी खरीदी दोनों दोस्तों ने मिलकर जलेबी खाई शाम को दोनों घर लौट आई,विमला और अजय मेला देखने गये उन्हें मेले में तरहतरह की दुकाने दिखीं मेले में बहुत झूले थे वहाँ गरमगरम हलवा और जलेबियाँ भी बिक रहीं थीं जलेबी देखकर दोनों के मुँह में पानी आने लगा उन्हें जलेबी खाने का मन हुआ विमला ने जलेबी खरीदी दोनों दोस्तों ने मिलकर जलेबी खाई शाम को दोनों घर लौट आये,विमला व अजय मेला देखने गए उन्हें मेले में तरह तरह की दुकान दिखी मेले में बहुत झूले थे वहाँ गर्म गर्म हलवा और जलेबियाँ भी बख रही थीं जलेबी देखकर दोनों के मुँह में पानी आने लगा उन्हें ज जलेबी खाने का मन हुआ विमला ने जलेबी खरीदी दोनों दोस्तों ने मिलकर जलेबी खाई शाम को दोनों घर लौट आई
/home/hp/Indain_children_spech/ASER-Dataset/audio_processed/Hindi RJ/3815/HI_S3_S_0.wav,English,Where is your house,,where is your house,
/home/hp/Indain_children_spech/ASER-Dataset/audio_processed/Hindi RJ/3815/HI_S3_S_1.wav,English,This is a big bus,,this is a big bus,
/home/hp/Indain_children_spech/ASER-Dataset/audio_processed/Hindi RJ/3815/HI_S3_S_2.wav,English,I like to sing,,i like to sing,
/home/hp/Indain_children_spech/ASER-Dataset/audio_processed/Hindi RJ/3815/HI_S3_S_3.wav,English,I have a fat cat,,i have a fat cat,
/home/hp/Indain_children_spech/ASER-Dataset/audio_processed/Hindi RJ/3818/HI_S1_P_0.wav,Hindi,राधा के पास एक तोता है उसकी चोंच लाल है वह बहुत बोलता है सब को हँसाता है,तो दादा के पास एक तोता है उसकी जो लाल है वह बहुत बोलता है सबको अाता है,राधा के पास एक तोता है उसकी चोंच लाल है वह बहुत बोलता है सब को हँसाता है,तो दादा के पास एक तोता है उसकी जो लाल है वह बहुत बोलता है सबको अाता है
/home/hp/Indain_children_spech/ASER-Dataset/audio_processed/Hindi RJ/3818/HI_S1_ST_0.wav,Hindi,बहुत दिनों से बारिश हो रही थी गाँव में सभी जगह गंदा पानी भर गया था सभी बारिश के रुकने की राह देख रहे थे अचानक एक दिन बारिश रुक गई सूरज निकल आया सब लोग खुश हो गये आसमान में चिड़ियाँ उड़ने लगीं लोग अपने कपड़े सुखाने लगे बच्चे भी घरों से बाहर निकलकर खेलने लगे,बहुत दिनों से बारिश हो रही थी गाँव में सभी जगह गंदा पानी भर गया था सभी बारिश के रुकने की राह देख रहे थे अचानक एक दिन बारिश रुक गई सूरज निकल आया सब लोग खुश हो गए आसमान में चिड़िया उड़ने लगी लोग अपने कपड़े सुखाने लगे बच्चे भी घरों से बाहर निकल कर खेलने लगे,बहुत दिनों से बारिश हो रही थी गाँव में सभी जगह गंदा पानी भर गया था सभी बारिश के रुकने की राह देख रहे थे अचानक एक दिन बारिश रुक गई सूरज निकल आया सब लोग खुश हो गये आसमान में चिड़ियाँ उड़ने लगीं लोग अपने कपड़े सुखाने लगे बच्चे भी घरों से बाहर निकलकर खेलने लगे,बहुत दिनों से बारिश हो रही थी गाँव में सभी जगह गंदा पानी भर गया था सभी बारिश के रुकने की राह देख रहे थे अचानक एक दिन बारिश रुक गई सूरज निकल आया सब लोग खुश हो गए आसमान में चिड़िया उड़ने लगी लोग अपने कपड़े सुखाने लगे बच्चे भी घरों से बाहर निकल कर खेलने लगे
/home/hp/Indain_children_spech/ASER-Dataset/audio_processed/Hindi RJ/3818/HI_S1_S_0.wav,English,Where is your house,,where is your house,
/home/hp/Indain_children_spech/ASER-Dataset/audio_processed/Hindi RJ/3818/HI_S1_S_1.wav,English,This is a small bag,,this is a small bag,
/home/hp/Indain_children_spech/ASER-Dataset/audio_processed/Hindi RJ/3818/HI_S1_S_2.wav,English,I like to read,,i like to read,
/home/hp/Indain_children_spech/ASER-Dataset/audio_processed/Hindi RJ/3818/HI_S1_S_3.wav,English,I have a fat dog,,i have a fat dog,
/home/hp/Indain_children_spech/ASER-Dataset/audio_processed/Hindi RJ/3825/HI_S2_P_1.wav,Hindi,मीना पढ़ने जाती है राजू भी साथ जाता है दोनों शाम को लौटकर आते हैं घर आकर खाना खाते हैं,मीना पन्ने जाती है राजू भी साथ जाता है दोनों शाम को लौट कर आते हैं घर आकर खाना खाते हैं,मीना पढ़ने जाती है राजू भी साथ जाता है दोनों शाम को लौटकर आते हैं घर आकर खाना खाते हैं,मीना पन्ने जाती है राजू भी साथ जाता है दोनों शाम को लौट कर आते हैं घर आकर खाना खाते हैं
/home/hp/Indain_children_spech/ASER-Dataset/audio_processed/Hindi RJ/3825/HI_S2_S_2.wav,English,I like to play,,i like to play,
/home/hp/Indain_children_spech/ASER-Dataset/audio_processed/Hindi RJ/3825/HI_S2_S_1.wav,English,This is a red ball,,this is a red ball,
/home/hp/Indain_children_spech/ASER-Dataset/audio_processed/Hindi RJ/3825/HI_S2_S_3.wav,English,I have a small house,,i have a small house,
/home/hp/Indain_children_spech/ASER-Dataset/audio_processed/Hindi RJ/3825/HI_S2_S_0.wav,English,What is the time,,what is the time,
/home/hp/Indain_children_spech/ASER-Dataset/audio_processed/Hindi RJ/3841/HI_S1_P_0.wav,Hindi,राधा के पास एक तोता है उसकी चोंच लाल है वह बहुत बोलता है सब को हँसाता है,राजा के पास एक तोता है उसकी चोंच लत लाल है वह बहुत बोलता है सब को हसाता है,राधा के पास एक तोता है उसकी चोंच लाल है वह बहुत बोलता है सब को हँसाता है,राजा के पास एक तोता है उसकी चोंच लत लाल है वह बहुत बोलता है सब को हसाता है
/home/hp/Indain_children_spech/ASER-Dataset/audio_processed/Hindi RJ/3841/HI_S1_S_0.wav,English,Where is your house,,where is your house,
/home/hp/Indain_children_spech/ASER-Dataset/audio_processed/Hindi RJ/3841/HI_S1_S_1.wav,English,This is a small bag,,this is a small bag,
/home/hp/Indain_children_spech/ASER-Dataset/audio_processed/Hindi RJ/3841/HI_S1_S_2.wav,English,I like to read,,i like to read,
/home/hp/Indain_children_spech/ASER-Dataset/audio_processed/Hindi RJ/3841/HI_S1_S_3.wav,English,I have a fat dog,,i have a fat dog,
/home/hp/Indain_children_spech/ASER-Dataset/audio_processed/Hindi RJ/3846/HI_S1_P_0.wav,Hindi,राधा के पास एक तोता है उसकी चोंच लाल है वह बहुत बोलता है सब को हँसाता है,राधा के पास एक तोता है उसकी चूँच लाल है वह बहुत बोलता है शबकोश आता है,राधा के पास एक तोता है उसकी चोंच लाल है वह बहुत बोलता है सब को हँसाता है,राधा के पास एक तोता है उसकी चूँच लाल है वह बहुत बोलता है शबकोश आता है
/home/hp/Indain_children_spech/ASER-Dataset/audio_processed/Hindi RJ/3846/HI_S1_ST_0.wav,Hindi,बहुत दिनों से बारिश हो रही थी गाँव में सभी जगह गंदा पानी भर गया था सभी बारिश के रुकने की राह देख रहे थे अचानक एक दिन बारिश रुक गई सूरज निकल आया सब लोग खुश हो गये आसमान में चिड़ियाँ उड़ने लगीं लोग अपने कपड़े सुखाने लगे बच्चे भी घरों से बाहर निकलकर खेलने लगे,बहुत दिनों से बारिश हो रही थी गाँव में सभी जगह गंदा पानी भरे गया था सभी बारिश के रुकने की राय एक दिन बारिश रुक गई सूरज निकल आया सब लोग को आसमान छिया उड़ने लगे लोग अपने कपड़े सुखाने लगे बच्चे भी घरों से बाहर निकल खेलने लगे,बहुत दिनों से बारिश हो रही थी गाँव में सभी जगह गंदा पानी भर गया था सभी बारिश के रुकने की राह देख रहे थे अचानक एक दिन बारिश रुक गई सूरज निकल आया सब लोग खुश हो गये आसमान में चिड़ियाँ उड़ने लगीं लोग अपने कपड़े सुखाने लगे बच्चे भी घरों से बाहर निकलकर खेलने लगे,बहुत दिनों से बारिश हो रही थी गाँव में सभी जगह गंदा पानी भरे गया था सभी बारिश के रुकने की राय एक दिन बारिश रुक गई सूरज निकल आया सब लोग को आसमान छिया उड़ने लगे लोग अपने कपड़े सुखाने लगे बच्चे भी घरों से बाहर निकल खेलने लगे
/home/hp/Indain_children_spech/ASER-Dataset/audio_processed/Hindi RJ/3856/HI_S4_P_0.wav,Hindi,बग़ीचे में पेड़ हैं पेड़ पर एक तोता रहता है तोते का रंग हरा है वह लाल टमाटर खाता है,बगीचे में एक बगीचे में पेड़ है पेड़ पर एक तोता रहता है तोते का रंग हरा है वह लाल टमाटर खाता है,बग़ीचे में पेड़ हैं पेड़ पर एक तोता रहता है तोते का रंग हरा है वह लाल टमाटर खाता है,बगीचे में एक बगीचे में पेड़ है पेड़ पर एक तोता रहता है तोते का रंग हरा है वह लाल टमाटर खाता है
/home/hp/Indain_children_spech/ASER-Dataset/audio_processed/Hindi RJ/3856/HI_S4_S_0.wav,English,What is the time,,what is the time,
/home/hp/Indain_children_spech/ASER-Dataset/audio_processed/Hindi RJ/3856/HI_S4_S_1.wav,English,This is a blue shirt,,this is a blue shirt,
/home/hp/Indain_children_spech/ASER-Dataset/audio_processed/Hindi RJ/3856/HI_S4_S_2.wav,English,I like to sleep,,i like to sleep,
/home/hp/Indain_children_spech/ASER-Dataset/audio_processed/Hindi RJ/3856/HI_S4_S_3.wav,English,I have a big house,,i have a big house,
/home/hp/Indain_children_spech/ASER-Dataset/audio_processed/Hindi RJ/3869/HI_S1_P_0.wav,Hindi,राधा के पास एक तोता है उसकी चोंच लाल है वह बहुत बोलता है सब को हँसाता है,राा के राधा के पास एक तोता है उसकी चोंच लाल है वह बहुत बोलता है सब को हसाता है,राधा के पास एक तोता है उसकी चोंच लाल है वह बहुत बोलता है सब को हँसाता है,राा के राधा के पास एक तोता है उसकी चोंच लाल है वह बहुत बोलता है सब को हसाता है
/home/hp/Indain_children_spech/ASER-Dataset/audio_processed/Hindi RJ/3869/HI_S1_S_0.wav,English,Where is your house,,where is your house,
/home/hp/Indain_children_spech/ASER-Dataset/audio_processed/Hindi RJ/3869/HI_S1_S_1.wav,English,This is a small bag,,this is a small bag,
/home/hp/Indain_children_spech/ASER-Dataset/audio_processed/Hindi RJ/3869/HI_S1_S_2.wav,English,I like to read,,i like to read,
/home/hp/Indain_children_spech/ASER-Dataset/audio_processed/Hindi RJ/3926/HI_S1_P_0.wav,Hindi,राधा के पास एक तोता है उसकी चोंच लाल है वह बहुत बोलता है सब को हँसाता है,राजा के पास एक तोता था था है उसकी सोच लाल है वह बहुत बोलता है सब को हसाता है,राधा के पास एक तोता है उसकी चोंच लाल है वह बहुत बोलता है सब को हँसाता है,राजा के पास एक तोता था था है उसकी सोच लाल है वह बहुत बोलता है सब को हसाता है
/home/hp/Indain_children_spech/ASER-Dataset/audio_processed/Hindi RJ/3926/HI_S1_S_0.wav,English,Where is your house,,where is your house,
/home/hp/Indain_children_spech/ASER-Dataset/audio_processed/Hindi RJ/3926/HI_S1_S_1.wav,English,This is a small bag,,this is a small bag,
/home/hp/Indain_children_spech/ASER-Dataset/audio_processed/Hindi RJ/3926/HI_S1_S_2.wav,English,I like to read,,i like to read,
/home/hp/Indain_children_spech/ASER-Dataset/audio_processed/Hindi RJ/3926/HI_S1_S_3.wav,English,I have a fat dog,,i have a fat dog,
/home/hp/Indain_children_spech/ASER-Dataset/audio_processed/Hindi RJ/3975/HI_S3_P_0.wav,Hindi,नीतू के घर में गाय है उसका रंग सफ़ेद है गाय हरी घास खाती है वह बहुत दूध देती है,नीतू के घर में गाय है उसका रंग सफ़ेद है गाय हरी घास खाती है वह बहुत दूध देती है,नीतू के घर में गाय है उसका रंग सफ़ेद है गाय हरी घास खाती है वह बहुत दूध देती है,नीतू के घर में गाय है उसका रंग सफ़ेद है गाय हरी घास खाती है वह बहुत दूध देती है
/home/hp/Indain_children_spech/ASER-Dataset/audio_processed/Hindi RJ/3980/HI_S2_P_0.wav,Hindi,सोनी के पास एक माला है उसमें बहुत सारे मोती हैं मोती पीले रंग के हैं सोनी उसे पहनती है,सोनी के पास एक माला है उसमें बहुत सारे मोती है मोती पीले रंग के है सोनी उसे पहनती है,सोनी के पास एक माला है उसमें बहुत सारे मोती हैं मोती पीले रंग के हैं सोनी उसे पहनती है,सोनी के पास एक माला है उसमें बहुत सारे मोती है मोती पीले रंग के है सोनी उसे पहनती है
/home/hp/Indain_children_spech/ASER-Dataset/audio_processed/Hindi RJ/3980/HI_S2_S_0.wav,English,What is the time,,what is the time,
/home/hp/Indain_children_spech/ASER-Dataset/audio_processed/Hindi RJ/3980/HI_S2_S_1.wav,English,This is a red ball,,this is a red ball,
/home/hp/Indain_children_spech/ASER-Dataset/audio_processed/Hindi RJ/3980/HI_S2_S_3.wav,English,I have a small house,,i have a small house,
/home/hp/Indain_children_spech/ASER-Dataset/audio_processed/Hindi RJ/4012/HI_S4_P_0.wav,Hindi,बग़ीचे में पेड़ हैं पेड़ पर एक तोता रहता है तोते का रंग हरा है वह लाल टमाटर खाता है,बगीचे में पेड़ है पेड़ पर एक तोता रहता है तोते का रंग हरा है वह लाल टमाटर खाता है,बग़ीचे में पेड़ हैं पेड़ पर एक तोता रहता है तोते का रंग हरा है वह लाल टमाटर खाता है,बगीचे में पेड़ है पेड़ पर एक तोता रहता है तोते का रंग हरा है वह लाल टमाटर खाता है
/home/hp/Indain_children_spech/ASER-Dataset/audio_processed/Hindi RJ/4013/HI_S4_P_1.wav,Hindi,रूपा बाहर खेल रही थी खेलतेखेलते रात हो गई वह अपने घर चली गई रूपा खाना खाकर सो गई,रूपा बाहर खेल रही थी खेलते खेलते रात हो गई वह अप अपने घर चली गई रूपा खाना खाकर सो गई,रूपा बाहर खेल रही थी खेलतेखेलते रात हो गई वह अपने घर चली गई रूपा खाना खाकर सो गई,रूपा बाहर खेल रही थी खेलते खेलते रात हो गई वह अप अपने घर चली गई रूपा खाना खाकर सो गई
/home/hp/Indain_children_spech/ASER-Dataset/audio_processed/Hindi RJ/4025/HI_S1_P_0.wav,Hindi,राधा के पास एक तोता है उसकी चोंच लाल है वह बहुत बोलता है सब को हँसाता है,स,राधा के पास एक तोता है उसकी चोंच लाल है वह बहुत बोलता है सब को हँसाता है,स
/home/hp/Indain_children_spech/ASER-Dataset/audio_processed/Hindi RJ/4026/HI_S1_P_0.wav,Hindi,राधा के पास एक तोता है उसकी चोंच लाल है वह बहुत बोलता है सब को हँसाता है,राधा के पास एक तोता है उसकी चँच लाल है वह बहुत बोलता है सबको हँसाता है,राधा के पास एक तोता है उसकी चोंच लाल है वह बहुत बोलता है सब को हँसाता है,राधा के पास एक तोता है उसकी चँच लाल है वह बहुत बोलता है सबको हँसाता है
/home/hp/Indain_children_spech/ASER-Dataset/audio_processed/Hindi RJ/4026/HI_S1_ST_0.wav,Hindi,बहुत दिनों से बारिश हो रही थी गाँव में सभी जगह गंदा पानी भर गया था सभी बारिश के रुकने की राह देख रहे थे अचानक एक दिन बारिश रुक गई सूरज निकल आया सब लोग खुश हो गये आसमान में चिड़ियाँ उड़ने लगीं लोग अपने कपड़े सुखाने लगे बच्चे भी घरों से बाहर निकलकर खेलने लगे,बहुत दिनों बहुत दिनों से बारिश हो रही थी गाँव में गाँव में सभी जगह गंदा पानी भर गया था सभी बारिश के बारिश के रुकने की राय देख रहे थे अचानक एक दिन बारिश रुक गई सूरज निकल आया सब लोग खुश हो गए आसमान में चिड़िया उड़ने लगी लोग अपने कपड़े सुखाने लगे बच्चे भी घरों से बाहर निकल कर खेलने लगे,बहुत दिनों से बारिश हो रही थी गाँव में सभी जगह गंदा पानी भर गया था सभी बारिश के रुकने की राह देख रहे थे अचानक एक दिन बारिश रुक गई सूरज निकल आया सब लोग खुश हो गये आसमान में चिड़ियाँ उड़ने लगीं लोग अपने कपड़े सुखाने लगे बच्चे भी घरों से बाहर निकलकर खेलने लगे,बहुत दिनों बहुत दिनों से बारिश हो रही थी गाँव में गाँव में सभी जगह गंदा पानी भर गया था सभी बारिश के बारिश के रुकने की राय देख रहे थे अचानक एक दिन बारिश रुक गई सूरज निकल आया सब लोग खुश हो गए आसमान में चिड़िया उड़ने लगी लोग अपने कपड़े सुखाने लगे बच्चे भी घरों से बाहर निकल कर खेलने लगे
/home/hp/Indain_children_spech/ASER-Dataset/audio_processed/Hindi RJ/4026/HI_S1_S_0.wav,English,Where is your house,,where is your house,
/home/hp/Indain_children_spech/ASER-Dataset/audio_processed/Hindi RJ/4026/HI_S1_S_1.wav,English,This is a small bag,,this is a small bag,
/home/hp/Indain_children_spech/ASER-Dataset/audio_processed/Hindi RJ/4026/HI_S1_S_2.wav,English,I like to read,,i like to read,
/home/hp/Indain_children_spech/ASER-Dataset/audio_processed/Hindi RJ/4026/HI_S1_S_3.wav,English,I have a fat dog,,i have a fat dog,
/home/hp/Indain_children_spech/ASER-Dataset/audio_processed/Hindi RJ/4030/HI_S1_P_0.wav,Hindi,राधा के पास एक तोता है उसकी चोंच लाल है वह बहुत बोलता है सब को हँसाता है,अरण सब,राधा के पास एक तोता है उसकी चोंच लाल है वह बहुत बोलता है सब को हँसाता है,अरण सब
/home/hp/Indain_children_spech/ASER-Dataset/audio_processed/Hindi RJ/4047/HI_S4_S_0.wav,English,What is the time,,what is the time,
/home/hp/Indain_children_spech/ASER-Dataset/audio_processed/Hindi RJ/4047/HI_S4_S_1.wav,English,This is a blue shirt,,this is a blue shirt,
/home/hp/Indain_children_spech/ASER-Dataset/audio_processed/Hindi RJ/4047/HI_S4_S_2.wav,English,I like to sleep,,i like to sleep,
/home/hp/Indain_children_spech/ASER-Dataset/audio_processed/Hindi RJ/4047/HI_S4_S_3.wav,English,I have a big house,,i have a big house,
/home/hp/Indain_children_spech/ASER-Dataset/audio_processed/Hindi RJ/4049/HI_S2_P_0.wav,Hindi,सोनी के पास एक माला है उसमें बहुत सारे मोती हैं मोती पीले रंग के हैं सोनी उसे पहनती है,सोने के पास सोनी के पास एक माला है उसमें बहुत सारे मोती है मोती पीले रंग के है सोने सोनी उससे पहनती है,सोनी के पास एक माला है उसमें बहुत सारे मोती हैं मोती पीले रंग के हैं सोनी उसे पहनती है,सोने के पास सोनी के पास एक माला है उसमें बहुत सारे मोती है मोती पीले रंग के है सोने सोनी उससे पहनती है
/home/hp/Indain_children_spech/ASER-Dataset/audio_processed/Hindi RJ/4049/HI_S2_S_1.wav,English,This is a red ball,,this is a red ball,
/home/hp/Indain_children_spech/ASER-Dataset/audio_processed/Hindi RJ/4049/HI_S2_S_2.wav,English,I like to play,,i like to play,
/home/hp/Indain_children_spech/ASER-Dataset/audio_processed/Hindi RJ/4051/HI_S1_P_0.wav,Hindi,राधा के पास एक तोता है उसकी चोंच लाल है वह बहुत बोलता है सब को हँसाता है,ब पस,राधा के पास एक तोता है उसकी चोंच लाल है वह बहुत बोलता है सब को हँसाता है,ब पस
/home/hp/Indain_children_spech/ASER-Dataset/audio_processed/Hindi RJ/4075/HI_S4_P_1.wav,Hindi,रूपा बाहर खेल रही थी खेलतेखेलते रात हो गई वह अपने घर चली गई रूपा खाना खाकर सो गई,रूपा बाहर खेल रही थी खेलते खेलते रात हो गई वह अपने घर चली गई रूपा खाना खाकर सो गई,रूपा बाहर खेल रही थी खेलतेखेलते रात हो गई वह अपने घर चली गई रूपा खाना खाकर सो गई,रूपा बाहर खेल रही थी खेलते खेलते रात हो गई वह अपने घर चली गई रूपा खाना खाकर सो गई
/home/hp/Indain_children_spech/ASER-Dataset/audio_processed/Hindi RJ/4094/HI_S1_P_1.wav,Hindi,माँ ने हलवा बनाया वह बहुत मीठा था उसे सोनी ने खाया खाने के बाद वह सो गई,म लवा हलवा बनाया बनाया व है,माँ ने हलवा बनाया वह बहुत मीठा था उसे सोनी ने खाया खाने के बाद वह सो गई,म लवा हलवा बनाया बनाया व है
/home/hp/Indain_children_spech/ASER-Dataset/audio_processed/Hindi RJ/4108/HI_S2_P_1.wav,Hindi,मीना पढ़ने जाती है राजू भी साथ जाता है दोनों शाम को लौटकर आते हैं घर आकर खाना खाते हैं,अगमे जाती है राजू भी साथ जाता है दोनों शाम को लौट कर आते हैं घर आकर खाना खाते हैं,मीना पढ़ने जाती है राजू भी साथ जाता है दोनों शाम को लौटकर आते हैं घर आकर खाना खाते हैं,अगमे जाती है राजू भी साथ जाता है दोनों शाम को लौट कर आते हैं घर आकर खाना खाते हैं
/home/hp/Indain_children_spech/ASER-Dataset/audio_processed/Hindi RJ/4155/HI_S1_P_1.wav,Hindi,माँ ने हलवा बनाया वह बहुत मीठा था उसे सोनी ने खाया खाने के बाद वह सो गई,मा ने हलावा बनाया हलवा हलवा बनाया वह बहुत मीठा था उस उसे सोनी ने खाया खाने के बाद वह सो गई,माँ ने हलवा बनाया वह बहुत मीठा था उसे सोनी ने खाया खाने के बाद वह सो गई,मा ने हलावा बनाया हलवा हलवा बनाया वह बहुत मीठा था उस उसे सोनी ने खाया खाने के बाद वह सो गई
/home/hp/Indain_children_spech/ASER-Dataset/audio_processed/Hindi RJ/4155/HI_S1_ST_0.wav,Hindi,बहुत दिनों से बारिश हो रही थी गाँव में सभी जगह गंदा पानी भर गया था सभी बारिश के रुकने की राह देख रहे थे अचानक एक दिन बारिश रुक गई सूरज निकल आया सब लोग खुश हो गये आसमान में चिड़ियाँ उड़ने लगीं लोग अपने कपड़े सुखाने लगे बच्चे भी घरों से बाहर निकलकर खेलने लगे,बहुत दिनों से बारिश हो रही थी गाव में सभी जगह गंदा पानी भर गया था सभी बारिश के रुकने की राह दे रहे थे अचानक एक दिन बारिश रुक गई सूरज निकल आया सब लोग खुश हो गए आसमान में चिड़िया उड़ने लगी लोग अपने कपड़े सुखाने लगे बच्चे भी घरों में घरों से बाहर निकल कर खेलने लगे,बहुत दिनों से बारिश हो रही थी गाँव में सभी जगह गंदा पानी भर गया था सभी बारिश के रुकने की राह देख रहे थे अचानक एक दिन बारिश रुक गई सूरज निकल आया सब लोग खुश हो गये आसमान में चिड़ियाँ उड़ने लगीं लोग अपने कपड़े सुखाने लगे बच्चे भी घरों से बाहर निकलकर खेलने लगे,बहुत दिनों से बारिश हो रही थी गाव में सभी जगह गंदा पानी भर गया था सभी बारिश के रुकने की राह दे रहे थे अचानक एक दिन बारिश रुक गई सूरज निकल आया सब लोग खुश हो गए आसमान में चिड़िया उड़ने लगी लोग अपने कपड़े सुखाने लगे बच्चे भी घरों में घरों से बाहर निकल कर खेलने लगे
/home/hp/Indain_children_spech/ASER-Dataset/audio_processed/Hindi RJ/4155/HI_S1_S_0.wav,English,Where is your house,,where is your house,
/home/hp/Indain_children_spech/ASER-Dataset/audio_processed/Hindi RJ/4155/HI_S1_S_1.wav,English,This is a small bag,,this is a small bag,
/home/hp/Indain_children_spech/ASER-Dataset/audio_processed/Hindi RJ/4155/HI_S1_S_2.wav,English,I like to read,,i like to read,
/home/hp/Indain_children_spech/ASER-Dataset/audio_processed/Hindi RJ/4155/HI_S1_S_3.wav,English,I have a fat dog,,i have a fat dog,
/home/hp/Indain_children_spech/ASER-Dataset/audio_processed/Hindi RJ/4166/HI_S3_P_1.wav,Hindi,काले बादल छाए हैं तेज़ बारिश हो रही है मोर भी नाच रहा है सब नाच देख रहे हैं,काले बादल छाई है तेज बारिश हो रही है मोर भी नाच रहा है सब नाच देख रहे हैं,काले बादल छाए हैं तेज़ बारिश हो रही है मोर भी नाच रहा है सब नाच देख रहे हैं,काले बादल छाई है तेज बारिश हो रही है मोर भी नाच रहा है सब नाच देख रहे हैं
/home/hp/Indain_children_spech/ASER-Dataset/audio_processed/Hindi RJ/4166/HI_S3_S_0.wav,English,Where is your house,,where is your house,
/home/hp/Indain_children_spech/ASER-Dataset/audio_processed/Hindi RJ/4166/HI_S3_S_1.wav,English,This is a big bus,,this is a big bus,
/home/hp/Indain_children_spech/ASER-Dataset/audio_processed/Hindi RJ/4166/HI_S3_S_2.wav,English,I like to sing,,i like to sing,
/home/hp/Indain_children_spech/ASER-Dataset/audio_processed/Hindi RJ/4166/HI_S3_S_3.wav,English,I have a fat cat,,i have a fat cat,
/home/hp/Indain_children_spech/ASER-Dataset/audio_processed/Hindi RJ/4176/HI_S1_P_0.wav,Hindi,राधा के पास एक तोता है उसकी चोंच लाल है वह बहुत बोलता है सब को हँसाता है,उ,राधा के पास एक तोता है उसकी चोंच लाल है वह बहुत बोलता है सब को हँसाता है,उ
/home/hp/Indain_children_spech/ASER-Dataset/audio_processed/Hindi RJ/4188/HI_S4_P_0.wav,Hindi,बग़ीचे में पेड़ हैं पेड़ पर एक तोता रहता है तोते का रंग हरा है वह लाल टमाटर खाता है,बगीचे में बगीचे में पेड़ है पेड़ पर एक तोता रहता है तोता का रंग हरा है वह लाल टमाटर खाता है,बग़ीचे में पेड़ हैं पेड़ पर एक तोता रहता है तोते का रंग हरा है वह लाल टमाटर खाता है,बगीचे में बगीचे में पेड़ है पेड़ पर एक तोता रहता है तोता का रंग हरा है वह लाल टमाटर खाता है
/home/hp/Indain_children_spech/ASER-Dataset/audio_processed/Hindi RJ/4188/HI_S4_S_0.wav,English,What is the time,,what is the time,
/home/hp/Indain_children_spech/ASER-Dataset/audio_processed/Hindi RJ/4188/HI_S4_S_1.wav,English,This is a blue shirt,,this is a blue shirt,
/home/hp/Indain_children_spech/ASER-Dataset/audio_processed/Hindi RJ/4188/HI_S4_S_2.wav,English,I like to sleep,,i like to sleep,
/home/hp/Indain_children_spech/ASER-Dataset/audio_processed/Hindi RJ/4188/HI_S4_S_3.wav,English,I have a big house,,i have a big house,
/home/hp/Indain_children_spech/ASER-Dataset/audio_processed/Hindi RJ/4189/HI_S1_P_0.wav,Hindi,राधा के पास एक तोता है उसकी चोंच लाल है वह बहुत बोलता है सब को हँसाता है,राजा के पास हित होता है उसकी सोच लाल है सोच लाल है वह बहुत बोलता है वह सबको हँसाता है,राधा के पास एक तोता है उसकी चोंच लाल है वह बहुत बोलता है सब को हँसाता है,राजा के पास हित होता है उसकी सोच लाल है सोच लाल है वह बहुत बोलता है वह सबको हँसाता है
/home/hp/Indain_children_spech/ASER-Dataset/audio_processed/Hindi RJ/4189/HI_S1_ST_0.wav,Hindi,बहुत दिनों से बारिश हो रही थी गाँव में सभी जगह गंदा पानी भर गया था सभी बारिश के रुकने की राह देख रहे थे अचानक एक दिन बारिश रुक गई सूरज निकल आया सब लोग खुश हो गये आसमान में चिड़ियाँ उड़ने लगीं लोग अपने कपड़े सुखाने लगे बच्चे भी घरों से बाहर निकलकर खेलने लगे,बहुत से दिनों से बारिश हो बारिश हो रही थी गाँव में सभी जगह गंदा पानी भर गया था सभी बारिश के रुकने की राह देख रहे थे अचानक एक दिन बारिश रुक गई सूरज निकल आया सब लोग खश हुए आसमान में चिड़िया उड़ने लगी और लोग अपने कपड़े सुखाने लगे बच्चे भी घर से बाहर निकल निकल कर खेलने लगे,बहुत दिनों से बारिश हो रही थी गाँव में सभी जगह गंदा पानी भर गया था सभी बारिश के रुकने की राह देख रहे थे अचानक एक दिन बारिश रुक गई सूरज निकल आया सब लोग खुश हो गये आसमान में चिड़ियाँ उड़ने लगीं लोग अपने कपड़े सुखाने लगे बच्चे भी घरों से बाहर निकलकर खेलने लगे,बहुत से दिनों से बारिश हो बारिश हो रही थी गाँव में सभी जगह गंदा पानी भर गया था सभी बारिश के रुकने की राह देख रहे थे अचानक एक दिन बारिश रुक गई सूरज निकल आया सब लोग खश हुए आसमान में चिड़िया उड़ने लगी और लोग अपने कपड़े सुखाने लगे बच्चे भी घर से बाहर निकल निकल कर खेलने लगे
/home/hp/Indain_children_spech/ASER-Dataset/audio_processed/Hindi RJ/4208/HI_S2_P_0.wav,Hindi,सोनी के पास एक माला है उसमें बहुत सारे मोती हैं मोती पीले रंग के हैं सोनी उसे पहनती है,क्या बोल,सोनी के पास एक माला है उसमें बहुत सारे मोती हैं मोती पीले रंग के हैं सोनी उसे पहनती है,क्या बोल
/home/hp/Indain_children_spech/ASER-Dataset/audio_processed/Hindi RJ/4220/HI_S2_P_0.wav,Hindi,सोनी के पास एक माला है उसमें बहुत सारे मोती हैं मोती पीले रंग के हैं सोनी उसे पहनती है,सोनी ने पास एक माला है उसमें बहुत सारे मोती है मोती पीले रंग के है सोनी उसे पहनती है,सोनी के पास एक माला है उसमें बहुत सारे मोती हैं मोती पीले रंग के हैं सोनी उसे पहनती है,सोनी ने पास एक माला है उसमें बहुत सारे मोती है मोती पीले रंग के है सोनी उसे पहनती है
/home/hp/Indain_children_spech/ASER-Dataset/audio_processed/Hindi RJ/4243/HI_S1_P_0.wav,Hindi,राधा के पास एक तोता है उसकी चोंच लाल है वह बहुत बोलता है सब को हँसाता है,राधा के पास एक तोता है उसकी चोच लाल है वह बहुत बोरता है सब सबक ह हँसाता है,राधा के पास एक तोता है उसकी चोंच लाल है वह बहुत बोलता है सब को हँसाता है,राधा के पास एक तोता है उसकी चोच लाल है वह बहुत बोरता है सब सबक ह हँसाता है
/home/hp/Indain_children_spech/ASER-Dataset/audio_processed/Hindi RJ/4243/HI_S1_S_0.wav,English,Where is your house,,where is your house,
/home/hp/Indain_children_spech/ASER-Dataset/audio_processed/Hindi RJ/4243/HI_S1_S_1.wav,English,This is a small bag,,this is a small bag,
/home/hp/Indain_children_spech/ASER-Dataset/audio_processed/Hindi RJ/4243/HI_S1_S_2.wav,English,I like to read,,i like to read,
/home/hp/Indain_children_spech/ASER-Dataset/audio_processed/Hindi RJ/4243/HI_S1_S_3.wav,English,I have a fat dog,,i have a fat dog,
/home/hp/Indain_children_spech/ASER-Dataset/audio_processed/Hindi RJ/4264/HI_S2_P_0.wav,Hindi,सोनी के पास एक माला है उसमें बहुत सारे मोती हैं मोती पीले रंग के हैं सोनी उसे पहनती है,टोनी के पास एक माला है उसमें बहुत सारी मोती है मोती पीले रंग के है टोनी उसे पहनती है,सोनी के पास एक माला है उसमें बहुत सारे मोती हैं मोती पीले रंग के हैं सोनी उसे पहनती है,टोनी के पास एक माला है उसमें बहुत सारी मोती है मोती पीले रंग के है टोनी उसे पहनती है
/home/hp/Indain_children_spech/ASER-Dataset/audio_processed/Hindi RJ/4264/HI_S2_S_0.wav,English,What is the time,,what is the time,
/home/hp/Indain_children_spech/ASER-Dataset/audio_processed/Hindi RJ/4264/HI_S2_S_2.wav,English,I like to play,,i like to play,
/home/hp/Indain_children_spech/ASER-Dataset/audio_processed/Hindi RJ/4264/HI_S2_S_3.wav,English,I have a small house,,i have a small house,
/home/hp/Indain_children_spech/ASER-Dataset/audio_processed/Hindi RJ/4264/HI_S2_S_1.wav,English,This is a red ball,,this is a red ball,
/home/hp/Indain_children_spech/ASER-Dataset/audio_processed/Hindi RJ/4267/HI_S4_P_0.wav,Hindi,बग़ीचे में पेड़ हैं पेड़ पर एक तोता रहता है तोते का रंग हरा है वह लाल टमाटर खाता है,अच्छा पढ़ो,बग़ीचे में पेड़ हैं पेड़ पर एक तोता रहता है तोते का रंग हरा है वह लाल टमाटर खाता है,अच्छा पढ़ो
/home/hp/Indain_children_spech/ASER-Dataset/audio_processed/Hindi RJ/4298/HI_S1_P_0.wav,Hindi,राधा के पास एक तोता है उसकी चोंच लाल है वह बहुत बोलता है सब को हँसाता है,राजदा के पास एक तोता है उसकी चोंच लाल है वह बहुत बोलता है सबको हँसाता है,राधा के पास एक तोता है उसकी चोंच लाल है वह बहुत बोलता है सब को हँसाता है,राजदा के पास एक तोता है उसकी चोंच लाल है वह बहुत बोलता है सबको हँसाता है
/home/hp/Indain_children_spech/ASER-Dataset/audio_processed/Hindi RJ/4298/HI_S1_ST_0.wav,Hindi,बहुत दिनों से बारिश हो रही थी गाँव में सभी जगह गंदा पानी भर गया था सभी बारिश के रुकने की राह देख रहे थे अचानक एक दिन बारिश रुक गई सूरज निकल आया सब लोग खुश हो गये आसमान में चिड़ियाँ उड़ने लगीं लोग अपने कपड़े सुखाने लगे बच्चे भी घरों से बाहर निकलकर खेलने लगे,बहुत दिनों से बारिश हो रही थी गाँव में सभी जगह गंदा पानी भर गया था सभी बारिश के रुकने की राह देख रहे थे अचानक एक दिन बारिश रुक गई सूरज निकल आया सब लोग खुश हो गए आसमान में चिड़िया उड़ने लगी लोग अपने कपड़े सुखाने लगे बच्चे भी घरों से बाहर निकल कर खेलने लगे,बहुत दिनों से बारिश हो रही थी गाँव में सभी जगह गंदा पानी भर गया था सभी बारिश के रुकने की राह देख रहे थे अचानक एक दिन बारिश रुक गई सूरज निकल आया सब लोग खुश हो गये आसमान में चिड़ियाँ उड़ने लगीं लोग अपने कपड़े सुखाने लगे बच्चे भी घरों से बाहर निकलकर खेलने लगे,बहुत दिनों से बारिश हो रही थी गाँव में सभी जगह गंदा पानी भर गया था सभी बारिश के रुकने की राह देख रहे थे अचानक एक दिन बारिश रुक गई सूरज निकल आया सब लोग खुश हो गए आसमान में चिड़िया उड़ने लगी लोग अपने कपड़े सुखाने लगे बच्चे भी घरों से बाहर निकल कर खेलने लगे
/home/hp/Indain_children_spech/ASER-Dataset/audio_processed/Hindi RJ/4298/HI_S1_S_0.wav,English,Where is your house,,where is your house,
/home/hp/Indain_children_spech/ASER-Dataset/audio_processed/Hindi RJ/4298/HI_S1_S_1.wav,English,This is a small bag,,this is a small bag,
/home/hp/Indain_children_spech/ASER-Dataset/audio_processed/Hindi RJ/4298/HI_S1_S_2.wav,English,I like to read,,i like to read,
/home/hp/Indain_children_spech/ASER-Dataset/audio_processed/Hindi RJ/4298/HI_S1_S_3.wav,English,I have a fat dog,,i have a fat dog,
/home/hp/Indain_children_spech/ASER-Dataset/audio_processed/Hindi RJ/4300/HI_S3_P_1.wav,Hindi,काले बादल छाए हैं तेज़ बारिश हो रही है मोर भी नाच रहा है सब नाच देख रहे हैं,काले बादल छाए हैं तेज बारिश हो रही है मोर भी नाच रहे हैं सब नाच देख रहे हैं,काले बादल छाए हैं तेज़ बारिश हो रही है मोर भी नाच रहा है सब नाच देख रहे हैं,काले बादल छाए हैं तेज बारिश हो रही है मोर भी नाच रहे हैं सब नाच देख रहे हैं
/home/hp/Indain_children_spech/ASER-Dataset/audio_processed/Hindi RJ/4300/HI_S3_S_2.wav,English,I like to sing,,i like to sing,
/home/hp/Indain_children_spech/ASER-Dataset/audio_processed/Hindi RJ/4300/HI_S3_S_1.wav,English,This is a big bus,,this is a big bus,
/home/hp/Indain_children_spech/ASER-Dataset/audio_processed/Hindi RJ/4300/HI_S3_S_3.wav,English,I have a fat cat,,i have a fat cat,
/home/hp/Indain_children_spech/ASER-Dataset/audio_processed/Hindi RJ/4300/HI_S3_S_0.wav,English,Where is your house,,where is your house,
/home/hp/Indain_children_spech/ASER-Dataset/audio_processed/Hindi RJ/4312/HI_S2_P_0.wav,Hindi,सोनी के पास एक माला है उसमें बहुत सारे मोती हैं मोती पीले रंग के हैं सोनी उसे पहनती है,सोनी के पास एक माला है उसमें बहुत सारे मोती है मोती पीले रंग के है सोनी उसे पहनती है,सोनी के पास एक माला है उसमें बहुत सारे मोती हैं मोती पीले रंग के हैं सोनी उसे पहनती है,सोनी के पास एक माला है उसमें बहुत सारे मोती है मोती पीले रंग के है सोनी उसे पहनती है
/home/hp/Indain_children_spech/ASER-Dataset/audio_processed/Hindi RJ/4312/HI_S2_ST_0.wav,Hindi,सावन का महीना था आसमान में बहुत से काले बादल छाये थे ठंडी ठंडी हवा चल रही थी मैंने सोचा आज झूला झूलते हैं बड़े भैया एक मोटी सी रस्सी लेकर आए हमने उसे पेड़ से लटका कर झूला बनाया सब ने मिलकर खूब झूला झूला बहुत सारे बच्चे आकर मज़े से खेलने लगे खेलतेखेलते रात हो गई,आसमान आसमान में आसमान में बहुत से काले बादल छाए थे ठंडी ठंडी हवा चल रही थी मैंने सोचा आज झूला झूलते हैं बड़े भैया एक मोटी सी रस्सी लेकर आए हमने उसे पेड़ से लट लटका कर झूला बनाया सबने मिलकर खूब झूला झूला बहुत सारे बच्चे आकर मज़े से खेलने लगे खेलते खेलते रात हो गई,सावन का महीना था आसमान में बहुत से काले बादल छाये थे ठंडी ठंडी हवा चल रही थी मैंने सोचा आज झूला झूलते हैं बड़े भैया एक मोटी सी रस्सी लेकर आए हमने उसे पेड़ से लटका कर झूला बनाया सब ने मिलकर खूब झूला झूला बहुत सारे बच्चे आकर मज़े से खेलने लगे खेलतेखेलते रात हो गई,आसमान आसमान में आसमान में बहुत से काले बादल छाए थे ठंडी ठंडी हवा चल रही थी मैंने सोचा आज झूला झूलते हैं बड़े भैया एक मोटी सी रस्सी लेकर आए हमने उसे पेड़ से लट लटका कर झूला बनाया सबने मिलकर खूब झूला झूला बहुत सारे बच्चे आकर मज़े से खेलने लगे खेलते खेलते रात हो गई
/home/hp/Indain_children_spech/ASER-Dataset/audio_processed/Hindi RJ/4316/HI_S2_P_0.wav,Hindi,सोनी के पास एक माला है उसमें बहुत सारे मोती हैं मोती पीले रंग के हैं सोनी उसे पहनती है,सोनी के पास एक माला है उसमें बहुत सारे मोती है मोती पीले रंग के है सोनी उसे पहनती है,सोनी के पास एक माला है उसमें बहुत सारे मोती हैं मोती पीले रंग के हैं सोनी उसे पहनती है,सोनी के पास एक माला है उसमें बहुत सारे मोती है मोती पीले रंग के है सोनी उसे पहनती है
/home/hp/Indain_children_spech/ASER-Dataset/audio_processed/Hindi RJ/4316/HI_S2_ST_0.wav,Hindi,सावन का महीना था आसमान में बहुत से काले बादल छाये थे ठंडी ठंडी हवा चल रही थी मैंने सोचा आज झूला झूलते हैं बड़े भैया एक मोटी सी रस्सी लेकर आए हमने उसे पेड़ से लटका कर झूला बनाया सब ने मिलकर खूब झूला झूला बहुत सारे बच्चे आकर मज़े से खेलने लगे खेलतेखेलते रात हो गई,सावन का महीना था आसमान में बहुत से काले बादल छाए थे ठंडी ठंडी हवा चल रही थी मैंने सोचा आज झूला झूलते हैं बड़े भैया एक मोटी सी रस्सी लेकर आए हमने उसे पेड़ से लटका कर झूला बनाया सबने मिलकर खूब झूला झूला बहुत सारे बच्चे आकर मजे से खेलने लगे खेलते खेलते रात हो गई,सावन का महीना था आसमान में बहुत से काले बादल छाये थे ठंडी ठंडी हवा चल रही थी मैंने सोचा आज झूला झूलते हैं बड़े भैया एक मोटी सी रस्सी लेकर आए हमने उसे पेड़ से लटका कर झूला बनाया सब ने मिलकर खूब झूला झूला बहुत सारे बच्चे आकर मज़े से खेलने लगे खेलतेखेलते रात हो गई,सावन का महीना था आसमान में बहुत से काले बादल छाए थे ठंडी ठंडी हवा चल रही थी मैंने सोचा आज झूला झूलते हैं बड़े भैया एक मोटी सी रस्सी लेकर आए हमने उसे पेड़ से लटका कर झूला बनाया सबने मिलकर खूब झूला झूला बहुत सारे बच्चे आकर मजे से खेलने लगे खेलते खेलते रात हो गई
/home/hp/Indain_children_spech/ASER-Dataset/audio_processed/Hindi RJ/4316/HI_S2_S_0.wav,English,What is the time,,what is the time,
/home/hp/Indain_children_spech/ASER-Dataset/audio_processed/Hindi RJ/4316/HI_S2_S_1.wav,English,This is a red ball,,this is a red ball,
/home/hp/Indain_children_spech/ASER-Dataset/audio_processed/Hindi RJ/4339/HI_S3_P_1.wav,Hindi,काले बादल छाए हैं तेज़ बारिश हो रही है मोर भी नाच रहा है सब नाच देख रहे हैं,पढ़ो इसको मान सर य इसकी तो कबको दे दू सर,काले बादल छाए हैं तेज़ बारिश हो रही है मोर भी नाच रहा है सब नाच देख रहे हैं,पढ़ो इसको मान सर य इसकी तो कबको दे दू सर
/home/hp/Indain_children_spech/ASER-Dataset/audio_processed/Hindi RJ/4376/HI_S3_P_0.wav,Hindi,नीतू के घर में गाय है उसका रंग सफ़ेद है गाय हरी घास खाती है वह बहुत दूध देती है,,नीतू के घर में गाय है उसका रंग सफ़ेद है गाय हरी घास खाती है वह बहुत दूध देती है,
/home/hp/Indain_children_spech/ASER-Dataset/audio_processed/Hindi RJ/4379/HI_S4_P_0.wav,Hindi,बग़ीचे में पेड़ हैं पेड़ पर एक तोता रहता है तोते का रंग हरा है वह लाल टमाटर खाता है,बगीचे में पेड़ पेड़ पर एक तोता है तोते का रंग र है वह लाल टमाटर खाता है,बग़ीचे में पेड़ हैं पेड़ पर एक तोता रहता है तोते का रंग हरा है वह लाल टमाटर खाता है,बगीचे में पेड़ पेड़ पर एक तोता है तोते का रंग र है वह लाल टमाटर खाता है
/home/hp/Indain_children_spech/ASER-Dataset/audio_processed/Hindi RJ/4379/HI_S4_ST_0.wav,Hindi,रामपुर में कुछ ज़मीन ख़ाली थी वहाँ कुछ नहीं उगता था वहाँ कोई खेलने नहीं जाता था एक दिन कुछ लोग आए उन्होंने गाँव के लोगों को बुलाया सबने मिलकर तय किया कि यहाँ बग़ीचा बनाया जाए खाद मंगाकर हर तरह के पौधे लगाये गए सही समय पर पानी दिया गया आज वहाँ एक सुंदर बग़ीचा है इसलिए वहाँ सब खेलने जाते हैं,रामपुर में कुछ जमीन खाली थी वहाँ कुछ नहीं उगता था वहाँ कोई खेल से खेलने नहीं जाता था एक दिन कुछ लोग आए उन्होंने गाँव के लोगों को बुलाया सब ने मिलकर तय किया कि यहाँ बगीचा बनाया जाए खाद मंगा कर हर तरह के पौधे लगाए गए सही समय पर पानी दिया गया आज वहाँ एक सुंदर बगीचा है इसलिए वहाँ सब खेलते खेलने जाते हैं,रामपुर में कुछ ज़मीन ख़ाली थी वहाँ कुछ नहीं उगता था वहाँ कोई खेलने नहीं जाता था एक दिन कुछ लोग आए उन्होंने गाँव के लोगों को बुलाया सबने मिलकर तय किया कि यहाँ बग़ीचा बनाया जाए खाद मंगाकर हर तरह के पौधे लगाये गए सही समय पर पानी दिया गया आज वहाँ एक सुंदर बग़ीचा है इसलिए वहाँ सब खेलने जाते हैं,रामपुर में कुछ जमीन खाली थी वहाँ कुछ नहीं उगता था वहाँ कोई खेल से खेलने नहीं जाता था एक दिन कुछ लोग आए उन्होंने गाँव के लोगों को बुलाया सब ने मिलकर तय किया कि यहाँ बगीचा बनाया जाए खाद मंगा कर हर तरह के पौधे लगाए गए सही समय पर पानी दिया गया आज वहाँ एक सुंदर बगीचा है इसलिए वहाँ सब खेलते खेलने जाते हैं
/home/hp/Indain_children_spech/ASER-Dataset/audio_processed/Hindi RJ/4379/HI_S4_S_0.wav,English,What is the time,,what is the time,
/home/hp/Indain_children_spech/ASER-Dataset/audio_processed/Hindi RJ/4379/HI_S4_S_1.wav,English,This is a blue shirt,,this is a blue shirt,
/home/hp/Indain_children_spech/ASER-Dataset/audio_processed/Hindi RJ/4379/HI_S4_S_2.wav,English,I like to sleep,,i like to sleep,
/home/hp/Indain_children_spech/ASER-Dataset/audio_processed/Hindi RJ/4379/HI_S4_S_3.wav,English,I have a big house,,i have a big house,
/home/hp/Indain_children_spech/ASER-Dataset/audio_processed/Hindi RJ/4409/HI_S1_P_0.wav,Hindi,राधा के पास एक तोता है उसकी चोंच लाल है वह बहुत बोलता है सब को हँसाता है,राराद के पास पास एक तोता तोता है उ कि उसकी चोच चोच लाल लाल है बह वह बहुत बहुत बोला था बोलाता है व ब सब को हैाता है,राधा के पास एक तोता है उसकी चोंच लाल है वह बहुत बोलता है सब को हँसाता है,राराद के पास पास एक तोता तोता है उ कि उसकी चोच चोच लाल लाल है बह वह बहुत बहुत बोला था बोलाता है व ब सब को हैाता है
/home/hp/Indain_children_spech/ASER-Dataset/audio_processed/Hindi RJ/4415/HI_S4_P_1.wav,Hindi,रूपा बाहर खेल रही थी खेलतेखेलते रात हो गई वह अपने घर चली गई रूपा खाना खाकर सो गई,रूपा बाहर खेल रही थी खेलते खेलते रात हो गई वह अपने घर चल गई रूपा खाना से खाकर सो गई,रूपा बाहर खेल रही थी खेलतेखेलते रात हो गई वह अपने घर चली गई रूपा खाना खाकर सो गई,रूपा बाहर खेल रही थी खेलते खेलते रात हो गई वह अपने घर चल गई रूपा खाना से खाकर सो गई
/home/hp/Indain_children_spech/ASER-Dataset/audio_processed/Hindi RJ/4415/HI_S4_S_2.wav,English,I like to sleep,,i like to sleep,
/home/hp/Indain_children_spech/ASER-Dataset/audio_processed/Hindi RJ/4421/HI_S3_P_0.wav,Hindi,नीतू के घर में गाय है उसका रंग सफ़ेद है गाय हरी घास खाती है वह बहुत दूध देती है,आठ साल का मम्म तो बोल ते मुझेब पता पड़ा,नीतू के घर में गाय है उसका रंग सफ़ेद है गाय हरी घास खाती है वह बहुत दूध देती है,आठ साल का मम्म तो बोल ते मुझेब पता पड़ा
/home/hp/Indain_children_spech/ASER-Dataset/audio_processed/Hindi RJ/4425/HI_S4_P_0.wav,Hindi,बग़ीचे में पेड़ हैं पेड़ पर एक तोता रहता है तोते का रंग हरा है वह लाल टमाटर खाता है,बगचे में पे है पेड़ पर एक तोता रहता है तोते का घघर रंग हरा है वह लाल टमाटर खाता है,बग़ीचे में पेड़ हैं पेड़ पर एक तोता रहता है तोते का रंग हरा है वह लाल टमाटर खाता है,बगचे में पे है पेड़ पर एक तोता रहता है तोते का घघर रंग हरा है वह लाल टमाटर खाता है
/home/hp/Indain_children_spech/ASER-Dataset/audio_processed/Hindi RJ/4432/HI_S3_P_1.wav,Hindi,काले बादल छाए हैं तेज़ बारिश हो रही है मोर भी नाच रहा है सब नाच देख रहे हैं,काले बादल छाए हैं तेज बारिश हो रही है मोर भी नाच रहा है सब नाच देख रहे हैं,काले बादल छाए हैं तेज़ बारिश हो रही है मोर भी नाच रहा है सब नाच देख रहे हैं,काले बादल छाए हैं तेज बारिश हो रही है मोर भी नाच रहा है सब नाच देख रहे हैं
/home/hp/Indain_children_spech/ASER-Dataset/audio_processed/Hindi RJ/4432/HI_S3_ST_0.wav,Hindi,विमला और अजय मेला देखने गये उन्हें मेले में तरहतरह की दुकाने दिखीं मेले में बहुत झूले थे वहाँ गरमगरम हलवा और जलेबियाँ भी बिक रहीं थीं जलेबी देखकर दोनों के मुँह में पानी आने लगा उन्हें जलेबी खाने का मन हुआ विमला ने जलेबी खरीदी दोनों दोस्तों ने मिलकर जलेबी खाई शाम को दोनों घर लौट आये,विमला और अजय मेला देखने गए उन्ह उन्हें मेले में तरह तरह की दुकानें दिखीं मेले में बहुत झूले थे वहाँ गर्म गर्म हलवा और जलेबियाँ भी बिक रही थीं जलेबी देख कर दोनों के मुँह में पानी आने लगा उन्हें जलेबी खाने का मन हुआ विमला ने जलेबी खरीदी दोनों दोस्तों ने मिलकर जलेबी खाई शाम को दोनों ग घर लौट आए,विमला और अजय मेला देखने गये उन्हें मेले में तरहतरह की दुकाने दिखीं मेले में बहुत झूले थे वहाँ गरमगरम हलवा और जलेबियाँ भी बिक रहीं थीं जलेबी देखकर दोनों के मुँह में पानी आने लगा उन्हें जलेबी खाने का मन हुआ विमला ने जलेबी खरीदी दोनों दोस्तों ने मिलकर जलेबी खाई शाम को दोनों घर लौट आये,विमला और अजय मेला देखने गए उन्ह उन्हें मेले में तरह तरह की दुकानें दिखीं मेले में बहुत झूले थे वहाँ गर्म गर्म हलवा और जलेबियाँ भी बिक रही थीं जलेबी देख कर दोनों के मुँह में पानी आने लगा उन्हें जलेबी खाने का मन हुआ विमला ने जलेबी खरीदी दोनों दोस्तों ने मिलकर जलेबी खाई शाम को दोनों ग घर लौट आए
/home/hp/Indain_children_spech/ASER-Dataset/audio_processed/Hindi RJ/4447/HI_S1_P_1.wav,Hindi,माँ ने हलवा बनाया वह बहुत मीठा था उसे सोनी ने खाया खाने के बाद वह सो गई,माँ ने हलवा बनाया यह बहुत मीठा था उसे सोनी ने खाया खाने के बाद वह सो गई,माँ ने हलवा बनाया वह बहुत मीठा था उसे सोनी ने खाया खाने के बाद वह सो गई,माँ ने हलवा बनाया यह बहुत मीठा था उसे सोनी ने खाया खाने के बाद वह सो गई
/home/hp/Indain_children_spech/ASER-Dataset/audio_processed/Hindi RJ/4447/HI_S1_ST_0.wav,Hindi,बहुत दिनों से बारिश हो रही थी गाँव में सभी जगह गंदा पानी भर गया था सभी बारिश के रुकने की राह देख रहे थे अचानक एक दिन बारिश रुक गई सूरज निकल आया सब लोग खुश हो गये आसमान में चिड़ियाँ उड़ने लगीं लोग अपने कपड़े सुखाने लगे बच्चे भी घरों से बाहर निकलकर खेलने लगे,बहुत दिनों से बारिश हो रही थी गाँव में सभी जगह गंदा पानी भर गया था सभी बारिश के रुकने की राह देख रहे थे अचानक एक दिन बारिश रुक गई सूरज निकल आया सब लोग खुश हो गए आसमान में चिड़ियाँ उड़ने लगीं लोग अपने कपड़े सुखाने लगे बच्चे भी घरों से बाहर निकल कर खो खेलने लगे,बहुत दिनों से बारिश हो रही थी गाँव में सभी जगह गंदा पानी भर गया था सभी बारिश के रुकने की राह देख रहे थे अचानक एक दिन बारिश रुक गई सूरज निकल आया सब लोग खुश हो गये आसमान में चिड़ियाँ उड़ने लगीं लोग अपने कपड़े सुखाने लगे बच्चे भी घरों से बाहर निकलकर खेलने लगे,बहुत दिनों से बारिश हो रही थी गाँव में सभी जगह गंदा पानी भर गया था सभी बारिश के रुकने की राह देख रहे थे अचानक एक दिन बारिश रुक गई सूरज निकल आया सब लोग खुश हो गए आसमान में चिड़ियाँ उड़ने लगीं लोग अपने कपड़े सुखाने लगे बच्चे भी घरों से बाहर निकल कर खो खेलने लगे
/home/hp/Indain_children_spech/ASER-Dataset/audio_processed/Hindi RJ/4447/HI_S1_S_0.wav,English,Where is your house,,where is your house,
/home/hp/Indain_children_spech/ASER-Dataset/audio_processed/Hindi RJ/4447/HI_S1_S_1.wav,English,This is a small bag,,this is a small bag,
/home/hp/Indain_children_spech/ASER-Dataset/audio_processed/Hindi RJ/4447/HI_S1_S_2.wav,English,I like to read,,i like to read,
/home/hp/Indain_children_spech/ASER-Dataset/audio_processed/Hindi RJ/4447/HI_S1_S_3.wav,English,I have a fat dog,,i have a fat dog,
/home/hp/Indain_children_spech/ASER-Dataset/audio_processed/Hindi RJ/4448/HI_S3_P_0.wav,Hindi,नीतू के घर में गाय है उसका रंग सफ़ेद है गाय हरी घास खाती है वह बहुत दूध देती है,नीतू के घर में गाय है उसका रंग सफ़ेद है गाय हरी घास खाती है वह बहुत दूध देहती है,नीतू के घर में गाय है उसका रंग सफ़ेद है गाय हरी घास खाती है वह बहुत दूध देती है,नीतू के घर में गाय है उसका रंग सफ़ेद है गाय हरी घास खाती है वह बहुत दूध देहती है
/home/hp/Indain_children_spech/ASER-Dataset/audio_processed/Hindi RJ/4452/HI_S3_P_0.wav,Hindi,नीतू के घर में गाय है उसका रंग सफ़ेद है गाय हरी घास खाती है वह बहुत दूध देती है,के घर में ग है उसका रंग सफ़ेद है गाय हरा चारा खाती है मै बहुत दूध देती है,नीतू के घर में गाय है उसका रंग सफ़ेद है गाय हरी घास खाती है वह बहुत दूध देती है,के घर में ग है उसका रंग सफ़ेद है गाय हरा चारा खाती है मै बहुत दूध देती है
/home/hp/Indain_children_spech/ASER-Dataset/audio_processed/Hindi RJ/4452/HI_S3_S_2.wav,English,I like to sing,,i like to sing,
/home/hp/Indain_children_spech/ASER-Dataset/audio_processed/Hindi RJ/4452/HI_S3_S_3.wav,English,I have a fat cat,,i have a fat cat,
/home/hp/Indain_children_spech/ASER-Dataset/audio_processed/Hindi RJ/4453/HI_S2_P_0.wav,Hindi,सोनी के पास एक माला है उसमें बहुत सारे मोती हैं मोती पीले रंग के हैं सोनी उसे पहनती है,सोनी के पास एक माला है इसमें बहुत सारे मोती है मोती पीले रंग के है सोनी उसे पहनती है,सोनी के पास एक माला है उसमें बहुत सारे मोती हैं मोती पीले रंग के हैं सोनी उसे पहनती है,सोनी के पास एक माला है इसमें बहुत सारे मोती है मोती पीले रंग के है सोनी उसे पहनती है
/home/hp/Indain_children_spech/ASER-Dataset/audio_processed/Hindi RJ/4453/HI_S2_ST_0.wav,Hindi,सावन का महीना था आसमान में बहुत से काले बादल छाये थे ठंडी ठंडी हवा चल रही थी मैंने सोचा आज झूला झूलते हैं बड़े भैया एक मोटी सी रस्सी लेकर आए हमने उसे पेड़ से लटका कर झूला बनाया सब ने मिलकर खूब झूला झूला बहुत सारे बच्चे आकर मज़े से खेलने लगे खेलतेखेलते रात हो गई,सावन का महीना था आसमान में बहुत से काले बादल छाए थे ठंडी ठंडी हवा चल रही थी मैंने सोचा आज झूला झूलते हैं बड़े ब एक मोटी सी रस्सी ले आय हमने उसे पे से लटका कर झूला बनाया जब सब ने मिलकर खूब झूला झूला बहुत सारे बच्चे आकर मजे से खेलने लगे खेलते खेलते रात हो गय,सावन का महीना था आसमान में बहुत से काले बादल छाये थे ठंडी ठंडी हवा चल रही थी मैंने सोचा आज झूला झूलते हैं बड़े भैया एक मोटी सी रस्सी लेकर आए हमने उसे पेड़ से लटका कर झूला बनाया सब ने मिलकर खूब झूला झूला बहुत सारे बच्चे आकर मज़े से खेलने लगे खेलतेखेलते रात हो गई,सावन का महीना था आसमान में बहुत से काले बादल छाए थे ठंडी ठंडी हवा चल रही थी मैंने सोचा आज झूला झूलते हैं बड़े ब एक मोटी सी रस्सी ले आय हमने उसे पे से लटका कर झूला बनाया जब सब ने मिलकर खूब झूला झूला बहुत सारे बच्चे आकर मजे से खेलने लगे खेलते खेलते रात हो गय
/home/hp/Indain_children_spech/ASER-Dataset/audio_processed/Hindi RJ/4453/HI_S2_S_0.wav,English,What is the time,,what is the time,
/home/hp/Indain_children_spech/ASER-Dataset/audio_processed/Hindi RJ/4453/HI_S2_S_1.wav,English,This is a red ball,,this is a red ball,
/home/hp/Indain_children_spech/ASER-Dataset/audio_processed/Hindi RJ/4453/HI_S2_S_2.wav,English,I like to play,,i like to play,
/home/hp/Indain_children_spech/ASER-Dataset/audio_processed/Hindi RJ/4453/HI_S2_S_3.wav,English,I have a small house,,i have a small house,
/home/hp/Indain_children_spech/ASER-Dataset/audio_processed/Hindi RJ/4455/HI_S4_P_1.wav,Hindi,रूपा बाहर खेल रही थी खेलतेखेलते रात हो गई वह अपने घर चली गई रूपा खाना खाकर सो गई,रूपा बाहर खेल रही थी खेलते खेलते रात हो गई वह अपने घर चली गई रूपा खाना खाकर सो गई,रूपा बाहर खेल रही थी खेलतेखेलते रात हो गई वह अपने घर चली गई रूपा खाना खाकर सो गई,रूपा बाहर खेल रही थी खेलते खेलते रात हो गई वह अपने घर चली गई रूपा खाना खाकर सो गई
/home/hp/Indain_children_spech/ASER-Dataset/audio_processed/Hindi RJ/4455/HI_S4_ST_0.wav,Hindi,रामपुर में कुछ ज़मीन ख़ाली थी वहाँ कुछ नहीं उगता था वहाँ कोई खेलने नहीं जाता था एक दिन कुछ लोग आए उन्होंने गाँव के लोगों को बुलाया सबने मिलकर तय किया कि यहाँ बग़ीचा बनाया जाए खाद मंगाकर हर तरह के पौधे लगाये गए सही समय पर पानी दिया गया आज वहाँ एक सुंदर बग़ीचा है इसलिए वहाँ सब खेलने जाते हैं,रामपुर में कुछ जमीन खाली थी वहाँ कुछ नहीं उगता था वहाँ कोई खेलने नहीं जाता था एक दिन कुछ लोग आए उन्होंने गाँव के लोगों को बुलाया सबने मिलकर तय किया कि यहाँ बगीचा बनाया जाए खाद मंगा कर हर तरह के पौधे लगाए गए सही समय पर पानी दिया गया आज वहाँ एक सुंदर बगीचा है इसल लिए वहाँ सब खेलने जाते हैं,रामपुर में कुछ ज़मीन ख़ाली थी वहाँ कुछ नहीं उगता था वहाँ कोई खेलने नहीं जाता था एक दिन कुछ लोग आए उन्होंने गाँव के लोगों को बुलाया सबने मिलकर तय किया कि यहाँ बग़ीचा बनाया जाए खाद मंगाकर हर तरह के पौधे लगाये गए सही समय पर पानी दिया गया आज वहाँ एक सुंदर बग़ीचा है इसलिए वहाँ सब खेलने जाते हैं,रामपुर में कुछ जमीन खाली थी वहाँ कुछ नहीं उगता था वहाँ कोई खेलने नहीं जाता था एक दिन कुछ लोग आए उन्होंने गाँव के लोगों को बुलाया सबने मिलकर तय किया कि यहाँ बगीचा बनाया जाए खाद मंगा कर हर तरह के पौधे लगाए गए सही समय पर पानी दिया गया आज वहाँ एक सुंदर बगीचा है इसल लिए वहाँ सब खेलने जाते हैं
/home/hp/Indain_children_spech/ASER-Dataset/audio_processed/Hindi RJ/4455/HI_S4_S_0.wav,English,What is the time,,what is the time,
/home/hp/Indain_children_spech/ASER-Dataset/audio_processed/Hindi RJ/4455/HI_S4_S_1.wav,English,This is a blue shirt,,this is a blue shirt,
/home/hp/Indain_children_spech/ASER-Dataset/audio_processed/Hindi RJ/4455/HI_S4_S_2.wav,English,I like to sleep,,i like to sleep,
/home/hp/Indain_children_spech/ASER-Dataset/audio_processed/Hindi RJ/4455/HI_S4_S_3.wav,English,I have a big house,,i have a big house,
/home/hp/Indain_children_spech/ASER-Dataset/audio_processed/Hindi RJ/4473/HI_S3_P_0.wav,Hindi,नीतू के घर में गाय है उसका रंग सफ़ेद है गाय हरी घास खाती है वह बहुत दूध देती है,,नीतू के घर में गाय है उसका रंग सफ़ेद है गाय हरी घास खाती है वह बहुत दूध देती है,
/home/hp/Indain_children_spech/ASER-Dataset/audio_processed/Hindi RJ/4483/HI_S3_P_0.wav,Hindi,नीतू के घर में गाय है उसका रंग सफ़ेद है गाय हरी घास खाती है वह बहुत दूध देती है,नीतू के घर में गाय है उसका रंग सफेद है गाय हरी घास खाती है वह बहुत दूध देती है,नीतू के घर में गाय है उसका रंग सफ़ेद है गाय हरी घास खाती है वह बहुत दूध देती है,नीतू के घर में गाय है उसका रंग सफेद है गाय हरी घास खाती है वह बहुत दूध देती है
/home/hp/Indain_children_spech/ASER-Dataset/audio_processed/Hindi RJ/4483/HI_S3_S_0.wav,English,Where is your house,,where is your house,
/home/hp/Indain_children_spech/ASER-Dataset/audio_processed/Hindi RJ/4483/HI_S3_S_1.wav,English,This is a big bus,,this is a big bus,
/home/hp/Indain_children_spech/ASER-Dataset/audio_processed/Hindi RJ/4483/HI_S3_S_2.wav,English,I like to sing,,i like to sing,
/home/hp/Indain_children_spech/ASER-Dataset/audio_processed/Hindi RJ/4483/HI_S3_S_3.wav,English,I have a fat cat,,i have a fat cat,
/home/hp/Indain_children_spech/ASER-Dataset/audio_processed/Hindi RJ/4492/HI_S4_P_1.wav,Hindi,रूपा बाहर खेल रही थी खेलतेखेलते रात हो गई वह अपने घर चली गई रूपा खाना खाकर सो गई,रूपा बाहर खेल रही थी खेलते खेलते रात हो गई वह अपने घर चली गई रूपा खाना खाकर सो गई,रूपा बाहर खेल रही थी खेलतेखेलते रात हो गई वह अपने घर चली गई रूपा खाना खाकर सो गई,रूपा बाहर खेल रही थी खेलते खेलते रात हो गई वह अपने घर चली गई रूपा खाना खाकर सो गई
/home/hp/Indain_children_spech/ASER-Dataset/audio_processed/Hindi RJ/4494/HI_S3_P_0.wav,Hindi,नीतू के घर में गाय है उसका रंग सफ़ेद है गाय हरी घास खाती है वह बहुत दूध देती है,मीतू के घर में गया है उसका रंग सफ़ेद है गया गाय हीरा घास खाती है वह बहुत दूध देती है,नीतू के घर में गाय है उसका रंग सफ़ेद है गाय हरी घास खाती है वह बहुत दूध देती है,मीतू के घर में गया है उसका रंग सफ़ेद है गया गाय हीरा घास खाती है वह बहुत दूध देती है
/home/hp/Indain_children_spech/ASER-Dataset/audio_processed/Hindi RJ/4494/HI_S3_S_1.wav,English,This is a big bus,,this is a big bus,
/home/hp/Indain_children_spech/ASER-Dataset/audio_processed/Hindi RJ/4494/HI_S3_S_2.wav,English,I like to sing,,i like to sing,
/home/hp/Indain_children_spech/ASER-Dataset/audio_processed/Hindi RJ/4494/HI_S3_S_3.wav,English,I have a fat cat,,i have a fat cat,
/home/hp/Indain_children_spech/ASER-Dataset/audio_processed/Hindi RJ/4529/HI_S2_P_0.wav,Hindi,सोनी के पास एक माला है उसमें बहुत सारे मोती हैं मोती पीले रंग के हैं सोनी उसे पहनती है,ू के पो के एक म हैम सारे मोती है मोती पीले रंग के है सोनी सबके प अलग अलग है तो,सोनी के पास एक माला है उसमें बहुत सारे मोती हैं मोती पीले रंग के हैं सोनी उसे पहनती है,ू के पो के एक म हैम सारे मोती है मोती पीले रंग के है सोनी सबके प अलग अलग है तो
/home/hp/Indain_children_spech/ASER-Dataset/audio_processed/Hindi RJ/4544/HI_S4_P_0.wav,Hindi,बग़ीचे में पेड़ हैं पेड़ पर एक तोता रहता है तोते का रंग हरा है वह लाल टमाटर खाता है,बगीचे में पेड़ है पेड़ पर एक तोोटा टा है तोटा का रंग है वह लाल टमाटर खटा है,बग़ीचे में पेड़ हैं पेड़ पर एक तोता रहता है तोते का रंग हरा है वह लाल टमाटर खाता है,बगीचे में पेड़ है पेड़ पर एक तोोटा टा है तोटा का रंग है वह लाल टमाटर खटा है
/home/hp/Indain_children_spech/ASER-Dataset/audio_processed/Hindi RJ/4544/HI_S4_S_0.wav,English,What is the time,,what is the time,
/home/hp/Indain_children_spech/ASER-Dataset/audio_processed/Hindi RJ/4564/HI_S1_P_0.wav,Hindi,राधा के पास एक तोता है उसकी चोंच लाल है वह बहुत बोलता है सब को हँसाता है,व,राधा के पास एक तोता है उसकी चोंच लाल है वह बहुत बोलता है सब को हँसाता है,व
/home/hp/Indain_children_spech/ASER-Dataset/audio_processed/Hindi RJ/4632/HI_S2_P_1.wav,Hindi,मीना पढ़ने जाती है राजू भी साथ जाता है दोनों शाम को लौटकर आते हैं घर आकर खाना खाते हैं,मीना पढ़ने जाती हैं राजू भी साथ जाता है दोनों शाम को लौट कर आते हैं घर आकर खाना खाते हैं,मीना पढ़ने जाती है राजू भी साथ जाता है दोनों शाम को लौटकर आते हैं घर आकर खाना खाते हैं,मीना पढ़ने जाती हैं राजू भी साथ जाता है दोनों शाम को लौट कर आते हैं घर आकर खाना खाते हैं
/home/hp/Indain_children_spech/ASER-Dataset/audio_processed/Hindi RJ/4664/HI_S2_P_0.wav,Hindi,सोनी के पास एक माला है उसमें बहुत सारे मोती हैं मोती पीले रंग के हैं सोनी उसे पहनती है,,सोनी के पास एक माला है उसमें बहुत सारे मोती हैं मोती पीले रंग के हैं सोनी उसे पहनती है,
/home/hp/Indain_children_spech/ASER-Dataset/audio_processed/Hindi RJ/4684/HI_S4_P_1.wav,Hindi,रूपा बाहर खेल रही थी खेलतेखेलते रात हो गई वह अपने घर चली गई रूपा खाना खाकर सो गई,रूपा बाहर खेल रही थी खेलते खेलते रात हो गई वह अपने घर चली गई रूपा खाना खाकर सो गई,रूपा बाहर खेल रही थी खेलतेखेलते रात हो गई वह अपने घर चली गई रूपा खाना खाकर सो गई,रूपा बाहर खेल रही थी खेलते खेलते रात हो गई वह अपने घर चली गई रूपा खाना खाकर सो गई
/home/hp/Indain_children_spech/ASER-Dataset/audio_processed/Hindi RJ/4686/HI_S3_P_0.wav,Hindi,नीतू के घर में गाय है उसका रंग सफ़ेद है गाय हरी घास खाती है वह बहुत दूध देती है,नीतू के घर में गॉँव है उसका रंग सफ़ेद है गाय हरी घास खाती है वह बहुत दूध देती है,नीतू के घर में गाय है उसका रंग सफ़ेद है गाय हरी घास खाती है वह बहुत दूध देती है,नीतू के घर में गॉँव है उसका रंग सफ़ेद है गाय हरी घास खाती है वह बहुत दूध देती है
/home/hp/Indain_children_spech/ASER-Dataset/audio_processed/Hindi RJ/4703/HI_S4_P_0.wav,Hindi,बग़ीचे में पेड़ हैं पेड़ पर एक तोता रहता है तोते का रंग हरा है वह लाल टमाटर खाता है,बगीचे में पड़े हैं पेड़ पर एक तोता रहता है तोता का तोते का रंग हरा है वह लाल टमाटर खाता है,बग़ीचे में पेड़ हैं पेड़ पर एक तोता रहता है तोते का रंग हरा है वह लाल टमाटर खाता है,बगीचे में पड़े हैं पेड़ पर एक तोता रहता है तोता का तोते का रंग हरा है वह लाल टमाटर खाता है
/home/hp/Indain_children_spech/ASER-Dataset/audio_processed/Hindi RJ/4703/HI_S4_ST_0.wav,Hindi,रामपुर में कुछ ज़मीन ख़ाली थी वहाँ कुछ नहीं उगता था वहाँ कोई खेलने नहीं जाता था एक दिन कुछ लोग आए उन्होंने गाँव के लोगों को बुलाया सबने मिलकर तय किया कि यहाँ बग़ीचा बनाया जाए खाद मंगाकर हर तरह के पौधे लगाये गए सही समय पर पानी दिया गया आज वहाँ एक सुंदर बग़ीचा है इसलिए वहाँ सब खेलने जाते हैं,रामपुर में कुछ ज़मीन खाली थी वह कुछ नहीं उ उगता था वहाँ कोई खेलने नहीं जाता था एक दिन कुछ लोग आए उन्होंने गाँव के लोगों को बुलाया सबने मिलकर तय किया कि यहाँ बगीचा बनाया जाए खा खाद मंग खाद मंगा कर हर तरह के पौधे लगा कर लगाए गए सही समय पर पानी दिया गया आज वहाँ एक सुंदर बगीचा है इसलिए वहाँ सब खेलने जाते हैं,रामपुर में कुछ ज़मीन ख़ाली थी वहाँ कुछ नहीं उगता था वहाँ कोई खेलने नहीं जाता था एक दिन कुछ लोग आए उन्होंने गाँव के लोगों को बुलाया सबने मिलकर तय किया कि यहाँ बग़ीचा बनाया जाए खाद मंगाकर हर तरह के पौधे लगाये गए सही समय पर पानी दिया गया आज वहाँ एक सुंदर बग़ीचा है इसलिए वहाँ सब खेलने जाते हैं,रामपुर में कुछ ज़मीन खाली थी वह कुछ नहीं उ उगता था वहाँ कोई खेलने नहीं जाता था एक दिन कुछ लोग आए उन्होंने गाँव के लोगों को बुलाया सबने मिलकर तय किया कि यहाँ बगीचा बनाया जाए खा खाद मंग खाद मंगा कर हर तरह के पौधे लगा कर लगाए गए सही समय पर पानी दिया गया आज वहाँ एक सुंदर बगीचा है इसलिए वहाँ सब खेलने जाते हैं
/home/hp/Indain_children_spech/ASER-Dataset/audio_processed/Hindi RJ/4703/HI_S4_S_0.wav,English,What is the time,,what is the time,
/home/hp/Indain_children_spech/ASER-Dataset/audio_processed/Hindi RJ/4703/HI_S4_S_1.wav,English,This is a blue shirt,,this is a blue shirt,
/home/hp/Indain_children_spech/ASER-Dataset/audio_processed/Hindi RJ/4703/HI_S4_S_2.wav,English,I like to sleep,,i like to sleep,
/home/hp/Indain_children_spech/ASER-Dataset/audio_processed/Hindi RJ/4703/HI_S4_S_3.wav,English,I have a big house,,i have a big house,
/home/hp/Indain_children_spech/ASER-Dataset/audio_processed/Hindi RJ/4715/HI_S1_P_0.wav,Hindi,राधा के पास एक तोता है उसकी चोंच लाल है वह बहुत बोलता है सब को हँसाता है,राजा के पास एक तोता है उसकी चोट लाल है वह बहुत बोलता है सबको आस आता है,राधा के पास एक तोता है उसकी चोंच लाल है वह बहुत बोलता है सब को हँसाता है,राजा के पास एक तोता है उसकी चोट लाल है वह बहुत बोलता है सबको आस आता है
/home/hp/Indain_children_spech/ASER-Dataset/audio_processed/Hindi RJ/4715/HI_S1_ST_0.wav,Hindi,बहुत दिनों से बारिश हो रही थी गाँव में सभी जगह गंदा पानी भर गया था सभी बारिश के रुकने की राह देख रहे थे अचानक एक दिन बारिश रुक गई सूरज निकल आया सब लोग खुश हो गये आसमान में चिड़ियाँ उड़ने लगीं लोग अपने कपड़े सुखाने लगे बच्चे भी घरों से बाहर निकलकर खेलने लगे,बहुत दिनों से बारिश हो रही थी गाँव में सभी जगह गंदा पानी भर गया था सभी बारिश के रुकने की राह देख रहे थे अचानक एक दिन बारिश रुक गई सूरज निकल आया सब लोग खुश हो गए आसमान में चिड़ियाँ उड़ने लगी लोग अपने कपड़े सुखाने लगे बच्चे भी घरों से बाहर निकल कर सोने लगे,बहुत दिनों से बारिश हो रही थी गाँव में सभी जगह गंदा पानी भर गया था सभी बारिश के रुकने की राह देख रहे थे अचानक एक दिन बारिश रुक गई सूरज निकल आया सब लोग खुश हो गये आसमान में चिड़ियाँ उड़ने लगीं लोग अपने कपड़े सुखाने लगे बच्चे भी घरों से बाहर निकलकर खेलने लगे,बहुत दिनों से बारिश हो रही थी गाँव में सभी जगह गंदा पानी भर गया था सभी बारिश के रुकने की राह देख रहे थे अचानक एक दिन बारिश रुक गई सूरज निकल आया सब लोग खुश हो गए आसमान में चिड़ियाँ उड़ने लगी लोग अपने कपड़े सुखाने लगे बच्चे भी घरों से बाहर निकल कर सोने लगे
/home/hp/Indain_children_spech/ASER-Dataset/audio_processed/Hindi RJ/4715/HI_S1_S_0.wav,English,Where is your house,,where is your house,
/home/hp/Indain_children_spech/ASER-Dataset/audio_processed/Hindi RJ/4715/HI_S1_S_1.wav,English,This is a small bag,,this is a small bag,
/home/hp/Indain_children_spech/ASER-Dataset/audio_processed/Hindi RJ/4715/HI_S1_S_2.wav,English,I like to read,,i like to read,
/home/hp/Indain_children_spech/ASER-Dataset/audio_processed/Hindi RJ/4715/HI_S1_S_3.wav,English,I have a fat dog,,i have a fat dog,
/home/hp/Indain_children_spech/ASER-Dataset/audio_processed/Hindi RJ/4716/HI_S4_P_0.wav,Hindi,बग़ीचे में पेड़ हैं पेड़ पर एक तोता रहता है तोते का रंग हरा है वह लाल टमाटर खाता है,बगीचे में पेड़ है पेड़ परप एक तोता रहता है तोता का रंग हरा है वह लाल टमाटर खाता है,बग़ीचे में पेड़ हैं पेड़ पर एक तोता रहता है तोते का रंग हरा है वह लाल टमाटर खाता है,बगीचे में पेड़ है पेड़ परप एक तोता रहता है तोता का रंग हरा है वह लाल टमाटर खाता है
/home/hp/Indain_children_spech/ASER-Dataset/audio_processed/Hindi RJ/4716/HI_S4_S_0.wav,English,What is the time,,what is the time,
/home/hp/Indain_children_spech/ASER-Dataset/audio_processed/Hindi RJ/4716/HI_S4_S_1.wav,English,This is a blue shirt,,this is a blue shirt,
/home/hp/Indain_children_spech/ASER-Dataset/audio_processed/Hindi RJ/4716/HI_S4_S_2.wav,English,I like to sleep,,i like to sleep,
/home/hp/Indain_children_spech/ASER-Dataset/audio_processed/Hindi RJ/4728/HI_S3_P_1.wav,Hindi,काले बादल छाए हैं तेज़ बारिश हो रही है मोर भी नाच रहा है सब नाच देख रहे हैं,काले बादल छा हैं तेज बारिश हो रही है मेरे भी नाच रहा है सब नाच देख रहे हैं,काले बादल छाए हैं तेज़ बारिश हो रही है मोर भी नाच रहा है सब नाच देख रहे हैं,काले बादल छा हैं तेज बारिश हो रही है मेरे भी नाच रहा है सब नाच देख रहे हैं
/home/hp/Indain_children_spech/ASER-Dataset/audio_processed/Hindi RJ/4729/HI_S2_P_0.wav,Hindi,सोनी के पास एक माला है उसमें बहुत सारे मोती हैं मोती पीले रंग के हैं सोनी उसे पहनती है,सोने के पास एक माला है उसमें बहुत सारे मोती है मोती पीले रंग के है सोो सोनी सोनी उसे पहनती है,सोनी के पास एक माला है उसमें बहुत सारे मोती हैं मोती पीले रंग के हैं सोनी उसे पहनती है,सोने के पास एक माला है उसमें बहुत सारे मोती है मोती पीले रंग के है सोो सोनी सोनी उसे पहनती है
/home/hp/Indain_children_spech/ASER-Dataset/audio_processed/Hindi RJ/4729/HI_S2_S_1.wav,English,This is a red ball,,this is a red ball,
/home/hp/Indain_children_spech/ASER-Dataset/audio_processed/Hindi RJ/4729/HI_S2_S_2.wav,English,I like to play,,i like to play,
/home/hp/Indain_children_spech/ASER-Dataset/audio_processed/Hindi RJ/4729/HI_S2_S_3.wav,English,I have a small house,,i have a small house,
/home/hp/Indain_children_spech/ASER-Dataset/audio_processed/Hindi RJ/4729/HI_S2_S_0.wav,English,What is the time,,what is the time,
/home/hp/Indain_children_spech/ASER-Dataset/audio_processed/Hindi RJ/4732/HI_S4_P_0.wav,Hindi,बग़ीचे में पेड़ हैं पेड़ पर एक तोता रहता है तोते का रंग हरा है वह लाल टमाटर खाता है,बगीचे में पेड़ बगीचे में पेड़ है पेड़ पर एक तोता रहता है तोते का रंग हरा है लाल टमाटर खाता है,बग़ीचे में पेड़ हैं पेड़ पर एक तोता रहता है तोते का रंग हरा है वह लाल टमाटर खाता है,बगीचे में पेड़ बगीचे में पेड़ है पेड़ पर एक तोता रहता है तोते का रंग हरा है लाल टमाटर खाता है
/home/hp/Indain_children_spech/ASER-Dataset/audio_processed/Hindi RJ/4734/HI_S1_P_0.wav,Hindi,राधा के पास एक तोता है उसकी चोंच लाल है वह बहुत बोलता है सब को हँसाता है,वोट ब उन,राधा के पास एक तोता है उसकी चोंच लाल है वह बहुत बोलता है सब को हँसाता है,वोट ब उन
/home/hp/Indain_children_spech/ASER-Dataset/audio_processed/Hindi RJ/4758/HI_S1_P_1.wav,Hindi,माँ ने हलवा बनाया वह बहुत मीठा था उसे सोनी ने खाया खाने के बाद वह सो गई,माँ ने हलवा बनाया वह बहुत मीठा था उसे सोनी ने खाया खाने के बाद वह सो गई,माँ ने हलवा बनाया वह बहुत मीठा था उसे सोनी ने खाया खाने के बाद वह सो गई,माँ ने हलवा बनाया वह बहुत मीठा था उसे सोनी ने खाया खाने के बाद वह सो गई
/home/hp/Indain_children_spech/ASER-Dataset/audio_processed/Hindi RJ/4758/HI_S1_S_0.wav,English,Where is your house,,where is your house,
/home/hp/Indain_children_spech/ASER-Dataset/audio_processed/Hindi RJ/4758/HI_S1_S_1.wav,English,This is a small bag,,this is a small bag,
/home/hp/Indain_children_spech/ASER-Dataset/audio_processed/Hindi RJ/4758/HI_S1_S_2.wav,English,I like to read,,i like to read,
/home/hp/Indain_children_spech/ASER-Dataset/audio_processed/Hindi RJ/4758/HI_S1_S_3.wav,English,I have a fat dog,,i have a fat dog,
/home/hp/Indain_children_spech/ASER-Dataset/audio_processed/Hindi RJ/4763/HI_S3_P_0.wav,Hindi,नीतू के घर में गाय है उसका रंग सफ़ेद है गाय हरी घास खाती है वह बहुत दूध देती है,ह,नीतू के घर में गाय है उसका रंग सफ़ेद है गाय हरी घास खाती है वह बहुत दूध देती है,ह
/home/hp/Indain_children_spech/ASER-Dataset/audio_processed/Hindi RJ/4831/HI_S3_P_1.wav,Hindi,काले बादल छाए हैं तेज़ बारिश हो रही है मोर भी नाच रहा है सब नाच देख रहे हैं,काले बादल छाए है तेज बारिश हो रही है मोर भी नाच रहा है सब नाच देख रहे है,काले बादल छाए हैं तेज़ बारिश हो रही है मोर भी नाच रहा है सब नाच देख रहे हैं,काले बादल छाए है तेज बारिश हो रही है मोर भी नाच रहा है सब नाच देख रहे है
/home/hp/Indain_children_spech/ASER-Dataset/audio_processed/Hindi RJ/4831/HI_S3_ST_0.wav,Hindi,विमला और अजय मेला देखने गये उन्हें मेले में तरहतरह की दुकाने दिखीं मेले में बहुत झूले थे वहाँ गरमगरम हलवा और जलेबियाँ भी बिक रहीं थीं जलेबी देखकर दोनों के मुँह में पानी आने लगा उन्हें जलेबी खाने का मन हुआ विमला ने जलेबी खरीदी दोनों दोस्तों ने मिलकर जलेबी खाई शाम को दोनों घर लौट आये,ला और अजय मे देखने गय उन्होंने मे में तरह तरह की दुने दी मे में बहुत झूले थे वँ गरम गम हलवा और जलेबिया भी बिक रही थी जलेबी देख कर दोनों के मुँह में पानी आने लगा उन्होंने जलेबी खाने का मन हुआ बमला ने जलेबी खरीदी दोनों दोस्तों ने मिलकर जलेबी खाई शाम को दोनों घर लौट आय,विमला और अजय मेला देखने गये उन्हें मेले में तरहतरह की दुकाने दिखीं मेले में बहुत झूले थे वहाँ गरमगरम हलवा और जलेबियाँ भी बिक रहीं थीं जलेबी देखकर दोनों के मुँह में पानी आने लगा उन्हें जलेबी खाने का मन हुआ विमला ने जलेबी खरीदी दोनों दोस्तों ने मिलकर जलेबी खाई शाम को दोनों घर लौट आये,ला और अजय मे देखने गय उन्होंने मे में तरह तरह की दुने दी मे में बहुत झूले थे वँ गरम गम हलवा और जलेबिया भी बिक रही थी जलेबी देख कर दोनों के मुँह में पानी आने लगा उन्होंने जलेबी खाने का मन हुआ बमला ने जलेबी खरीदी दोनों दोस्तों ने मिलकर जलेबी खाई शाम को दोनों घर लौट आय
/home/hp/Indain_children_spech/ASER-Dataset/audio_processed/Hindi RJ/4831/HI_S3_S_0.wav,English,Where is your house,,where is your house,
/home/hp/Indain_children_spech/ASER-Dataset/audio_processed/Hindi RJ/4831/HI_S3_S_1.wav,English,This is a big bus,,this is a big bus,
/home/hp/Indain_children_spech/ASER-Dataset/audio_processed/Hindi RJ/4831/HI_S3_S_2.wav,English,I like to sing,,i like to sing,
/home/hp/Indain_children_spech/ASER-Dataset/audio_processed/Hindi RJ/4831/HI_S3_S_3.wav,English,I have a fat cat,,i have a fat cat,
/home/hp/Indain_children_spech/ASER-Dataset/audio_processed/Hindi RJ/4833/HI_S3_P_1.wav,Hindi,काले बादल छाए हैं तेज़ बारिश हो रही है मोर भी नाच रहा है सब नाच देख रहे हैं,कल बादल छिया हो जा बरस है रहे हैं मोर भी नाच रहे हैं सब नीचे दे,काले बादल छाए हैं तेज़ बारिश हो रही है मोर भी नाच रहा है सब नाच देख रहे हैं,कल बादल छिया हो जा बरस है रहे हैं मोर भी नाच रहे हैं सब नीचे दे
/home/hp/Indain_children_spech/ASER-Dataset/audio_processed/Hindi RJ/4834/HI_S4_P_0.wav,Hindi,बग़ीचे में पेड़ हैं पेड़ पर एक तोता रहता है तोते का रंग हरा है वह लाल टमाटर खाता है,बगीचे में पेड़ है पेड़ पर एक तोता रहता है तोता का रंग हरा है वह लाल टमाटर खाता है,बग़ीचे में पेड़ हैं पेड़ पर एक तोता रहता है तोते का रंग हरा है वह लाल टमाटर खाता है,बगीचे में पेड़ है पेड़ पर एक तोता रहता है तोता का रंग हरा है वह लाल टमाटर खाता है
/home/hp/Indain_children_spech/ASER-Dataset/audio_processed/Hindi RJ/4834/HI_S4_S_0.wav,English,What is the time,,what is the time,
/home/hp/Indain_children_spech/ASER-Dataset/audio_processed/Hindi RJ/4834/HI_S4_S_2.wav,English,I like to sleep,,i like to sleep,
/home/hp/Indain_children_spech/ASER-Dataset/audio_processed/Hindi RJ/4834/HI_S4_S_1.wav,English,This is a blue shirt,,this is a blue shirt,
/home/hp/Indain_children_spech/ASER-Dataset/audio_processed/Hindi RJ/4834/HI_S4_S_3.wav,English,I have a big house,,i have a big house,
/home/hp/Indain_children_spech/ASER-Dataset/audio_processed/Hindi RJ/4866/HI_S4_P_1.wav,Hindi,रूपा बाहर खेल रही थी खेलतेखेलते रात हो गई वह अपने घर चली गई रूपा खाना खाकर सो गई,रूप बार खेल रही है खेलते खेलते रात हो गई वह अपने घर चली गई रू रुपा खाना खाकर सो गई,रूपा बाहर खेल रही थी खेलतेखेलते रात हो गई वह अपने घर चली गई रूपा खाना खाकर सो गई,रूप बार खेल रही है खेलते खेलते रात हो गई वह अपने घर चली गई रू रुपा खाना खाकर सो गई
/home/hp/Indain_children_spech/ASER-Dataset/audio_processed/Hindi RJ/4904/HI_S3_P_0.wav,Hindi,नीतू के घर में गाय है उसका रंग सफ़ेद है गाय हरी घास खाती है वह बहुत दूध देती है,का चल भी गए क,नीतू के घर में गाय है उसका रंग सफ़ेद है गाय हरी घास खाती है वह बहुत दूध देती है,का चल भी गए क
/home/hp/Indain_children_spech/ASER-Dataset/audio_processed/Hindi RJ/4905/HI_S1_P_0.wav,Hindi,राधा के पास एक तोता है उसकी चोंच लाल है वह बहुत बोलता है सब को हँसाता है,राजा के पास एक तोता है उसकी चोच लाल व है व बहुत बोलता है सबक अच्छासता है,राधा के पास एक तोता है उसकी चोंच लाल है वह बहुत बोलता है सब को हँसाता है,राजा के पास एक तोता है उसकी चोच लाल व है व बहुत बोलता है सबक अच्छासता है
/home/hp/Indain_children_spech/ASER-Dataset/audio_processed/Hindi RJ/4915/HI_S3_P_0.wav,Hindi,नीतू के घर में गाय है उसका रंग सफ़ेद है गाय हरी घास खाती है वह बहुत दूध देती है,रीतु के घर में गाय है उसके रंग सफ़ेद है गाय हरी घास खाती है वह बहुत भूख देती है,नीतू के घर में गाय है उसका रंग सफ़ेद है गाय हरी घास खाती है वह बहुत दूध देती है,रीतु के घर में गाय है उसके रंग सफ़ेद है गाय हरी घास खाती है वह बहुत भूख देती है
/home/hp/Indain_children_spech/ASER-Dataset/audio_processed/Hindi RJ/4944/HI_S2_P_0.wav,Hindi,सोनी के पास एक माला है उसमें बहुत सारे मोती हैं मोती पीले रंग के हैं सोनी उसे पहनती है,सोनी सोनी के पास एक माला है उसमें बहुत सारे मोती है मोती पीले रंग के है सोनी उसे पहनती है,सोनी के पास एक माला है उसमें बहुत सारे मोती हैं मोती पीले रंग के हैं सोनी उसे पहनती है,सोनी सोनी के पास एक माला है उसमें बहुत सारे मोती है मोती पीले रंग के है सोनी उसे पहनती है
/home/hp/Indain_children_spech/ASER-Dataset/audio_processed/Hindi RJ/4944/HI_S2_S_0.wav,English,What is the time,,what is the time,
/home/hp/Indain_children_spech/ASER-Dataset/audio_processed/Hindi RJ/4944/HI_S2_S_1.wav,English,This is a red ball,,this is a red ball,
/home/hp/Indain_children_spech/ASER-Dataset/audio_processed/Hindi RJ/4944/HI_S2_S_2.wav,English,I like to play,,i like to play,
/home/hp/Indain_children_spech/ASER-Dataset/audio_processed/Hindi RJ/4944/HI_S2_S_3.wav,English,I have a small house,,i have a small house,
/home/hp/Indain_children_spech/ASER-Dataset/audio_processed/Hindi RJ/4976/HI_S1_P_0.wav,Hindi,राधा के पास एक तोता है उसकी चोंच लाल है वह बहुत बोलता है सब को हँसाता है,राजा के पास एक तोता है उसकी सोच लाल है वह बहुत बोलता है सबको हसा,राधा के पास एक तोता है उसकी चोंच लाल है वह बहुत बोलता है सब को हँसाता है,राजा के पास एक तोता है उसकी सोच लाल है वह बहुत बोलता है सबको हसा
/home/hp/Indain_children_spech/ASER-Dataset/audio_processed/Hindi RJ/4976/HI_S1_ST_0.wav,Hindi,बहुत दिनों से बारिश हो रही थी गाँव में सभी जगह गंदा पानी भर गया था सभी बारिश के रुकने की राह देख रहे थे अचानक एक दिन बारिश रुक गई सूरज निकल आया सब लोग खुश हो गये आसमान में चिड़ियाँ उड़ने लगीं लोग अपने कपड़े सुखाने लगे बच्चे भी घरों से बाहर निकलकर खेलने लगे,बहुत दिनों से बारिश हो रही थी गाँव में सभी जगह गंदा पानी भह रहा बह गया था सभी बारिश के रुकने की राय देख रहे थे अचानक एक दिन बारिश रुक गई सूरज निकल आया सब लोग खुश हो गए आसमान में चिड़िया उड़ने लगीं लोग अपने कपड़े सुखाने लगे बच्चे भी घरों से बाहर निकल कर खेलने लगे,बहुत दिनों से बारिश हो रही थी गाँव में सभी जगह गंदा पानी भर गया था सभी बारिश के रुकने की राह देख रहे थे अचानक एक दिन बारिश रुक गई सूरज निकल आया सब लोग खुश हो गये आसमान में चिड़ियाँ उड़ने लगीं लोग अपने कपड़े सुखाने लगे बच्चे भी घरों से बाहर निकलकर खेलने लगे,बहुत दिनों से बारिश हो रही थी गाँव में सभी जगह गंदा पानी भह रहा बह गया था सभी बारिश के रुकने की राय देख रहे थे अचानक एक दिन बारिश रुक गई सूरज निकल आया सब लोग खुश हो गए आसमान में चिड़िया उड़ने लगीं लोग अपने कपड़े सुखाने लगे बच्चे भी घरों से बाहर निकल कर खेलने लगे
/home/hp/Indain_children_spech/ASER-Dataset/audio_processed/Hindi RJ/4976/HI_S1_S_0.wav,English,Where is your house,,where is your house,
/home/hp/Indain_children_spech/ASER-Dataset/audio_processed/Hindi RJ/4976/HI_S1_S_1.wav,English,This is a small bag,,this is a small bag,
/home/hp/Indain_children_spech/ASER-Dataset/audio_processed/Hindi RJ/4976/HI_S1_S_2.wav,English,I like to read,,i like to read,
/home/hp/Indain_children_spech/ASER-Dataset/audio_processed/Hindi RJ/4976/HI_S1_S_3.wav,English,I have a fat dog,,i have a fat dog,
/home/hp/Indain_children_spech/ASER-Dataset/audio_processed/Hindi RJ/4984/HI_S3_P_0.wav,Hindi,नीतू के घर में गाय है उसका रंग सफ़ेद है गाय हरी घास खाती है वह बहुत दूध देती है,नीतू के घर में गाय है उसका रंग सफेद है गाय हरी घास खाती है वह बहुत दू देती है,नीतू के घर में गाय है उसका रंग सफ़ेद है गाय हरी घास खाती है वह बहुत दूध देती है,नीतू के घर में गाय है उसका रंग सफेद है गाय हरी घास खाती है वह बहुत दू देती है
/home/hp/Indain_children_spech/ASER-Dataset/audio_processed/Hindi RJ/4984/HI_S3_S_0.wav,English,Where is your house,,where is your house,
/home/hp/Indain_children_spech/ASER-Dataset/audio_processed/Hindi RJ/4984/HI_S3_S_1.wav,English,This is a big bus,,this is a big bus,
/home/hp/Indain_children_spech/ASER-Dataset/audio_processed/Hindi RJ/4984/HI_S3_S_2.wav,English,I like to sing,,i like to sing,
/home/hp/Indain_children_spech/ASER-Dataset/audio_processed/Hindi RJ/4984/HI_S3_S_3.wav,English,I have a fat cat,,i have a fat cat,
/home/hp/Indain_children_spech/ASER-Dataset/audio_processed/Hindi RJ/4989/HI_S4_P_1.wav,Hindi,रूपा बाहर खेल रही थी खेलतेखेलते रात हो गई वह अपने घर चली गई रूपा खाना खाकर सो गई,रूपा बाहर खेल रही थी खेलते खेलते रात हो गई थी वह अपने घर चली गई रूपा खाना खाकर सो गई,रूपा बाहर खेल रही थी खेलतेखेलते रात हो गई वह अपने घर चली गई रूपा खाना खाकर सो गई,रूपा बाहर खेल रही थी खेलते खेलते रात हो गई थी वह अपने घर चली गई रूपा खाना खाकर सो गई
/home/hp/Indain_children_spech/ASER-Dataset/audio_processed/Hindi RJ/4989/HI_S4_S_0.wav,English,What is the time,,what is the time,
/home/hp/Indain_children_spech/ASER-Dataset/audio_processed/Hindi RJ/4989/HI_S4_S_1.wav,English,This is a blue shirt,,this is a blue shirt,
/home/hp/Indain_children_spech/ASER-Dataset/audio_processed/Hindi RJ/4989/HI_S4_S_2.wav,English,I like to sleep,,i like to sleep,
/home/hp/Indain_children_spech/ASER-Dataset/audio_processed/Hindi RJ/4989/HI_S4_S_3.wav,English,I have a big house,,i have a big house,
/home/hp/Indain_children_spech/ASER-Dataset/audio_processed/Hindi RJ/5012/HI_S3_P_0.wav,Hindi,नीतू के घर में गाय है उसका रंग सफ़ेद है गाय हरी घास खाती है वह बहुत दूध देती है,नीतू के घर में गाय है उसका रंग सफेद है गाय हरी घास खाती है वह बहुत दूध देती है,नीतू के घर में गाय है उसका रंग सफ़ेद है गाय हरी घास खाती है वह बहुत दूध देती है,नीतू के घर में गाय है उसका रंग सफेद है गाय हरी घास खाती है वह बहुत दूध देती है
/home/hp/Indain_children_spech/ASER-Dataset/audio_processed/Hindi RJ/5012/HI_S3_ST_0.wav,Hindi,विमला और अजय मेला देखने गये उन्हें मेले में तरहतरह की दुकाने दिखीं मेले में बहुत झूले थे वहाँ गरमगरम हलवा और जलेबियाँ भी बिक रहीं थीं जलेबी देखकर दोनों के मुँह में पानी आने लगा उन्हें जलेबी खाने का मन हुआ विमला ने जलेबी खरीदी दोनों दोस्तों ने मिलकर जलेबी खाई शाम को दोनों घर लौट आये,ला और अ मे देखने गए उन्हने मेले में तरह तरह की दु देखी मेले में बहुत झूले थे व गरम गरम हलवा और जलेबिया भी बिक रही थी जलेबी देखकर दोनों के मुँह में पानी आने लगा उन्हें जलेबी खाने का मन हुआ विमला ने जब जलेबी खरीदी दोनों दोस्तों ने मिलकर जलेबी खाई शाम को दोनों घ लोटे,विमला और अजय मेला देखने गये उन्हें मेले में तरहतरह की दुकाने दिखीं मेले में बहुत झूले थे वहाँ गरमगरम हलवा और जलेबियाँ भी बिक रहीं थीं जलेबी देखकर दोनों के मुँह में पानी आने लगा उन्हें जलेबी खाने का मन हुआ विमला ने जलेबी खरीदी दोनों दोस्तों ने मिलकर जलेबी खाई शाम को दोनों घर लौट आये,ला और अ मे देखने गए उन्हने मेले में तरह तरह की दु देखी मेले में बहुत झूले थे व गरम गरम हलवा और जलेबिया भी बिक रही थी जलेबी देखकर दोनों के मुँह में पानी आने लगा उन्हें जलेबी खाने का मन हुआ विमला ने जब जलेबी खरीदी दोनों दोस्तों ने मिलकर जलेबी खाई शाम को दोनों घ लोटे
/home/hp/Indain_children_spech/ASER-Dataset/audio_processed/Hindi RJ/5012/HI_S3_S_0.wav,English,Where is your house,,where is your house,
/home/hp/Indain_children_spech/ASER-Dataset/audio_processed/Hindi RJ/5012/HI_S3_S_1.wav,English,This is a big bus,,this is a big bus,
/home/hp/Indain_children_spech/ASER-Dataset/audio_processed/Hindi RJ/5015/HI_S1_P_1.wav,Hindi,माँ ने हलवा बनाया वह बहुत मीठा था उसे सोनी ने खाया खाने के बाद वह सो गई,माँ ने हलवा बनाया वह बहुत मीठा था उे सोनी ने खाया खाने के बाद वह सो सो गई,माँ ने हलवा बनाया वह बहुत मीठा था उसे सोनी ने खाया खाने के बाद वह सो गई,माँ ने हलवा बनाया वह बहुत मीठा था उे सोनी ने खाया खाने के बाद वह सो सो गई
/home/hp/Indain_children_spech/ASER-Dataset/audio_processed/Hindi RJ/5022/HI_S2_P_0.wav,Hindi,सोनी के पास एक माला है उसमें बहुत सारे मोती हैं मोती पीले रंग के हैं सोनी उसे पहनती है,सोने के पास एक माला है उसमें बहुत सारी मछली और मोती पीले रंग सोनी उसे पहनती है,सोनी के पास एक माला है उसमें बहुत सारे मोती हैं मोती पीले रंग के हैं सोनी उसे पहनती है,सोने के पास एक माला है उसमें बहुत सारी मछली और मोती पीले रंग सोनी उसे पहनती है
/home/hp/Indain_children_spech/ASER-Dataset/audio_processed/Hindi RJ/5022/HI_S2_ST_0.wav,Hindi,सावन का महीना था आसमान में बहुत से काले बादल छाये थे ठंडी ठंडी हवा चल रही थी मैंने सोचा आज झूला झूलते हैं बड़े भैया एक मोटी सी रस्सी लेकर आए हमने उसे पेड़ से लटका कर झूला बनाया सब ने मिलकर खूब झूला झूला बहुत सारे बच्चे आकर मज़े से खेलने लगे खेलतेखेलते रात हो गई,सान का महीना था आसमान में बहुत से काले बादल छी हवा चल रही थी मैंने सोचा आज झूला झूलते है बड़े भैया एक मोटी सी रस्सी लेकर आए हमने उसे पेड़ से लटका कर झूला बनाया सबने मिलकर झूला झूला बहुत सारे बच्चे आकर मजे से खेलने लगे खेलते खेलते रात हो गय,सावन का महीना था आसमान में बहुत से काले बादल छाये थे ठंडी ठंडी हवा चल रही थी मैंने सोचा आज झूला झूलते हैं बड़े भैया एक मोटी सी रस्सी लेकर आए हमने उसे पेड़ से लटका कर झूला बनाया सब ने मिलकर खूब झूला झूला बहुत सारे बच्चे आकर मज़े से खेलने लगे खेलतेखेलते रात हो गई,सान का महीना था आसमान में बहुत से काले बादल छी हवा चल रही थी मैंने सोचा आज झूला झूलते है बड़े भैया एक मोटी सी रस्सी लेकर आए हमने उसे पेड़ से लटका कर झूला बनाया सबने मिलकर झूला झूला बहुत सारे बच्चे आकर मजे से खेलने लगे खेलते खेलते रात हो गय
/home/hp/Indain_children_spech/ASER-Dataset/audio_processed/Hindi RJ/5022/HI_S2_S_0.wav,English,What is the time,,what is the time,
/home/hp/Indain_children_spech/ASER-Dataset/audio_processed/Hindi RJ/5022/HI_S2_S_1.wav,English,This is a red ball,,this is a red ball,
/home/hp/Indain_children_spech/ASER-Dataset/audio_processed/Hindi RJ/5049/HI_S4_P_0.wav,Hindi,बग़ीचे में पेड़ हैं पेड़ पर एक तोता रहता है तोते का रंग हरा है वह लाल टमाटर खाता है,प्रोग्र मार नम,बग़ीचे में पेड़ हैं पेड़ पर एक तोता रहता है तोते का रंग हरा है वह लाल टमाटर खाता है,प्रोग्र मार नम
/home/hp/Indain_children_spech/ASER-Dataset/audio_processed/Hindi RJ/5052/HI_S1_P_0.wav,Hindi,राधा के पास एक तोता है उसकी चोंच लाल है वह बहुत बोलता है सब को हँसाता है,राधा के पास एक तोता है उसकी चोज लाल है वह बहुत बोलता है सबको हँसाता है,राधा के पास एक तोता है उसकी चोंच लाल है वह बहुत बोलता है सब को हँसाता है,राधा के पास एक तोता है उसकी चोज लाल है वह बहुत बोलता है सबको हँसाता है
/home/hp/Indain_children_spech/ASER-Dataset/audio_processed/Hindi RJ/5052/HI_S1_ST_0.wav,Hindi,बहुत दिनों से बारिश हो रही थी गाँव में सभी जगह गंदा पानी भर गया था सभी बारिश के रुकने की राह देख रहे थे अचानक एक दिन बारिश रुक गई सूरज निकल आया सब लोग खुश हो गये आसमान में चिड़ियाँ उड़ने लगीं लोग अपने कपड़े सुखाने लगे बच्चे भी घरों से बाहर निकलकर खेलने लगे,बहुत दिनों से बारिश हो रही है थी गाँव में सभी जगह गंदा पानी भर गया था सभी बारिश के रुकने की राहत देख रहे थे अचानक एक दिन बारिश रुक गई सूरज निकल आया सब लोग खुश हो गए आसमान में चिड़िया उड़ने लगी लोग अपने कपड़े सुखाने लगे बच्चे भी घरों से बाहर निकलते खेलने लगे निकल कर,बहुत दिनों से बारिश हो रही थी गाँव में सभी जगह गंदा पानी भर गया था सभी बारिश के रुकने की राह देख रहे थे अचानक एक दिन बारिश रुक गई सूरज निकल आया सब लोग खुश हो गये आसमान में चिड़ियाँ उड़ने लगीं लोग अपने कपड़े सुखाने लगे बच्चे भी घरों से बाहर निकलकर खेलने लगे,बहुत दिनों से बारिश हो रही है थी गाँव में सभी जगह गंदा पानी भर गया था सभी बारिश के रुकने की राहत देख रहे थे अचानक एक दिन बारिश रुक गई सूरज निकल आया सब लोग खुश हो गए आसमान में चिड़िया उड़ने लगी लोग अपने कपड़े सुखाने लगे बच्चे भी घरों से बाहर निकलते खेलने लगे निकल कर
/home/hp/Indain_children_spech/ASER-Dataset/audio_processed/Hindi RJ/5052/HI_S1_S_0.wav,English,Where is your house,,where is your house,
/home/hp/Indain_children_spech/ASER-Dataset/audio_processed/Hindi RJ/5052/HI_S1_S_1.wav,English,This is a small bag,,this is a small bag,
/home/hp/Indain_children_spech/ASER-Dataset/audio_processed/Hindi RJ/5052/HI_S1_S_2.wav,English,I like to read,,i like to read,
/home/hp/Indain_children_spech/ASER-Dataset/audio_processed/Hindi RJ/5052/HI_S1_S_3.wav,English,I have a fat dog,,i have a fat dog,
/home/hp/Indain_children_spech/ASER-Dataset/audio_processed/Hindi RJ/5079/HI_S2_P_0.wav,Hindi,सोनी के पास एक माला है उसमें बहुत सारे मोती हैं मोती पीले रंग के हैं सोनी उसे पहनती है,सोनी के पास एक माला है उसमें बहुत सारे मोती है मोती पीले रंग के है सोनी उसे पहनती है,सोनी के पास एक माला है उसमें बहुत सारे मोती हैं मोती पीले रंग के हैं सोनी उसे पहनती है,सोनी के पास एक माला है उसमें बहुत सारे मोती है मोती पीले रंग के है सोनी उसे पहनती है
/home/hp/Indain_children_spech/ASER-Dataset/audio_processed/Hindi RJ/5079/HI_S2_ST_0.wav,Hindi,सावन का महीना था आसमान में बहुत से काले बादल छाये थे ठंडी ठंडी हवा चल रही थी मैंने सोचा आज झूला झूलते हैं बड़े भैया एक मोटी सी रस्सी लेकर आए हमने उसे पेड़ से लटका कर झूला बनाया सब ने मिलकर खूब झूला झूला बहुत सारे बच्चे आकर मज़े से खेलने लगे खेलतेखेलते रात हो गई,सावन का महीना था आसमान में बहुत से काले बादल छााये थे ठंडी ठंडी हवा चल रही थी मैंने सोचा आज झूला झूलते हैं बड़े भैया एक मोटी सी रस्सी लेकर आए हमने उसे पेड़ से लटका कर झूला बनाया सबने मिलकर सब झूला झूला बहुत सारे बच्चे आकर मजे से खेलने लगे खेलते खेलते रात हो गई,सावन का महीना था आसमान में बहुत से काले बादल छाये थे ठंडी ठंडी हवा चल रही थी मैंने सोचा आज झूला झूलते हैं बड़े भैया एक मोटी सी रस्सी लेकर आए हमने उसे पेड़ से लटका कर झूला बनाया सब ने मिलकर खूब झूला झूला बहुत सारे बच्चे आकर मज़े से खेलने लगे खेलतेखेलते रात हो गई,सावन का महीना था आसमान में बहुत से काले बादल छााये थे ठंडी ठंडी हवा चल रही थी मैंने सोचा आज झूला झूलते हैं बड़े भैया एक मोटी सी रस्सी लेकर आए हमने उसे पेड़ से लटका कर झूला बनाया सबने मिलकर सब झूला झूला बहुत सारे बच्चे आकर मजे से खेलने लगे खेलते खेलते रात हो गई
/home/hp/Indain_children_spech/ASER-Dataset/audio_processed/Hindi RJ/5079/HI_S2_S_0.wav,English,What is the time,,what is the time,
/home/hp/Indain_children_spech/ASER-Dataset/audio_processed/Hindi RJ/5079/HI_S2_S_1.wav,English,This is a red ball,,this is a red ball,
/home/hp/Indain_children_spech/ASER-Dataset/audio_processed/Hindi RJ/5080/HI_S1_P_0.wav,Hindi,राधा के पास एक तोता है उसकी चोंच लाल है वह बहुत बोलता है सब को हँसाता है,राजा के पास एक तोता है उसकी चोंच लाल है वह बहुत बोलता है सबक फसाता है,राधा के पास एक तोता है उसकी चोंच लाल है वह बहुत बोलता है सब को हँसाता है,राजा के पास एक तोता है उसकी चोंच लाल है वह बहुत बोलता है सबक फसाता है
/home/hp/Indain_children_spech/ASER-Dataset/audio_processed/Hindi RJ/5080/HI_S1_S_0.wav,English,Where is your house,,where is your house,
/home/hp/Indain_children_spech/ASER-Dataset/audio_processed/Hindi RJ/5080/HI_S1_S_1.wav,English,This is a small bag,,this is a small bag,
/home/hp/Indain_children_spech/ASER-Dataset/audio_processed/Hindi RJ/5108/HI_S4_P_0.wav,Hindi,बग़ीचे में पेड़ हैं पेड़ पर एक तोता रहता है तोते का रंग हरा है वह लाल टमाटर खाता है,तो दे र,बग़ीचे में पेड़ हैं पेड़ पर एक तोता रहता है तोते का रंग हरा है वह लाल टमाटर खाता है,तो दे र
/home/hp/Indain_children_spech/ASER-Dataset/audio_processed/Hindi RJ/5111/HI_S4_P_0.wav,Hindi,बग़ीचे में पेड़ हैं पेड़ पर एक तोता रहता है तोते का रंग हरा है वह लाल टमाटर खाता है,बगीचे में पेड़ है पेड़ पर एक तोता रहता है तोते का रंग हरा है वह लाल टमाटर खाता है,बग़ीचे में पेड़ हैं पेड़ पर एक तोता रहता है तोते का रंग हरा है वह लाल टमाटर खाता है,बगीचे में पेड़ है पेड़ पर एक तोता रहता है तोते का रंग हरा है वह लाल टमाटर खाता है
/home/hp/Indain_children_spech/ASER-Dataset/audio_processed/Hindi RJ/5111/HI_S4_ST_0.wav,Hindi,रामपुर में कुछ ज़मीन ख़ाली थी वहाँ कुछ नहीं उगता था वहाँ कोई खेलने नहीं जाता था एक दिन कुछ लोग आए उन्होंने गाँव के लोगों को बुलाया सबने मिलकर तय किया कि यहाँ बग़ीचा बनाया जाए खाद मंगाकर हर तरह के पौधे लगाये गए सही समय पर पानी दिया गया आज वहाँ एक सुंदर बग़ीचा है इसलिए वहाँ सब खेलने जाते हैं,रामपुर में कुछ जमीन खाली थी वहाँ कुछ नहीं उगता था वहाँ कोई खेलने नहीं जाता था एक दिन कुछ लोग आए उन्होंने गाँव के गाँव के लोगों को बुलाया सबने मिलकर तय किया कि यहाँ बगीचा बनाया जाए खाद मंगा कर हर तरह के पौधे लगाए गए सही समय पैर पानी दिया गया आज वहाँ एक सुंदर बगीचा है इसलिए वहाँ सब खेलने जाते,रामपुर में कुछ ज़मीन ख़ाली थी वहाँ कुछ नहीं उगता था वहाँ कोई खेलने नहीं जाता था एक दिन कुछ लोग आए उन्होंने गाँव के लोगों को बुलाया सबने मिलकर तय किया कि यहाँ बग़ीचा बनाया जाए खाद मंगाकर हर तरह के पौधे लगाये गए सही समय पर पानी दिया गया आज वहाँ एक सुंदर बग़ीचा है इसलिए वहाँ सब खेलने जाते हैं,रामपुर में कुछ जमीन खाली थी वहाँ कुछ नहीं उगता था वहाँ कोई खेलने नहीं जाता था एक दिन कुछ लोग आए उन्होंने गाँव के गाँव के लोगों को बुलाया सबने मिलकर तय किया कि यहाँ बगीचा बनाया जाए खाद मंगा कर हर तरह के पौधे लगाए गए सही समय पैर पानी दिया गया आज वहाँ एक सुंदर बगीचा है इसलिए वहाँ सब खेलने जाते
/home/hp/Indain_children_spech/ASER-Dataset/audio_processed/Hindi RJ/5111/HI_S4_S_0.wav,English,What is the time,,what is the time,
/home/hp/Indain_children_spech/ASER-Dataset/audio_processed/Hindi RJ/5111/HI_S4_S_1.wav,English,This is a blue shirt,,this is a blue shirt,
/home/hp/Indain_children_spech/ASER-Dataset/audio_processed/Hindi RJ/5111/HI_S4_S_2.wav,English,I like to sleep,,i like to sleep,
/home/hp/Indain_children_spech/ASER-Dataset/audio_processed/Hindi RJ/5111/HI_S4_S_3.wav,English,I have a big house,,i have a big house,
/home/hp/Indain_children_spech/ASER-Dataset/audio_processed/Hindi RJ/5118/HI_S4_P_0.wav,Hindi,बग़ीचे में पेड़ हैं पेड़ पर एक तोता रहता है तोते का रंग हरा है वह लाल टमाटर खाता है,पे पेट पर एक तोता रहता है तोते का आ वह लाल म खता,बग़ीचे में पेड़ हैं पेड़ पर एक तोता रहता है तोते का रंग हरा है वह लाल टमाटर खाता है,पे पेट पर एक तोता रहता है तोते का आ वह लाल म खता
/home/hp/Indain_children_spech/ASER-Dataset/audio_processed/Hindi RJ/5144/HI_S2_P_1.wav,Hindi,मीना पढ़ने जाती है राजू भी साथ जाता है दोनों शाम को लौटकर आते हैं घर आकर खाना खाते हैं,मीना पड़ने जाती है राजू भी साथ जाते दोनों शाम को लौट कर आते हैं घर आकर खाना खाते हैं,मीना पढ़ने जाती है राजू भी साथ जाता है दोनों शाम को लौटकर आते हैं घर आकर खाना खाते हैं,मीना पड़ने जाती है राजू भी साथ जाते दोनों शाम को लौट कर आते हैं घर आकर खाना खाते हैं
/home/hp/Indain_children_spech/ASER-Dataset/audio_processed/Hindi RJ/5144/HI_S2_ST_0.wav,Hindi,सावन का महीना था आसमान में बहुत से काले बादल छाये थे ठंडी ठंडी हवा चल रही थी मैंने सोचा आज झूला झूलते हैं बड़े भैया एक मोटी सी रस्सी लेकर आए हमने उसे पेड़ से लटका कर झूला बनाया सब ने मिलकर खूब झूला झूला बहुत सारे बच्चे आकर मज़े से खेलने लगे खेलतेखेलते रात हो गई,सावन का महीना था आसमान में बहुत से काले बादल छाए थे ठंडी ठंडी हवा चल रही थी मैंने सोचा आज झूला झूते हैं बड़े भैया एक मोटी सी रस्सी लेकर आए उसने उसे पेड़ से लटका कर झूला बनाया सब ने मिलकर उस खूब झूला झूला बहुत सारे बच्चे आकर मजे से खेलने लगी खेलते खेलते रात हो गई,सावन का महीना था आसमान में बहुत से काले बादल छाये थे ठंडी ठंडी हवा चल रही थी मैंने सोचा आज झूला झूलते हैं बड़े भैया एक मोटी सी रस्सी लेकर आए हमने उसे पेड़ से लटका कर झूला बनाया सब ने मिलकर खूब झूला झूला बहुत सारे बच्चे आकर मज़े से खेलने लगे खेलतेखेलते रात हो गई,सावन का महीना था आसमान में बहुत से काले बादल छाए थे ठंडी ठंडी हवा चल रही थी मैंने सोचा आज झूला झूते हैं बड़े भैया एक मोटी सी रस्सी लेकर आए उसने उसे पेड़ से लटका कर झूला बनाया सब ने मिलकर उस खूब झूला झूला बहुत सारे बच्चे आकर मजे से खेलने लगी खेलते खेलते रात हो गई
/home/hp/Indain_children_spech/ASER-Dataset/audio_processed/Hindi RJ/5166/HI_S1_P_0.wav,Hindi,राधा के पास एक तोता है उसकी चोंच लाल है वह बहुत बोलता है सब को हँसाता है,ठी स,राधा के पास एक तोता है उसकी चोंच लाल है वह बहुत बोलता है सब को हँसाता है,ठी स
/home/hp/Indain_children_spech/ASER-Dataset/audio_processed/Hindi RJ/5173/HI_S4_P_0.wav,Hindi,बग़ीचे में पेड़ हैं पेड़ पर एक तोता रहता है तोते का रंग हरा है वह लाल टमाटर खाता है,बगीचे में एक पेड़ है पेड़ पर एक तोता रहता है तोते का रंग हरा है वह लाल टमाटर खाता है,बग़ीचे में पेड़ हैं पेड़ पर एक तोता रहता है तोते का रंग हरा है वह लाल टमाटर खाता है,बगीचे में एक पेड़ है पेड़ पर एक तोता रहता है तोते का रंग हरा है वह लाल टमाटर खाता है
/home/hp/Indain_children_spech/ASER-Dataset/audio_processed/Hindi RJ/5173/HI_S4_ST_0.wav,Hindi,रामपुर में कुछ ज़मीन ख़ाली थी वहाँ कुछ नहीं उगता था वहाँ कोई खेलने नहीं जाता था एक दिन कुछ लोग आए उन्होंने गाँव के लोगों को बुलाया सबने मिलकर तय किया कि यहाँ बग़ीचा बनाया जाए खाद मंगाकर हर तरह के पौधे लगाये गए सही समय पर पानी दिया गया आज वहाँ एक सुंदर बग़ीचा है इसलिए वहाँ सब खेलने जाते हैं,रामपुर में कुछ ज़मीन खाली थी वहाँ कुछ नहीं उगता था वहाँ कोई खेने नहीं जाता था एक दिन कुछ लोग आए उन्होंने गाँव के लोगों को बुलाया सबने मिलकर तय किया कि यहाँ बगीचा बनाया जाए खाद मंगा कर हर तरह के पौधे लगाए गए सही समय पर पानी दिया गया आज वहाँ एक सुंदर बगीचा है इसलिए वहाँ सब खेहने जाते हैं,रामपुर में कुछ ज़मीन ख़ाली थी वहाँ कुछ नहीं उगता था वहाँ कोई खेलने नहीं जाता था एक दिन कुछ लोग आए उन्होंने गाँव के लोगों को बुलाया सबने मिलकर तय किया कि यहाँ बग़ीचा बनाया जाए खाद मंगाकर हर तरह के पौधे लगाये गए सही समय पर पानी दिया गया आज वहाँ एक सुंदर बग़ीचा है इसलिए वहाँ सब खेलने जाते हैं,रामपुर में कुछ ज़मीन खाली थी वहाँ कुछ नहीं उगता था वहाँ कोई खेने नहीं जाता था एक दिन कुछ लोग आए उन्होंने गाँव के लोगों को बुलाया सबने मिलकर तय किया कि यहाँ बगीचा बनाया जाए खाद मंगा कर हर तरह के पौधे लगाए गए सही समय पर पानी दिया गया आज वहाँ एक सुंदर बगीचा है इसलिए वहाँ सब खेहने जाते हैं
/home/hp/Indain_children_spech/ASER-Dataset/audio_processed/Hindi RJ/5173/HI_S4_S_0.wav,English,What is the time,,what is the time,
/home/hp/Indain_children_spech/ASER-Dataset/audio_processed/Hindi RJ/5173/HI_S4_S_1.wav,English,This is a blue shirt,,this is a blue shirt,
/home/hp/Indain_children_spech/ASER-Dataset/audio_processed/Hindi RJ/5173/HI_S4_S_2.wav,English,I like to sleep,,i like to sleep,
/home/hp/Indain_children_spech/ASER-Dataset/audio_processed/Hindi RJ/5173/HI_S4_S_3.wav,English,I have a big house,,i have a big house,
/home/hp/Indain_children_spech/ASER-Dataset/audio_processed/Hindi RJ/5200/HI_S2_P_0.wav,Hindi,सोनी के पास एक माला है उसमें बहुत सारे मोती हैं मोती पीले रंग के हैं सोनी उसे पहनती है,पढ़ो आता है पंडा,सोनी के पास एक माला है उसमें बहुत सारे मोती हैं मोती पीले रंग के हैं सोनी उसे पहनती है,पढ़ो आता है पंडा
/home/hp/Indain_children_spech/ASER-Dataset/audio_processed/Hindi RJ/5219/HI_S2_P_1.wav,Hindi,मीना पढ़ने जाती है राजू भी साथ जाता है दोनों शाम को लौटकर आते हैं घर आकर खाना खाते हैं,मीना पढ़ने जाती है राजू भी साथ जाता है दोनों शाम को लौट कर आते हैं घर आकर खाना खाते हैं,मीना पढ़ने जाती है राजू भी साथ जाता है दोनों शाम को लौटकर आते हैं घर आकर खाना खाते हैं,मीना पढ़ने जाती है राजू भी साथ जाता है दोनों शाम को लौट कर आते हैं घर आकर खाना खाते हैं
/home/hp/Indain_children_spech/ASER-Dataset/audio_processed/Hindi RJ/5219/HI_S2_S_2.wav,English,I like to play,,i like to play,
/home/hp/Indain_children_spech/ASER-Dataset/audio_processed/Hindi RJ/5219/HI_S2_S_0.wav,English,What is the time,,what is the time,
/home/hp/Indain_children_spech/ASER-Dataset/audio_processed/Hindi RJ/5231/HI_S4_P_1.wav,Hindi,रूपा बाहर खेल रही थी खेलतेखेलते रात हो गई वह अपने घर चली गई रूपा खाना खाकर सो गई,रूपा बाहर खेल रही थी खेलते खेलते रात हो गई वहाँ अपने घर चली गई रूपा खाना खाकर सो गई,रूपा बाहर खेल रही थी खेलतेखेलते रात हो गई वह अपने घर चली गई रूपा खाना खाकर सो गई,रूपा बाहर खेल रही थी खेलते खेलते रात हो गई वहाँ अपने घर चली गई रूपा खाना खाकर सो गई
/home/hp/Indain_children_spech/ASER-Dataset/audio_processed/Hindi RJ/5231/HI_S4_ST_0.wav,Hindi,रामपुर में कुछ ज़मीन ख़ाली थी वहाँ कुछ नहीं उगता था वहाँ कोई खेलने नहीं जाता था एक दिन कुछ लोग आए उन्होंने गाँव के लोगों को बुलाया सबने मिलकर तय किया कि यहाँ बग़ीचा बनाया जाए खाद मंगाकर हर तरह के पौधे लगाये गए सही समय पर पानी दिया गया आज वहाँ एक सुंदर बग़ीचा है इसलिए वहाँ सब खेलने जाते हैं,रामपुर में कुछ ज़मीन खाली थी वहाँ कुछ नहीं उगता था वहाँ कोई खेलने नहीं जाता था एक दिन कुछ लोग आए उन्होंने गाँव के लोगों को बुलाया सबने मिलकर तय किया कि यहाँ बगीचा बनाया जाए खाद मंगाकर हर तरह के पौधे लगाए गए सही समय पर पानी दिया गया आज वहाँ एक सुंदर बगीचा है इस इसलिए वहाँ सब खेलने जाते हैं,रामपुर में कुछ ज़मीन ख़ाली थी वहाँ कुछ नहीं उगता था वहाँ कोई खेलने नहीं जाता था एक दिन कुछ लोग आए उन्होंने गाँव के लोगों को बुलाया सबने मिलकर तय किया कि यहाँ बग़ीचा बनाया जाए खाद मंगाकर हर तरह के पौधे लगाये गए सही समय पर पानी दिया गया आज वहाँ एक सुंदर बग़ीचा है इसलिए वहाँ सब खेलने जाते हैं,रामपुर में कुछ ज़मीन खाली थी वहाँ कुछ नहीं उगता था वहाँ कोई खेलने नहीं जाता था एक दिन कुछ लोग आए उन्होंने गाँव के लोगों को बुलाया सबने मिलकर तय किया कि यहाँ बगीचा बनाया जाए खाद मंगाकर हर तरह के पौधे लगाए गए सही समय पर पानी दिया गया आज वहाँ एक सुंदर बगीचा है इस इसलिए वहाँ सब खेलने जाते हैं
/home/hp/Indain_children_spech/ASER-Dataset/audio_processed/Hindi RJ/5233/HI_S4_P_0.wav,Hindi,बग़ीचे में पेड़ हैं पेड़ पर एक तोता रहता है तोते का रंग हरा है वह लाल टमाटर खाता है,बगीचे में पेड़ है पेड़ पर एक रहता है तोता का रंग हरा है वह लाल टमाटर खाता है,बग़ीचे में पेड़ हैं पेड़ पर एक तोता रहता है तोते का रंग हरा है वह लाल टमाटर खाता है,बगीचे में पेड़ है पेड़ पर एक रहता है तोता का रंग हरा है वह लाल टमाटर खाता है
/home/hp/Indain_children_spech/ASER-Dataset/audio_processed/Hindi RJ/5235/HI_S4_P_1.wav,Hindi,रूपा बाहर खेल रही थी खेलतेखेलते रात हो गई वह अपने घर चली गई रूपा खाना खाकर सो गई,,रूपा बाहर खेल रही थी खेलतेखेलते रात हो गई वह अपने घर चली गई रूपा खाना खाकर सो गई,
/home/hp/Indain_children_spech/ASER-Dataset/audio_processed/Hindi RJ/5253/HI_S4_P_0.wav,Hindi,बग़ीचे में पेड़ हैं पेड़ पर एक तोता रहता है तोते का रंग हरा है वह लाल टमाटर खाता है,बगीचे में एक पेड़ है पेड़ पर एक तोता रहता है तोते का रंग हरा है वह लाल टमाटर खाता है,बग़ीचे में पेड़ हैं पेड़ पर एक तोता रहता है तोते का रंग हरा है वह लाल टमाटर खाता है,बगीचे में एक पेड़ है पेड़ पर एक तोता रहता है तोते का रंग हरा है वह लाल टमाटर खाता है
/home/hp/Indain_children_spech/ASER-Dataset/audio_processed/Hindi RJ/5253/HI_S4_ST_0.wav,Hindi,रामपुर में कुछ ज़मीन ख़ाली थी वहाँ कुछ नहीं उगता था वहाँ कोई खेलने नहीं जाता था एक दिन कुछ लोग आए उन्होंने गाँव के लोगों को बुलाया सबने मिलकर तय किया कि यहाँ बग़ीचा बनाया जाए खाद मंगाकर हर तरह के पौधे लगाये गए सही समय पर पानी दिया गया आज वहाँ एक सुंदर बग़ीचा है इसलिए वहाँ सब खेलने जाते हैं,रामपुर में कुछ ज़मीन खाली थी वहाँ कुछ नहीं उगता था वहाँ कोई खेलने नहीं जाता था एक दिन कुछ लोग आए उन्होंने गाँव के लोगों को बुलाया सबने मिलकर तय किया कि यहाँ बगीचा बनाया जाए खाद मंगाकर हर तरह के पौधे लगाए लगाए सही समय पर पानी दिया गया आज वहाँ एक सुंदर बगीचा इसलिए वहाँ सब खेलने जाते हैं,रामपुर में कुछ ज़मीन ख़ाली थी वहाँ कुछ नहीं उगता था वहाँ कोई खेलने नहीं जाता था एक दिन कुछ लोग आए उन्होंने गाँव के लोगों को बुलाया सबने मिलकर तय किया कि यहाँ बग़ीचा बनाया जाए खाद मंगाकर हर तरह के पौधे लगाये गए सही समय पर पानी दिया गया आज वहाँ एक सुंदर बग़ीचा है इसलिए वहाँ सब खेलने जाते हैं,रामपुर में कुछ ज़मीन खाली थी वहाँ कुछ नहीं उगता था वहाँ कोई खेलने नहीं जाता था एक दिन कुछ लोग आए उन्होंने गाँव के लोगों को बुलाया सबने मिलकर तय किया कि यहाँ बगीचा बनाया जाए खाद मंगाकर हर तरह के पौधे लगाए लगाए सही समय पर पानी दिया गया आज वहाँ एक सुंदर बगीचा इसलिए वहाँ सब खेलने जाते हैं
/home/hp/Indain_children_spech/ASER-Dataset/audio_processed/Hindi RJ/5253/HI_S4_S_0.wav,English,What is the time,,what is the time,
/home/hp/Indain_children_spech/ASER-Dataset/audio_processed/Hindi RJ/5253/HI_S4_S_1.wav,English,This is a blue shirt,,this is a blue shirt,
/home/hp/Indain_children_spech/ASER-Dataset/audio_processed/Hindi RJ/5253/HI_S4_S_2.wav,English,I like to sleep,,i like to sleep,
/home/hp/Indain_children_spech/ASER-Dataset/audio_processed/Hindi RJ/5253/HI_S4_S_3.wav,English,I have a big house,,i have a big house,
/home/hp/Indain_children_spech/ASER-Dataset/audio_processed/Hindi RJ/5254/HI_S1_P_0.wav,Hindi,राधा के पास एक तोता है उसकी चोंच लाल है वह बहुत बोलता है सब को हँसाता है,राजा के पास एक तोता है उसके लालग है बहुत बोलता है सबको हसाता है,राधा के पास एक तोता है उसकी चोंच लाल है वह बहुत बोलता है सब को हँसाता है,राजा के पास एक तोता है उसके लालग है बहुत बोलता है सबको हसाता है
/home/hp/Indain_children_spech/ASER-Dataset/audio_processed/Hindi RJ/5254/HI_S1_ST_0.wav,Hindi,बहुत दिनों से बारिश हो रही थी गाँव में सभी जगह गंदा पानी भर गया था सभी बारिश के रुकने की राह देख रहे थे अचानक एक दिन बारिश रुक गई सूरज निकल आया सब लोग खुश हो गये आसमान में चिड़ियाँ उड़ने लगीं लोग अपने कपड़े सुखाने लगे बच्चे भी घरों से बाहर निकलकर खेलने लगे,बहुत दिनों से बारिश हो रही थी गाँव में सभी जगह गंदा पानी भर गया सभी बारिश के रुकने की राह देख रहे थे अचानक एक दिन बारिश रुक गई सूरज निकल आया सब लोग खुश हो गए आसमान में चिड़िया उड़ने लगी लोग अपने कपड़े सुखाने लगे बच्चे भी घरों से बाहर निकल कर खेलने लगे,बहुत दिनों से बारिश हो रही थी गाँव में सभी जगह गंदा पानी भर गया था सभी बारिश के रुकने की राह देख रहे थे अचानक एक दिन बारिश रुक गई सूरज निकल आया सब लोग खुश हो गये आसमान में चिड़ियाँ उड़ने लगीं लोग अपने कपड़े सुखाने लगे बच्चे भी घरों से बाहर निकलकर खेलने लगे,बहुत दिनों से बारिश हो रही थी गाँव में सभी जगह गंदा पानी भर गया सभी बारिश के रुकने की राह देख रहे थे अचानक एक दिन बारिश रुक गई सूरज निकल आया सब लोग खुश हो गए आसमान में चिड़िया उड़ने लगी लोग अपने कपड़े सुखाने लगे बच्चे भी घरों से बाहर निकल कर खेलने लगे
/home/hp/Indain_children_spech/ASER-Dataset/audio_processed/Hindi RJ/5254/HI_S1_S_0.wav,English,Where is your house,,where is your house,
/home/hp/Indain_children_spech/ASER-Dataset/audio_processed/Hindi RJ/5254/HI_S1_S_1.wav,English,This is a small bag,,this is a small bag,
/home/hp/Indain_children_spech/ASER-Dataset/audio_processed/Hindi RJ/5254/HI_S1_S_2.wav,English,I like to read,,i like to read,
/home/hp/Indain_children_spech/ASER-Dataset/audio_processed/Hindi RJ/5254/HI_S1_S_3.wav,English,I have a fat dog,,i have a fat dog,
/home/hp/Indain_children_spech/ASER-Dataset/audio_processed/Hindi RJ/5255/HI_S1_S_0.wav,English,Where is your house,,where is your house,
/home/hp/Indain_children_spech/ASER-Dataset/audio_processed/Hindi RJ/5255/HI_S1_S_1.wav,English,This is a small bag,,this is a small bag,
/home/hp/Indain_children_spech/ASER-Dataset/audio_processed/Hindi RJ/5255/HI_S1_S_2.wav,English,I like to read,,i like to read,
/home/hp/Indain_children_spech/ASER-Dataset/audio_processed/Hindi RJ/5255/HI_S1_S_3.wav,English,I have a fat dog,,i have a fat dog,
/home/hp/Indain_children_spech/ASER-Dataset/audio_processed/Hindi RJ/5256/HI_S2_P_1.wav,Hindi,मीना पढ़ने जाती है राजू भी साथ जाता है दोनों शाम को लौटकर आते हैं घर आकर खाना खाते हैं,मीना फढ़ने जाती है राजू भी साथ जाता है दोनों शाम को ले लेटकर आते हैं घर आकर खाना खाते हैं,मीना पढ़ने जाती है राजू भी साथ जाता है दोनों शाम को लौटकर आते हैं घर आकर खाना खाते हैं,मीना फढ़ने जाती है राजू भी साथ जाता है दोनों शाम को ले लेटकर आते हैं घर आकर खाना खाते हैं
/home/hp/Indain_children_spech/ASER-Dataset/audio_processed/Hindi RJ/5272/HI_S4_P_1.wav,Hindi,रूपा बाहर खेल रही थी खेलतेखेलते रात हो गई वह अपने घर चली गई रूपा खाना खाकर सो गई,रूपा बाह बा बाहर खेल रहनी थी खेलते खेलते खेलते खेलते रात हो गई वह अपने घर चली गई रूपा खाना खा कर सो गई,रूपा बाहर खेल रही थी खेलतेखेलते रात हो गई वह अपने घर चली गई रूपा खाना खाकर सो गई,रूपा बाह बा बाहर खेल रहनी थी खेलते खेलते खेलते खेलते रात हो गई वह अपने घर चली गई रूपा खाना खा कर सो गई
/home/hp/Indain_children_spech/ASER-Dataset/audio_processed/Hindi RJ/5274/HI_S2_P_1.wav,Hindi,मीना पढ़ने जाती है राजू भी साथ जाता है दोनों शाम को लौटकर आते हैं घर आकर खाना खाते हैं,जम पड़ा जम की चेखा नहीं प रा,मीना पढ़ने जाती है राजू भी साथ जाता है दोनों शाम को लौटकर आते हैं घर आकर खाना खाते हैं,जम पड़ा जम की चेखा नहीं प रा
/home/hp/Indain_children_spech/ASER-Dataset/audio_processed/Hindi UP/1345/HI_S4_P_0.wav,Hindi,बग़ीचे में पेड़ हैं पेड़ पर एक तोता रहता है तोते का रंग हरा है वह लाल टमाटर खाता है,बगीचे में पेड़ है पेड़ पर एक तोता रहता है तोते का रंग हरा है वह लाल टमाटर खाता है,बग़ीचे में पेड़ हैं पेड़ पर एक तोता रहता है तोते का रंग हरा है वह लाल टमाटर खाता है,बगीचे में पेड़ है पेड़ पर एक तोता रहता है तोते का रंग हरा है वह लाल टमाटर खाता है
/home/hp/Indain_children_spech/ASER-Dataset/audio_processed/Hindi UP/1345/HI_S4_ST_0.wav,Hindi,रामपुर में कुछ ज़मीन ख़ाली थी वहाँ कुछ नहीं उगता था वहाँ कोई खेलने नहीं जाता था एक दिन कुछ लोग आए उन्होंने गाँव के लोगों को बुलाया सबने मिलकर तय किया कि यहाँ बग़ीचा बनाया जाए खाद मंगाकर हर तरह के पौधे लगाये गए सही समय पर पानी दिया गया आज वहाँ एक सुंदर बग़ीचा है इसलिए वहाँ सब खेलने जाते हैं,रामपुर में कुछ जमीन खाली थी वहाँ कुछ नहीं उगता था वहाँ कोई खेलने नहीं जाता था एक दिन कुछ लोग आए उन्होंने गाँव के लोगों को बुलाया सबने मिलकर तय किया कि यह बगीचा बनाया जाए खाद मंगाकर हर तरह के पौधे लगाए गए सही समय पर पानी दिया गया आज वहाँ एक सुंदर बगीचा आज वह एक सुंदर बगीचा था बगीचा है इसीलिए वहाँ सब खेलने जाते हैं,रामपुर में कुछ ज़मीन ख़ाली थी वहाँ कुछ नहीं उगता था वहाँ कोई खेलने नहीं जाता था एक दिन कुछ लोग आए उन्होंने गाँव के लोगों को बुलाया सबने मिलकर तय किया कि यहाँ बग़ीचा बनाया जाए खाद मंगाकर हर तरह के पौधे लगाये गए सही समय पर पानी दिया गया आज वहाँ एक सुंदर बग़ीचा है इसलिए वहाँ सब खेलने जाते हैं,रामपुर में कुछ जमीन खाली थी वहाँ कुछ नहीं उगता था वहाँ कोई खेलने नहीं जाता था एक दिन कुछ लोग आए उन्होंने गाँव के लोगों को बुलाया सबने मिलकर तय किया कि यह बगीचा बनाया जाए खाद मंगाकर हर तरह के पौधे लगाए गए सही समय पर पानी दिया गया आज वहाँ एक सुंदर बगीचा आज वह एक सुंदर बगीचा था बगीचा है इसीलिए वहाँ सब खेलने जाते हैं
/home/hp/Indain_children_spech/ASER-Dataset/audio_processed/Hindi UP/1345/HI_S4_S_1.wav,English,This is a blue shirt,,this is a blue shirt,
/home/hp/Indain_children_spech/ASER-Dataset/audio_processed/Hindi UP/1345/HI_S4_S_0.wav,English,What is the time,,what is the time,
/home/hp/Indain_children_spech/ASER-Dataset/audio_processed/Hindi UP/1345/HI_S4_S_2.wav,English,I like to sleep,,i like to sleep,
/home/hp/Indain_children_spech/ASER-Dataset/audio_processed/Hindi UP/1345/HI_S4_S_3.wav,English,I have a big house,,i have a big house,
/home/hp/Indain_children_spech/ASER-Dataset/audio_processed/Hindi UP/1354/HI_S4_P_1.wav,Hindi,रूपा बाहर खेल रही थी खेलतेखेलते रात हो गई वह अपने घर चली गई रूपा खाना खाकर सो गई,रूपा बाहर खेल रही है खेलते खेलते रात हो गई वह अपने घर चली गई रूपा खाना खा कर सो गई,रूपा बाहर खेल रही थी खेलतेखेलते रात हो गई वह अपने घर चली गई रूपा खाना खाकर सो गई,रूपा बाहर खेल रही है खेलते खेलते रात हो गई वह अपने घर चली गई रूपा खाना खा कर सो गई
/home/hp/Indain_children_spech/ASER-Dataset/audio_processed/Hindi UP/1363/HI_S1_P_0.wav,Hindi,राधा के पास एक तोता है उसकी चोंच लाल है वह बहुत बोलता है सब को हँसाता है,राजू के पास एक तोता है उसके चोच लाल है वह बहुत बोलता है सब को हसता है बैठ बर सब लोग इधर आो,राधा के पास एक तोता है उसकी चोंच लाल है वह बहुत बोलता है सब को हँसाता है,राजू के पास एक तोता है उसके चोच लाल है वह बहुत बोलता है सब को हसता है बैठ बर सब लोग इधर आो
/home/hp/Indain_children_spech/ASER-Dataset/audio_processed/Hindi UP/1383/HI_S2_P_1.wav,Hindi,मीना पढ़ने जाती है राजू भी साथ जाता है दोनों शाम को लौटकर आते हैं घर आकर खाना खाते हैं,मीना पढ़ने जाती है राजू भी साथ जाता है दोनों शाम को लौटकर आते हैं घर आकर खाना खाते हैं,मीना पढ़ने जाती है राजू भी साथ जाता है दोनों शाम को लौटकर आते हैं घर आकर खाना खाते हैं,मीना पढ़ने जाती है राजू भी साथ जाता है दोनों शाम को लौटकर आते हैं घर आकर खाना खाते हैं
/home/hp/Indain_children_spech/ASER-Dataset/audio_processed/Hindi UP/1383/HI_S2_ST_0.wav,Hindi,सावन का महीना था आसमान में बहुत से काले बादल छाये थे ठंडी ठंडी हवा चल रही थी मैंने सोचा आज झूला झूलते हैं बड़े भैया एक मोटी सी रस्सी लेकर आए हमने उसे पेड़ से लटका कर झूला बनाया सब ने मिलकर खूब झूला झूला बहुत सारे बच्चे आकर मज़े से खेलने लगे खेलतेखेलते रात हो गई,सावन का महीना था आसमान में बहुत से काले बादल छाए थे ठंडी ठंडी हवा चल रही थी मैंने सोचा आज झूला झूलते हैं बड़े भैया एक मोटी सी रस्सी लेकर आए हमने उसे पेड़ से लटका कर झूला बनाया सन ने मिलकर खूब झूला झूला बहुत सारे बच्चे आकर मज़े से खेलने लगे खेलते खेलते रात हो गई,सावन का महीना था आसमान में बहुत से काले बादल छाये थे ठंडी ठंडी हवा चल रही थी मैंने सोचा आज झूला झूलते हैं बड़े भैया एक मोटी सी रस्सी लेकर आए हमने उसे पेड़ से लटका कर झूला बनाया सब ने मिलकर खूब झूला झूला बहुत सारे बच्चे आकर मज़े से खेलने लगे खेलतेखेलते रात हो गई,सावन का महीना था आसमान में बहुत से काले बादल छाए थे ठंडी ठंडी हवा चल रही थी मैंने सोचा आज झूला झूलते हैं बड़े भैया एक मोटी सी रस्सी लेकर आए हमने उसे पेड़ से लटका कर झूला बनाया सन ने मिलकर खूब झूला झूला बहुत सारे बच्चे आकर मज़े से खेलने लगे खेलते खेलते रात हो गई
/home/hp/Indain_children_spech/ASER-Dataset/audio_processed/Hindi UP/1399/HI_S1_P_0.wav,Hindi,राधा के पास एक तोता है उसकी चोंच लाल है वह बहुत बोलता है सब को हँसाता है,राधा के पास एक तोता है उसकी चोल लाल है वह बहुत बोलता है सबको हँसाता है,राधा के पास एक तोता है उसकी चोंच लाल है वह बहुत बोलता है सब को हँसाता है,राधा के पास एक तोता है उसकी चोल लाल है वह बहुत बोलता है सबको हँसाता है
/home/hp/Indain_children_spech/ASER-Dataset/audio_processed/Hindi UP/1399/HI_S1_ST_0.wav,Hindi,बहुत दिनों से बारिश हो रही थी गाँव में सभी जगह गंदा पानी भर गया था सभी बारिश के रुकने की राह देख रहे थे अचानक एक दिन बारिश रुक गई सूरज निकल आया सब लोग खुश हो गये आसमान में चिड़ियाँ उड़ने लगीं लोग अपने कपड़े सुखाने लगे बच्चे भी घरों से बाहर निकलकर खेलने लगे,बहुत दिनों से बारिश हो रही थी गाँव में सभी जगह गंदा पानी भर गया था सभी बारिश के रुकने की राह देख रहे थे अचानक एक दिन बारिश रुक गई सूरज निकल आया सब लोग खुश हो गए आसमान में चिड़िया उड़ने लगी लोग अपने कपड़े सुखाने लगे बच्चे भी घरों से बाहर निकल कर खेलने लगे,बहुत दिनों से बारिश हो रही थी गाँव में सभी जगह गंदा पानी भर गया था सभी बारिश के रुकने की राह देख रहे थे अचानक एक दिन बारिश रुक गई सूरज निकल आया सब लोग खुश हो गये आसमान में चिड़ियाँ उड़ने लगीं लोग अपने कपड़े सुखाने लगे बच्चे भी घरों से बाहर निकलकर खेलने लगे,बहुत दिनों से बारिश हो रही थी गाँव में सभी जगह गंदा पानी भर गया था सभी बारिश के रुकने की राह देख रहे थे अचानक एक दिन बारिश रुक गई सूरज निकल आया सब लोग खुश हो गए आसमान में चिड़िया उड़ने लगी लोग अपने कपड़े सुखाने लगे बच्चे भी घरों से बाहर निकल कर खेलने लगे
/home/hp/Indain_children_spech/ASER-Dataset/audio_processed/Hindi UP/1399/HI_S1_S_3.wav,English,I have a fat dog,,i have a fat dog,
/home/hp/Indain_children_spech/ASER-Dataset/audio_processed/Hindi UP/1399/HI_S1_S_2.wav,English,I like to read,,i like to read,
/home/hp/Indain_children_spech/ASER-Dataset/audio_processed/Hindi UP/1399/HI_S1_S_1.wav,English,This is a small bag,,this is a small bag,
/home/hp/Indain_children_spech/ASER-Dataset/audio_processed/Hindi UP/1399/HI_S1_S_0.wav,English,Where is your house,,where is your house,
/home/hp/Indain_children_spech/ASER-Dataset/audio_processed/Hindi UP/1402/HI_S1_P_0.wav,Hindi,राधा के पास एक तोता है उसकी चोंच लाल है वह बहुत बोलता है सब को हँसाता है,दादा के पास एक तोता है उसकी चो लाल है हुआ बहुत बोलता है सबको हसाता है,राधा के पास एक तोता है उसकी चोंच लाल है वह बहुत बोलता है सब को हँसाता है,दादा के पास एक तोता है उसकी चो लाल है हुआ बहुत बोलता है सबको हसाता है
/home/hp/Indain_children_spech/ASER-Dataset/audio_processed/Hindi UP/1402/HI_S1_ST_0.wav,Hindi,बहुत दिनों से बारिश हो रही थी गाँव में सभी जगह गंदा पानी भर गया था सभी बारिश के रुकने की राह देख रहे थे अचानक एक दिन बारिश रुक गई सूरज निकल आया सब लोग खुश हो गये आसमान में चिड़ियाँ उड़ने लगीं लोग अपने कपड़े सुखाने लगे बच्चे भी घरों से बाहर निकलकर खेलने लगे,बहुत दिनों से बारिश हो रही थी गावों में सभी जगह गंदा पानी भर गया था सभी बारिश के रुकने की राह देख रहे थे अचानक एक दिन बारिश रुक गईदर निकल आया सब लोग खुश हो गए आसमान में चिड़िया उड़ने लगी लोग अपने कपड़े सुखाने लगे बच्चे भी घरों से बाहर निकल कर खेलने लगे,बहुत दिनों से बारिश हो रही थी गाँव में सभी जगह गंदा पानी भर गया था सभी बारिश के रुकने की राह देख रहे थे अचानक एक दिन बारिश रुक गई सूरज निकल आया सब लोग खुश हो गये आसमान में चिड़ियाँ उड़ने लगीं लोग अपने कपड़े सुखाने लगे बच्चे भी घरों से बाहर निकलकर खेलने लगे,बहुत दिनों से बारिश हो रही थी गावों में सभी जगह गंदा पानी भर गया था सभी बारिश के रुकने की राह देख रहे थे अचानक एक दिन बारिश रुक गईदर निकल आया सब लोग खुश हो गए आसमान में चिड़िया उड़ने लगी लोग अपने कपड़े सुखाने लगे बच्चे भी घरों से बाहर निकल कर खेलने लगे
/home/hp/Indain_children_spech/ASER-Dataset/audio_processed/Hindi UP/1402/HI_S1_S_0.wav,English,Where is your house,,where is your house,
/home/hp/Indain_children_spech/ASER-Dataset/audio_processed/Hindi UP/1402/HI_S1_S_1.wav,English,This is a small bag,,this is a small bag,
/home/hp/Indain_children_spech/ASER-Dataset/audio_processed/Hindi UP/1402/HI_S1_S_2.wav,English,I like to read,,i like to read,
/home/hp/Indain_children_spech/ASER-Dataset/audio_processed/Hindi UP/1402/HI_S1_S_3.wav,English,I have a fat dog,,i have a fat dog,
/home/hp/Indain_children_spech/ASER-Dataset/audio_processed/Hindi UP/1426/HI_S2_P_0.wav,Hindi,सोनी के पास एक माला है उसमें बहुत सारे मोती हैं मोती पीले रंग के हैं सोनी उसे पहनती है,सोनी के पास एक माला है उसमें बहुत सारे मोती हैं मोती पीले रंग के हैंोन सोनी उसे पहनाती है,सोनी के पास एक माला है उसमें बहुत सारे मोती हैं मोती पीले रंग के हैं सोनी उसे पहनती है,सोनी के पास एक माला है उसमें बहुत सारे मोती हैं मोती पीले रंग के हैंोन सोनी उसे पहनाती है
/home/hp/Indain_children_spech/ASER-Dataset/audio_processed/Hindi UP/1426/HI_S2_S_0.wav,English,What is the time,,what is the time,
/home/hp/Indain_children_spech/ASER-Dataset/audio_processed/Hindi UP/1426/HI_S2_S_1.wav,English,This is a red ball,,this is a red ball,
/home/hp/Indain_children_spech/ASER-Dataset/audio_processed/Hindi UP/1426/HI_S2_S_2.wav,English,I like to play,,i like to play,
/home/hp/Indain_children_spech/ASER-Dataset/audio_processed/Hindi UP/1426/HI_S2_S_3.wav,English,I have a small house,,i have a small house,
/home/hp/Indain_children_spech/ASER-Dataset/audio_processed/Hindi UP/1431/HI_S4_P_0.wav,Hindi,बग़ीचे में पेड़ हैं पेड़ पर एक तोता रहता है तोते का रंग हरा है वह लाल टमाटर खाता है,बगीचे में पेड़ है पेड़ पर एक तोता रहता है तोता का रंग बरा है वह लाल टमाटर खाता है,बग़ीचे में पेड़ हैं पेड़ पर एक तोता रहता है तोते का रंग हरा है वह लाल टमाटर खाता है,बगीचे में पेड़ है पेड़ पर एक तोता रहता है तोता का रंग बरा है वह लाल टमाटर खाता है
/home/hp/Indain_children_spech/ASER-Dataset/audio_processed/Hindi UP/1437/HI_S1_P_0.wav,Hindi,राधा के पास एक तोता है उसकी चोंच लाल है वह बहुत बोलता है सब को हँसाता है,राधा के पास एक तोथ है उसकी चोंच लाल है वह बहुत बोलता है सब को हँसाता है,राधा के पास एक तोता है उसकी चोंच लाल है वह बहुत बोलता है सब को हँसाता है,राधा के पास एक तोथ है उसकी चोंच लाल है वह बहुत बोलता है सब को हँसाता है
/home/hp/Indain_children_spech/ASER-Dataset/audio_processed/Hindi UP/1445/HI_S4_P_0.wav,Hindi,बग़ीचे में पेड़ हैं पेड़ पर एक तोता रहता है तोते का रंग हरा है वह लाल टमाटर खाता है,बगीचे में पेड़ है पेड़ पर एक तोता रहता है तोते का रंग हरा है वह लाल टमाटर खाता है,बग़ीचे में पेड़ हैं पेड़ पर एक तोता रहता है तोते का रंग हरा है वह लाल टमाटर खाता है,बगीचे में पेड़ है पेड़ पर एक तोता रहता है तोते का रंग हरा है वह लाल टमाटर खाता है
/home/hp/Indain_children_spech/ASER-Dataset/audio_processed/Hindi UP/1457/HI_S2_P_0.wav,Hindi,सोनी के पास एक माला है उसमें बहुत सारे मोती हैं मोती पीले रंग के हैं सोनी उसे पहनती है,सोनी के पास एक माला है उसम बहुत सारे मोती है मोती पीले रंग की है सोनी उसे पहनती है,सोनी के पास एक माला है उसमें बहुत सारे मोती हैं मोती पीले रंग के हैं सोनी उसे पहनती है,सोनी के पास एक माला है उसम बहुत सारे मोती है मोती पीले रंग की है सोनी उसे पहनती है
/home/hp/Indain_children_spech/ASER-Dataset/audio_processed/Hindi UP/1457/HI_S2_ST_0.wav,Hindi,सावन का महीना था आसमान में बहुत से काले बादल छाये थे ठंडी ठंडी हवा चल रही थी मैंने सोचा आज झूला झूलते हैं बड़े भैया एक मोटी सी रस्सी लेकर आए हमने उसे पेड़ से लटका कर झूला बनाया सब ने मिलकर खूब झूला झूला बहुत सारे बच्चे आकर मज़े से खेलने लगे खेलतेखेलते रात हो गई,सावन का महीना था आसमान में बहुत से काले बादल छाय थे ठंडी ठंडी हवा चल रही थी मैंने सोचा आ बड़े भैया एक मोटी सी रस्सी लेकर आए हमने उसे पेड़ से लटका कर झूला बनाया सबने मिलकर खूब झूला झूला बहुत सारे बच्चे अकर मजे से खेलने लगे खेलते खेलते रात हो गई,सावन का महीना था आसमान में बहुत से काले बादल छाये थे ठंडी ठंडी हवा चल रही थी मैंने सोचा आज झूला झूलते हैं बड़े भैया एक मोटी सी रस्सी लेकर आए हमने उसे पेड़ से लटका कर झूला बनाया सब ने मिलकर खूब झूला झूला बहुत सारे बच्चे आकर मज़े से खेलने लगे खेलतेखेलते रात हो गई,सावन का महीना था आसमान में बहुत से काले बादल छाय थे ठंडी ठंडी हवा चल रही थी मैंने सोचा आ बड़े भैया एक मोटी सी रस्सी लेकर आए हमने उसे पेड़ से लटका कर झूला बनाया सबने मिलकर खूब झूला झूला बहुत सारे बच्चे अकर मजे से खेलने लगे खेलते खेलते रात हो गई
/home/hp/Indain_children_spech/ASER-Dataset/audio_processed/Hindi UP/1457/HI_S2_S_0.wav,English,What is the time,,what is the time,
/home/hp/Indain_children_spech/ASER-Dataset/audio_processed/Hindi UP/1457/HI_S2_S_1.wav,English,This is a red ball,,this is a red ball,
/home/hp/Indain_children_spech/ASER-Dataset/audio_processed/Hindi UP/1457/HI_S2_S_2.wav,English,I like to play,,i like to play,
/home/hp/Indain_children_spech/ASER-Dataset/audio_processed/Hindi UP/1457/HI_S2_S_3.wav,English,I have a small house,,i have a small house,
/home/hp/Indain_children_spech/ASER-Dataset/audio_processed/Hindi UP/1468/HI_S3_P_1.wav,Hindi,काले बादल छाए हैं तेज़ बारिश हो रही है मोर भी नाच रहा है सब नाच देख रहे हैं,होता नहीं,काले बादल छाए हैं तेज़ बारिश हो रही है मोर भी नाच रहा है सब नाच देख रहे हैं,होता नहीं
/home/hp/Indain_children_spech/ASER-Dataset/audio_processed/Hindi UP/1475/HI_S1_P_0.wav,Hindi,राधा के पास एक तोता है उसकी चोंच लाल है वह बहुत बोलता है सब को हँसाता है,पढ़ो प ले हाथ में पढ़ो पढ़ो इसको नहीं आता क्या,राधा के पास एक तोता है उसकी चोंच लाल है वह बहुत बोलता है सब को हँसाता है,पढ़ो प ले हाथ में पढ़ो पढ़ो इसको नहीं आता क्या
/home/hp/Indain_children_spech/ASER-Dataset/audio_processed/Hindi UP/1477/HI_S1_P_1.wav,Hindi,माँ ने हलवा बनाया वह बहुत मीठा था उसे सोनी ने खाया खाने के बाद वह सो गई,,माँ ने हलवा बनाया वह बहुत मीठा था उसे सोनी ने खाया खाने के बाद वह सो गई,
/home/hp/Indain_children_spech/ASER-Dataset/audio_processed/Hindi UP/1490/HI_S2_P_0.wav,Hindi,सोनी के पास एक माला है उसमें बहुत सारे मोती हैं मोती पीले रंग के हैं सोनी उसे पहनती है,सोनी के पास एक माला है उसमें बहुत सारे मोती है मोती पीले रंग के है सोनी उसे पहनती है,सोनी के पास एक माला है उसमें बहुत सारे मोती हैं मोती पीले रंग के हैं सोनी उसे पहनती है,सोनी के पास एक माला है उसमें बहुत सारे मोती है मोती पीले रंग के है सोनी उसे पहनती है
/home/hp/Indain_children_spech/ASER-Dataset/audio_processed/Hindi UP/1490/HI_S2_S_0.wav,English,What is the time,,what is the time,
/home/hp/Indain_children_spech/ASER-Dataset/audio_processed/Hindi UP/1490/HI_S2_S_1.wav,English,This is a red ball,,this is a red ball,
/home/hp/Indain_children_spech/ASER-Dataset/audio_processed/Hindi UP/1490/HI_S2_S_2.wav,English,I like to play,,i like to play,
/home/hp/Indain_children_spech/ASER-Dataset/audio_processed/Hindi UP/1490/HI_S2_S_3.wav,English,I have a small house,,i have a small house,
/home/hp/Indain_children_spech/ASER-Dataset/audio_processed/Hindi UP/1499/HI_S1_P_1.wav,Hindi,माँ ने हलवा बनाया वह बहुत मीठा था उसे सोनी ने खाया खाने के बाद वह सो गई,माँ ने हलवा बनाया वह बहुत मीठा था उसने उससे सोनी ने खाया खाने के बाद वह सो गई,माँ ने हलवा बनाया वह बहुत मीठा था उसे सोनी ने खाया खाने के बाद वह सो गई,माँ ने हलवा बनाया वह बहुत मीठा था उसने उससे सोनी ने खाया खाने के बाद वह सो गई
/home/hp/Indain_children_spech/ASER-Dataset/audio_processed/Hindi UP/1530/HI_S2_P_0.wav,Hindi,सोनी के पास एक माला है उसमें बहुत सारे मोती हैं मोती पीले रंग के हैं सोनी उसे पहनती है,सोनी के पास एक माला है उसमें बहुत सारे मोते है मोती पीले रंग के है सोनी पहनती है,सोनी के पास एक माला है उसमें बहुत सारे मोती हैं मोती पीले रंग के हैं सोनी उसे पहनती है,सोनी के पास एक माला है उसमें बहुत सारे मोते है मोती पीले रंग के है सोनी पहनती है
/home/hp/Indain_children_spech/ASER-Dataset/audio_processed/Hindi UP/1530/HI_S2_ST_0.wav,Hindi,सावन का महीना था आसमान में बहुत से काले बादल छाये थे ठंडी ठंडी हवा चल रही थी मैंने सोचा आज झूला झूलते हैं बड़े भैया एक मोटी सी रस्सी लेकर आए हमने उसे पेड़ से लटका कर झूला बनाया सब ने मिलकर खूब झूला झूला बहुत सारे बच्चे आकर मज़े से खेलने लगे खेलतेखेलते रात हो गई,सावन का महीना था आसमान में बहुत से बाद का बाद छ थे ठंडी ठंडी हवा चल रही थी मैंने सच आज झूला झूते बड़ भ एक मोटी सी रस्सी लेकर आय हमने उसे पेड़ से लड़का लड़का कर झूला बनाया सब में मिलकर खूब झूला झूला बहुत सारे बच्चे अपन मजे से खेलने लगे खेलते खेलतेए,सावन का महीना था आसमान में बहुत से काले बादल छाये थे ठंडी ठंडी हवा चल रही थी मैंने सोचा आज झूला झूलते हैं बड़े भैया एक मोटी सी रस्सी लेकर आए हमने उसे पेड़ से लटका कर झूला बनाया सब ने मिलकर खूब झूला झूला बहुत सारे बच्चे आकर मज़े से खेलने लगे खेलतेखेलते रात हो गई,सावन का महीना था आसमान में बहुत से बाद का बाद छ थे ठंडी ठंडी हवा चल रही थी मैंने सच आज झूला झूते बड़ भ एक मोटी सी रस्सी लेकर आय हमने उसे पेड़ से लड़का लड़का कर झूला बनाया सब में मिलकर खूब झूला झूला बहुत सारे बच्चे अपन मजे से खेलने लगे खेलते खेलतेए
/home/hp/Indain_children_spech/ASER-Dataset/audio_processed/Hindi UP/1530/HI_S2_S_0.wav,English,What is the time,,what is the time,
/home/hp/Indain_children_spech/ASER-Dataset/audio_processed/Hindi UP/1530/HI_S2_S_1.wav,English,This is a red ball,,this is a red ball,
/home/hp/Indain_children_spech/ASER-Dataset/audio_processed/Hindi UP/1530/HI_S2_S_2.wav,English,I like to play,,i like to play,
/home/hp/Indain_children_spech/ASER-Dataset/audio_processed/Hindi UP/1530/HI_S2_S_3.wav,English,I have a small house,,i have a small house,
/home/hp/Indain_children_spech/ASER-Dataset/audio_processed/Hindi UP/1539/HI_S1_P_0.wav,Hindi,राधा के पास एक तोता है उसकी चोंच लाल है वह बहुत बोलता है सब को हँसाता है,आधा के पास एक तोता था तोता है उसकी चोंच लाल है वह बहुत बोलता है सबको हँसाता है,राधा के पास एक तोता है उसकी चोंच लाल है वह बहुत बोलता है सब को हँसाता है,आधा के पास एक तोता था तोता है उसकी चोंच लाल है वह बहुत बोलता है सबको हँसाता है
/home/hp/Indain_children_spech/ASER-Dataset/audio_processed/Hindi UP/1552/HI_S1_P_1.wav,Hindi,माँ ने हलवा बनाया वह बहुत मीठा था उसे सोनी ने खाया खाने के बाद वह सो गई,य माँ ने हलवा बनाया वह बहुत मीठा था उसे सोनी ने खाया खाने के बाद वह सो गईी,माँ ने हलवा बनाया वह बहुत मीठा था उसे सोनी ने खाया खाने के बाद वह सो गई,य माँ ने हलवा बनाया वह बहुत मीठा था उसे सोनी ने खाया खाने के बाद वह सो गईी
/home/hp/Indain_children_spech/ASER-Dataset/audio_processed/Hindi UP/1552/HI_S1_ST_0.wav,Hindi,बहुत दिनों से बारिश हो रही थी गाँव में सभी जगह गंदा पानी भर गया था सभी बारिश के रुकने की राह देख रहे थे अचानक एक दिन बारिश रुक गई सूरज निकल आया सब लोग खुश हो गये आसमान में चिड़ियाँ उड़ने लगीं लोग अपने कपड़े सुखाने लगे बच्चे भी घरों से बाहर निकलकर खेलने लगे,बहुत दिनों ऐसी बारिश हो रही थी गाँव में सभी जगह गंदा पानी भर गया था सभी बारिशु की रा देख रहे थे अचानक एक दिन बारिश रु गय सूरज निकल आया सब लोग खुश हो गए आसमान में चिड़िया उड़ने लगी लोग अपने कपड़े सुखाने लगे बच्चे भी घरों सेऐसी बाहर निकल कर खेलने लगे,बहुत दिनों से बारिश हो रही थी गाँव में सभी जगह गंदा पानी भर गया था सभी बारिश के रुकने की राह देख रहे थे अचानक एक दिन बारिश रुक गई सूरज निकल आया सब लोग खुश हो गये आसमान में चिड़ियाँ उड़ने लगीं लोग अपने कपड़े सुखाने लगे बच्चे भी घरों से बाहर निकलकर खेलने लगे,बहुत दिनों ऐसी बारिश हो रही थी गाँव में सभी जगह गंदा पानी भर गया था सभी बारिशु की रा देख रहे थे अचानक एक दिन बारिश रु गय सूरज निकल आया सब लोग खुश हो गए आसमान में चिड़िया उड़ने लगी लोग अपने कपड़े सुखाने लगे बच्चे भी घरों सेऐसी बाहर निकल कर खेलने लगे
/home/hp/Indain_children_spech/ASER-Dataset/audio_processed/Hindi UP/1552/HI_S1_S_0.wav,English,Where is your house,,where is your house,
/home/hp/Indain_children_spech/ASER-Dataset/audio_processed/Hindi UP/1552/HI_S1_S_1.wav,English,This is a small bag,,this is a small bag,
/home/hp/Indain_children_spech/ASER-Dataset/audio_processed/Hindi UP/1552/HI_S1_S_2.wav,English,I like to read,,i like to read,
/home/hp/Indain_children_spech/ASER-Dataset/audio_processed/Hindi UP/1552/HI_S1_S_3.wav,English,I have a fat dog,,i have a fat dog,
/home/hp/Indain_children_spech/ASER-Dataset/audio_processed/Hindi UP/1553/HI_S4_P_0.wav,Hindi,बग़ीचे में पेड़ हैं पेड़ पर एक तोता रहता है तोते का रंग हरा है वह लाल टमाटर खाता है,बगीचे में पेड़ है पेड़ पर एक तोता रहता है तो तोते का रंग हरा है वह लाल टमाटर खाता है,बग़ीचे में पेड़ हैं पेड़ पर एक तोता रहता है तोते का रंग हरा है वह लाल टमाटर खाता है,बगीचे में पेड़ है पेड़ पर एक तोता रहता है तो तोते का रंग हरा है वह लाल टमाटर खाता है
/home/hp/Indain_children_spech/ASER-Dataset/audio_processed/Hindi UP/1554/HI_S1_P_0.wav,Hindi,राधा के पास एक तोता है उसकी चोंच लाल है वह बहुत बोलता है सब को हँसाता है,राधा को आपसे एक तोता है उसकी चक्की लके है वह बहुत बालता है सब हम ह साथियों हमारे साथियों हैं,राधा के पास एक तोता है उसकी चोंच लाल है वह बहुत बोलता है सब को हँसाता है,राधा को आपसे एक तोता है उसकी चक्की लके है वह बहुत बालता है सब हम ह साथियों हमारे साथियों हैं
/home/hp/Indain_children_spech/ASER-Dataset/audio_processed/Hindi UP/1560/HI_S1_P_1.wav,Hindi,माँ ने हलवा बनाया वह बहुत मीठा था उसे सोनी ने खाया खाने के बाद वह सो गई,ने हलवा बनाया बहुत मीठा था उ उसे सोनी ने खाया खाने के बाद वहाँ सो गईुहार पह ही नहींा्ल्दी कर,माँ ने हलवा बनाया वह बहुत मीठा था उसे सोनी ने खाया खाने के बाद वह सो गई,ने हलवा बनाया बहुत मीठा था उ उसे सोनी ने खाया खाने के बाद वहाँ सो गईुहार पह ही नहींा्ल्दी कर
/home/hp/Indain_children_spech/ASER-Dataset/audio_processed/Hindi UP/1560/HI_S1_ST_0.wav,Hindi,बहुत दिनों से बारिश हो रही थी गाँव में सभी जगह गंदा पानी भर गया था सभी बारिश के रुकने की राह देख रहे थे अचानक एक दिन बारिश रुक गई सूरज निकल आया सब लोग खुश हो गये आसमान में चिड़ियाँ उड़ने लगीं लोग अपने कपड़े सुखाने लगे बच्चे भी घरों से बाहर निकलकर खेलने लगे,बहुत दिन से बारिश हो रही थी गाँव में सभी घ,बहुत दिनों से बारिश हो रही थी गाँव में सभी जगह गंदा पानी भर गया था सभी बारिश के रुकने की राह देख रहे थे अचानक एक दिन बारिश रुक गई सूरज निकल आया सब लोग खुश हो गये आसमान में चिड़ियाँ उड़ने लगीं लोग अपने कपड़े सुखाने लगे बच्चे भी घरों से बाहर निकलकर खेलने लगे,बहुत दिन से बारिश हो रही थी गाँव में सभी घ
/home/hp/Indain_children_spech/ASER-Dataset/audio_processed/Hindi UP/1566/HI_S1_P_1.wav,Hindi,माँ ने हलवा बनाया वह बहुत मीठा था उसे सोनी ने खाया खाने के बाद वह सो गई,मा ने हलवा बनाया वह बहुत मीठा है उसे सोनी ने खाया खाने के बाद वह सो गई,माँ ने हलवा बनाया वह बहुत मीठा था उसे सोनी ने खाया खाने के बाद वह सो गई,मा ने हलवा बनाया वह बहुत मीठा है उसे सोनी ने खाया खाने के बाद वह सो गई
/home/hp/Indain_children_spech/ASER-Dataset/audio_processed/Hindi UP/1566/HI_S1_S_0.wav,English,Where is your house,,where is your house,
/home/hp/Indain_children_spech/ASER-Dataset/audio_processed/Hindi UP/1566/HI_S1_S_1.wav,English,This is a small bag,,this is a small bag,
/home/hp/Indain_children_spech/ASER-Dataset/audio_processed/Hindi UP/1566/HI_S1_S_2.wav,English,I like to read,,i like to read,
/home/hp/Indain_children_spech/ASER-Dataset/audio_processed/Hindi UP/1566/HI_S1_S_3.wav,English,I have a fat dog,,i have a fat dog,
/home/hp/Indain_children_spech/ASER-Dataset/audio_processed/Hindi UP/1567/HI_S1_P_0.wav,Hindi,राधा के पास एक तोता है उसकी चोंच लाल है वह बहुत बोलता है सब को हँसाता है,राा के प एक चौथ है केौ उसकीौचला बहुत बलता जाता है राधा के पास एक तोता है उसकी चौजला व बहुत बलतार है,राधा के पास एक तोता है उसकी चोंच लाल है वह बहुत बोलता है सब को हँसाता है,राा के प एक चौथ है केौ उसकीौचला बहुत बलता जाता है राधा के पास एक तोता है उसकी चौजला व बहुत बलतार है
/home/hp/Indain_children_spech/ASER-Dataset/audio_processed/Hindi UP/1567/HI_S1_ST_0.wav,Hindi,बहुत दिनों से बारिश हो रही थी गाँव में सभी जगह गंदा पानी भर गया था सभी बारिश के रुकने की राह देख रहे थे अचानक एक दिन बारिश रुक गई सूरज निकल आया सब लोग खुश हो गये आसमान में चिड़ियाँ उड़ने लगीं लोग अपने कपड़े सुखाने लगे बच्चे भी घरों से बाहर निकलकर खेलने लगे,,बहुत दिनों से बारिश हो रही थी गाँव में सभी जगह गंदा पानी भर गया था सभी बारिश के रुकने की राह देख रहे थे अचानक एक दिन बारिश रुक गई सूरज निकल आया सब लोग खुश हो गये आसमान में चिड़ियाँ उड़ने लगीं लोग अपने कपड़े सुखाने लगे बच्चे भी घरों से बाहर निकलकर खेलने लगे,
/home/hp/Indain_children_spech/ASER-Dataset/audio_processed/Hindi UP/1590/HI_S2_P_1.wav,Hindi,मीना पढ़ने जाती है राजू भी साथ जाता है दोनों शाम को लौटकर आते हैं घर आकर खाना खाते हैं,मीना पढ़ने जाती है राजू भी साथ जाता है दोनों शाम को लौट कर आते हैं घर आकर खाना खाते हैं,मीना पढ़ने जाती है राजू भी साथ जाता है दोनों शाम को लौटकर आते हैं घर आकर खाना खाते हैं,मीना पढ़ने जाती है राजू भी साथ जाता है दोनों शाम को लौट कर आते हैं घर आकर खाना खाते हैं
/home/hp/Indain_children_spech/ASER-Dataset/audio_processed/Hindi UP/1590/HI_S2_ST_0.wav,Hindi,सावन का महीना था आसमान में बहुत से काले बादल छाये थे ठंडी ठंडी हवा चल रही थी मैंने सोचा आज झूला झूलते हैं बड़े भैया एक मोटी सी रस्सी लेकर आए हमने उसे पेड़ से लटका कर झूला बनाया सब ने मिलकर खूब झूला झूला बहुत सारे बच्चे आकर मज़े से खेलने लगे खेलतेखेलते रात हो गई,सावन का महीना था आसमान में बहुत से काले बादल छाए थे ठंडी ठंडी हवा चल रही थी मैंने सोचा आज झूला झूलते हैं बड़े भैया एक मोटी सी रस्सी लेकर आए हमने उस पेड़ से लटका लटका कर झूला बनाया सब ने मिलकर खूब झूला झूला बहुत सारे बच्चे आकर मजे से खेलने लगे खेलते खेलते रात हो गई,सावन का महीना था आसमान में बहुत से काले बादल छाये थे ठंडी ठंडी हवा चल रही थी मैंने सोचा आज झूला झूलते हैं बड़े भैया एक मोटी सी रस्सी लेकर आए हमने उसे पेड़ से लटका कर झूला बनाया सब ने मिलकर खूब झूला झूला बहुत सारे बच्चे आकर मज़े से खेलने लगे खेलतेखेलते रात हो गई,सावन का महीना था आसमान में बहुत से काले बादल छाए थे ठंडी ठंडी हवा चल रही थी मैंने सोचा आज झूला झूलते हैं बड़े भैया एक मोटी सी रस्सी लेकर आए हमने उस पेड़ से लटका लटका कर झूला बनाया सब ने मिलकर खूब झूला झूला बहुत सारे बच्चे आकर मजे से खेलने लगे खेलते खेलते रात हो गई
/home/hp/Indain_children_spech/ASER-Dataset/audio_processed/Hindi UP/1590/HI_S2_S_0.wav,English,What is the time,,what is the time,
/home/hp/Indain_children_spech/ASER-Dataset/audio_processed/Hindi UP/1590/HI_S2_S_1.wav,English,This is a red ball,,this is a red ball,
/home/hp/Indain_children_spech/ASER-Dataset/audio_processed/Hindi UP/1590/HI_S2_S_2.wav,English,I like to play,,i like to play,
/home/hp/Indain_children_spech/ASER-Dataset/audio_processed/Hindi UP/1590/HI_S2_S_3.wav,English,I have a small house,,i have a small house,
/home/hp/Indain_children_spech/ASER-Dataset/audio_processed/Hindi UP/1604/HI_S1_P_0.wav,Hindi,राधा के पास एक तोता है उसकी चोंच लाल है वह बहुत बोलता है सब को हँसाता है,राधा के पास एक तोोटा है उसके चोच लाल है वह बहुत बोलता है सब को हँसाता है,राधा के पास एक तोता है उसकी चोंच लाल है वह बहुत बोलता है सब को हँसाता है,राधा के पास एक तोोटा है उसके चोच लाल है वह बहुत बोलता है सब को हँसाता है
/home/hp/Indain_children_spech/ASER-Dataset/audio_processed/Hindi UP/1611/HI_S4_P_0.wav,Hindi,बग़ीचे में पेड़ हैं पेड़ पर एक तोता रहता है तोते का रंग हरा है वह लाल टमाटर खाता है,बगीचे में पेड़ पेड़ है पेड़ पर एक तोता रहता है तोोते का रंग हरा है वह लाल टमाटर खाता है,बग़ीचे में पेड़ हैं पेड़ पर एक तोता रहता है तोते का रंग हरा है वह लाल टमाटर खाता है,बगीचे में पेड़ पेड़ है पेड़ पर एक तोता रहता है तोोते का रंग हरा है वह लाल टमाटर खाता है
/home/hp/Indain_children_spech/ASER-Dataset/audio_processed/Hindi UP/1611/HI_S4_ST_0.wav,Hindi,रामपुर में कुछ ज़मीन ख़ाली थी वहाँ कुछ नहीं उगता था वहाँ कोई खेलने नहीं जाता था एक दिन कुछ लोग आए उन्होंने गाँव के लोगों को बुलाया सबने मिलकर तय किया कि यहाँ बग़ीचा बनाया जाए खाद मंगाकर हर तरह के पौधे लगाये गए सही समय पर पानी दिया गया आज वहाँ एक सुंदर बग़ीचा है इसलिए वहाँ सब खेलने जाते हैं,रामपुर में कुछ ज़मीन खाली थी व वहाँ कुछ नहीं उगता था वहाँ कोई खेलने नहीं जाता था एक दिन कुछ लोग आए उन्होंने गाँव के लोगों को बुलाया सब सबने मिलकर तय किया कि यह बगीचा बनाया जाए खाद माँंग कर हर तरह के पौधे लगाए गए सही सही समय पर पानी दिया गया आज वह एक सुंदर बगीचा है इसलिए वहाँ सब खेलने जाते हैं,रामपुर में कुछ ज़मीन ख़ाली थी वहाँ कुछ नहीं उगता था वहाँ कोई खेलने नहीं जाता था एक दिन कुछ लोग आए उन्होंने गाँव के लोगों को बुलाया सबने मिलकर तय किया कि यहाँ बग़ीचा बनाया जाए खाद मंगाकर हर तरह के पौधे लगाये गए सही समय पर पानी दिया गया आज वहाँ एक सुंदर बग़ीचा है इसलिए वहाँ सब खेलने जाते हैं,रामपुर में कुछ ज़मीन खाली थी व वहाँ कुछ नहीं उगता था वहाँ कोई खेलने नहीं जाता था एक दिन कुछ लोग आए उन्होंने गाँव के लोगों को बुलाया सब सबने मिलकर तय किया कि यह बगीचा बनाया जाए खाद माँंग कर हर तरह के पौधे लगाए गए सही सही समय पर पानी दिया गया आज वह एक सुंदर बगीचा है इसलिए वहाँ सब खेलने जाते हैं
/home/hp/Indain_children_spech/ASER-Dataset/audio_processed/Hindi UP/1611/HI_S4_S_2.wav,English,I like to sleep,,i like to sleep,
/home/hp/Indain_children_spech/ASER-Dataset/audio_processed/Hindi UP/1614/HI_S1_P_0.wav,Hindi,राधा के पास एक तोता है उसकी चोंच लाल है वह बहुत बोलता है सब को हँसाता है,य है न राजा के पास एक होता है उसकी चोंच लाल है वह बहुत बोलता है सबको ह सबक हँसाता है,राधा के पास एक तोता है उसकी चोंच लाल है वह बहुत बोलता है सब को हँसाता है,य है न राजा के पास एक होता है उसकी चोंच लाल है वह बहुत बोलता है सबको ह सबक हँसाता है
/home/hp/Indain_children_spech/ASER-Dataset/audio_processed/Hindi UP/1614/HI_S1_ST_0.wav,Hindi,बहुत दिनों से बारिश हो रही थी गाँव में सभी जगह गंदा पानी भर गया था सभी बारिश के रुकने की राह देख रहे थे अचानक एक दिन बारिश रुक गई सूरज निकल आया सब लोग खुश हो गये आसमान में चिड़ियाँ उड़ने लगीं लोग अपने कपड़े सुखाने लगे बच्चे भी घरों से बाहर निकलकर खेलने लगे,बहुत दिनों से बारिश हो रही थी गाँव में में सभी जगह गंदा पानी भर गया सभी बारिश के के रुक रोकने की की राह देख रहे थे अचानक एक दिन बारिश रुक गई सूरज निकला निकल आया सब लोग सुख सुख खुश हो गए आसमान में चिड़िया उड़ने लगीं लोग अपने कपड़े सुखने लगे बच्चे भी घरों से घर से बाहर खेलने लगे,बहुत दिनों से बारिश हो रही थी गाँव में सभी जगह गंदा पानी भर गया था सभी बारिश के रुकने की राह देख रहे थे अचानक एक दिन बारिश रुक गई सूरज निकल आया सब लोग खुश हो गये आसमान में चिड़ियाँ उड़ने लगीं लोग अपने कपड़े सुखाने लगे बच्चे भी घरों से बाहर निकलकर खेलने लगे,बहुत दिनों से बारिश हो रही थी गाँव में में सभी जगह गंदा पानी भर गया सभी बारिश के के रुक रोकने की की राह देख रहे थे अचानक एक दिन बारिश रुक गई सूरज निकला निकल आया सब लोग सुख सुख खुश हो गए आसमान में चिड़िया उड़ने लगीं लोग अपने कपड़े सुखने लगे बच्चे भी घरों से घर से बाहर खेलने लगे
/home/hp/Indain_children_spech/ASER-Dataset/audio_processed/Hindi UP/1614/HI_S1_S_0.wav,English,Where is your house,,where is your house,
/home/hp/Indain_children_spech/ASER-Dataset/audio_processed/Hindi UP/1614/HI_S1_S_1.wav,English,This is a small bag,,this is a small bag,
/home/hp/Indain_children_spech/ASER-Dataset/audio_processed/Hindi UP/1614/HI_S1_S_2.wav,English,I like to read,,i like to read,
/home/hp/Indain_children_spech/ASER-Dataset/audio_processed/Hindi UP/1614/HI_S1_S_3.wav,English,I have a fat dog,,i have a fat dog,
/home/hp/Indain_children_spech/ASER-Dataset/audio_processed/Hindi UP/1628/HI_S4_P_1.wav,Hindi,रूपा बाहर खेल रही थी खेलतेखेलते रात हो गई वह अपने घर चली गई रूपा खाना खाकर सो गई,रूपा बाहर खेल रही थी खेलते खेलते रात हो गई वह अपने घर चली गई रूपा खाना खाकर सो गईी,रूपा बाहर खेल रही थी खेलतेखेलते रात हो गई वह अपने घर चली गई रूपा खाना खाकर सो गई,रूपा बाहर खेल रही थी खेलते खेलते रात हो गई वह अपने घर चली गई रूपा खाना खाकर सो गईी
/home/hp/Indain_children_spech/ASER-Dataset/audio_processed/Hindi UP/1654/HI_S4_P_0.wav,Hindi,बग़ीचे में पेड़ हैं पेड़ पर एक तोता रहता है तोते का रंग हरा है वह लाल टमाटर खाता है,बगीचा में पेड़ है पेड़ पर एक तोता रह रहता रहता है तोता का रंग हरा है वह लाल टमाटर खाता है,बग़ीचे में पेड़ हैं पेड़ पर एक तोता रहता है तोते का रंग हरा है वह लाल टमाटर खाता है,बगीचा में पेड़ है पेड़ पर एक तोता रह रहता रहता है तोता का रंग हरा है वह लाल टमाटर खाता है
/home/hp/Indain_children_spech/ASER-Dataset/audio_processed/Hindi UP/1661/HI_S4_P_1.wav,Hindi,रूपा बाहर खेल रही थी खेलतेखेलते रात हो गई वह अपने घर चली गई रूपा खाना खाकर सो गई,रूपा बाहर खेलने खेल रही थी खेलते खेलते रात हो गई वह अपने घर चली गई रूपा खाना खाकर सो गई,रूपा बाहर खेल रही थी खेलतेखेलते रात हो गई वह अपने घर चली गई रूपा खाना खाकर सो गई,रूपा बाहर खेलने खेल रही थी खेलते खेलते रात हो गई वह अपने घर चली गई रूपा खाना खाकर सो गई
/home/hp/Indain_children_spech/ASER-Dataset/audio_processed/Hindi UP/1674/HI_S3_P_0.wav,Hindi,नीतू के घर में गाय है उसका रंग सफ़ेद है गाय हरी घास खाती है वह बहुत दूध देती है,नीतू के घर में गाय है उसका रंग सफ़ेद है गाय हरी घास खाती है वह बहुत दूध देती है,नीतू के घर में गाय है उसका रंग सफ़ेद है गाय हरी घास खाती है वह बहुत दूध देती है,नीतू के घर में गाय है उसका रंग सफ़ेद है गाय हरी घास खाती है वह बहुत दूध देती है
/home/hp/Indain_children_spech/ASER-Dataset/audio_processed/Hindi UP/1675/HI_S1_S_0.wav,English,Where is your house,,where is your house,
/home/hp/Indain_children_spech/ASER-Dataset/audio_processed/Hindi UP/1675/HI_S1_S_1.wav,English,This is a small bag,,this is a small bag,
/home/hp/Indain_children_spech/ASER-Dataset/audio_processed/Hindi UP/1675/HI_S1_S_2.wav,English,I like to read,,i like to read,
/home/hp/Indain_children_spech/ASER-Dataset/audio_processed/Hindi UP/1675/HI_S1_S_3.wav,English,I have a fat dog,,i have a fat dog,
/home/hp/Indain_children_spech/ASER-Dataset/audio_processed/Hindi UP/1711/HI_S4_P_1.wav,Hindi,रूपा बाहर खेल रही थी खेलतेखेलते रात हो गई वह अपने घर चली गई रूपा खाना खाकर सो गई,रप रूपा बाहर खेल रही थी खेलते खेलते रात हो गई वह अपने घर चली आई रूपा खाना खाकर सो गईी,रूपा बाहर खेल रही थी खेलतेखेलते रात हो गई वह अपने घर चली गई रूपा खाना खाकर सो गई,रप रूपा बाहर खेल रही थी खेलते खेलते रात हो गई वह अपने घर चली आई रूपा खाना खाकर सो गईी
/home/hp/Indain_children_spech/ASER-Dataset/audio_processed/Hindi UP/1711/HI_S4_S_2.wav,English,I like to sleep,,i like to sleep,
/home/hp/Indain_children_spech/ASER-Dataset/audio_processed/Hindi UP/1724/HI_S3_P_0.wav,Hindi,नीतू के घर में गाय है उसका रंग सफ़ेद है गाय हरी घास खाती है वह बहुत दूध देती है,मु आ द,नीतू के घर में गाय है उसका रंग सफ़ेद है गाय हरी घास खाती है वह बहुत दूध देती है,मु आ द
/home/hp/Indain_children_spech/ASER-Dataset/audio_processed/Hindi UP/1748/HI_S1_P_1.wav,Hindi,माँ ने हलवा बनाया वह बहुत मीठा था उसे सोनी ने खाया खाने के बाद वह सो गई,कर माँ ने हलवा बनाया वह बहुत मीठा था उसे सोनी ने खाया खाने के बाद वह सो गई,माँ ने हलवा बनाया वह बहुत मीठा था उसे सोनी ने खाया खाने के बाद वह सो गई,कर माँ ने हलवा बनाया वह बहुत मीठा था उसे सोनी ने खाया खाने के बाद वह सो गई
/home/hp/Indain_children_spech/ASER-Dataset/audio_processed/Hindi UP/1749/HI_S3_P_1.wav,Hindi,काले बादल छाए हैं तेज़ बारिश हो रही है मोर भी नाच रहा है सब नाच देख रहे हैं,नहीं पढ़ पाएंगे,काले बादल छाए हैं तेज़ बारिश हो रही है मोर भी नाच रहा है सब नाच देख रहे हैं,नहीं पढ़ पाएंगे
/home/hp/Indain_children_spech/ASER-Dataset/audio_processed/Hindi UP/1796/HI_S4_P_0.wav,Hindi,बग़ीचे में पेड़ हैं पेड़ पर एक तोता रहता है तोते का रंग हरा है वह लाल टमाटर खाता है,बगीचे में पेड़ है पेड़ पर एक तोता रहता है तोते का रंग हरा है वह लाल टमाटर खाता है,बग़ीचे में पेड़ हैं पेड़ पर एक तोता रहता है तोते का रंग हरा है वह लाल टमाटर खाता है,बगीचे में पेड़ है पेड़ पर एक तोता रहता है तोते का रंग हरा है वह लाल टमाटर खाता है
/home/hp/Indain_children_spech/ASER-Dataset/audio_processed/Hindi UP/1802/HI_S2_P_0.wav,Hindi,सोनी के पास एक माला है उसमें बहुत सारे मोती हैं मोती पीले रंग के हैं सोनी उसे पहनती है,सोनी के पास एक माला है उसमें बहुत सारे मोती है मोती पीले रंग के है सोनी उसे पहनती है,सोनी के पास एक माला है उसमें बहुत सारे मोती हैं मोती पीले रंग के हैं सोनी उसे पहनती है,सोनी के पास एक माला है उसमें बहुत सारे मोती है मोती पीले रंग के है सोनी उसे पहनती है
/home/hp/Indain_children_spech/ASER-Dataset/audio_processed/Hindi UP/1802/HI_S2_ST_0.wav,Hindi,सावन का महीना था आसमान में बहुत से काले बादल छाये थे ठंडी ठंडी हवा चल रही थी मैंने सोचा आज झूला झूलते हैं बड़े भैया एक मोटी सी रस्सी लेकर आए हमने उसे पेड़ से लटका कर झूला बनाया सब ने मिलकर खूब झूला झूला बहुत सारे बच्चे आकर मज़े से खेलने लगे खेलतेखेलते रात हो गई,सावन का महीना था आसमान में बहुत से काले बादल छाए थे ठंडी ठंडी हवा चल रही थी मैंने सोचा आज झूला झूलते हैं बड़े भैया एक मोटी सी रस्सी लेकर आए हमने उसे पेंड़ से लटका कर झूला बनाया सब ने मिलकर खूब झूला झूला बहुत सारे बच्चे आकर मज़े से खेलने लगे खेलते खेलते रात हो गई,सावन का महीना था आसमान में बहुत से काले बादल छाये थे ठंडी ठंडी हवा चल रही थी मैंने सोचा आज झूला झूलते हैं बड़े भैया एक मोटी सी रस्सी लेकर आए हमने उसे पेड़ से लटका कर झूला बनाया सब ने मिलकर खूब झूला झूला बहुत सारे बच्चे आकर मज़े से खेलने लगे खेलतेखेलते रात हो गई,सावन का महीना था आसमान में बहुत से काले बादल छाए थे ठंडी ठंडी हवा चल रही थी मैंने सोचा आज झूला झूलते हैं बड़े भैया एक मोटी सी रस्सी लेकर आए हमने उसे पेंड़ से लटका कर झूला बनाया सब ने मिलकर खूब झूला झूला बहुत सारे बच्चे आकर मज़े से खेलने लगे खेलते खेलते रात हो गई
/home/hp/Indain_children_spech/ASER-Dataset/audio_processed/Hindi UP/1802/HI_S2_S_0.wav,English,What is the time,,what is the time,
/home/hp/Indain_children_spech/ASER-Dataset/audio_processed/Hindi UP/1802/HI_S2_S_1.wav,English,This is a red ball,,this is a red ball,
/home/hp/Indain_children_spech/ASER-Dataset/audio_processed/Hindi UP/1802/HI_S2_S_2.wav,English,I like to play,,i like to play,
/home/hp/Indain_children_spech/ASER-Dataset/audio_processed/Hindi UP/1802/HI_S2_S_3.wav,English,I have a small house,,i have a small house,
/home/hp/Indain_children_spech/ASER-Dataset/audio_processed/Hindi UP/1812/HI_S1_P_0.wav,Hindi,राधा के पास एक तोता है उसकी चोंच लाल है वह बहुत बोलता है सब को हँसाता है,राधा के पास राधा के पास एक तोता है उसकी सोच चोंच लाल है वह बहुत बोलता है सबको हसा हँसाता है,राधा के पास एक तोता है उसकी चोंच लाल है वह बहुत बोलता है सब को हँसाता है,राधा के पास राधा के पास एक तोता है उसकी सोच चोंच लाल है वह बहुत बोलता है सबको हसा हँसाता है
/home/hp/Indain_children_spech/ASER-Dataset/audio_processed/Hindi UP/1814/HI_S2_P_0.wav,Hindi,सोनी के पास एक माला है उसमें बहुत सारे मोती हैं मोती पीले रंग के हैं सोनी उसे पहनती है,सोनी सोनी के पास एक माला है उसमें बहुत सारे मोती है मोती पीले रंग के है सोनी उसे पहनती है,सोनी के पास एक माला है उसमें बहुत सारे मोती हैं मोती पीले रंग के हैं सोनी उसे पहनती है,सोनी सोनी के पास एक माला है उसमें बहुत सारे मोती है मोती पीले रंग के है सोनी उसे पहनती है
/home/hp/Indain_children_spech/ASER-Dataset/audio_processed/Hindi UP/1822/HI_S3_P_1.wav,Hindi,काले बादल छाए हैं तेज़ बारिश हो रही है मोर भी नाच रहा है सब नाच देख रहे हैं,काले बादल छााय हैं तेज बारिश हो रही है मोरने भी नाच रहा है सर नाच देख रहे हैं,काले बादल छाए हैं तेज़ बारिश हो रही है मोर भी नाच रहा है सब नाच देख रहे हैं,काले बादल छााय हैं तेज बारिश हो रही है मोरने भी नाच रहा है सर नाच देख रहे हैं
/home/hp/Indain_children_spech/ASER-Dataset/audio_processed/Hindi UP/1822/HI_S3_ST_0.wav,Hindi,विमला और अजय मेला देखने गये उन्हें मेले में तरहतरह की दुकाने दिखीं मेले में बहुत झूले थे वहाँ गरमगरम हलवा और जलेबियाँ भी बिक रहीं थीं जलेबी देखकर दोनों के मुँह में पानी आने लगा उन्हें जलेबी खाने का मन हुआ विमला ने जलेबी खरीदी दोनों दोस्तों ने मिलकर जलेबी खाई शाम को दोनों घर लौट आये,विमला और अजय मेला देखने गए उन्हें मेले में तरह तरह की दुकाने दिखी मेले में बहुत झूले थे वहाँ गरम गरम हलवा और जलेबियां भी दिख रही थी जलेबी देखकर दोनों के मुँह में पानी आने लगा उन्हें जलेबी खाने का मन हुआ विमला ने जलेबी खरीदी दोनों दोस्तों ने मिलकर जलेबी खाई शाम को दोनों घर लौट आई,विमला और अजय मेला देखने गये उन्हें मेले में तरहतरह की दुकाने दिखीं मेले में बहुत झूले थे वहाँ गरमगरम हलवा और जलेबियाँ भी बिक रहीं थीं जलेबी देखकर दोनों के मुँह में पानी आने लगा उन्हें जलेबी खाने का मन हुआ विमला ने जलेबी खरीदी दोनों दोस्तों ने मिलकर जलेबी खाई शाम को दोनों घर लौट आये,विमला और अजय मेला देखने गए उन्हें मेले में तरह तरह की दुकाने दिखी मेले में बहुत झूले थे वहाँ गरम गरम हलवा और जलेबियां भी दिख रही थी जलेबी देखकर दोनों के मुँह में पानी आने लगा उन्हें जलेबी खाने का मन हुआ विमला ने जलेबी खरीदी दोनों दोस्तों ने मिलकर जलेबी खाई शाम को दोनों घर लौट आई
/home/hp/Indain_children_spech/ASER-Dataset/audio_processed/Hindi UP/1822/HI_S3_S_0.wav,English,Where is your house,,where is your house,
/home/hp/Indain_children_spech/ASER-Dataset/audio_processed/Hindi UP/1822/HI_S3_S_1.wav,English,This is a big bus,,this is a big bus,
/home/hp/Indain_children_spech/ASER-Dataset/audio_processed/Hindi UP/1822/HI_S3_S_2.wav,English,I like to sing,,i like to sing,
/home/hp/Indain_children_spech/ASER-Dataset/audio_processed/Hindi UP/1822/HI_S3_S_3.wav,English,I have a fat cat,,i have a fat cat,
/home/hp/Indain_children_spech/ASER-Dataset/audio_processed/Hindi UP/1823/HI_S4_P_0.wav,Hindi,बग़ीचे में पेड़ हैं पेड़ पर एक तोता रहता है तोते का रंग हरा है वह लाल टमाटर खाता है,बगीचे में पेड़ है पेड़ पर एक तोता रहता है तोते तोते का रंग हरा है वह लाल टमाटर के खाता है,बग़ीचे में पेड़ हैं पेड़ पर एक तोता रहता है तोते का रंग हरा है वह लाल टमाटर खाता है,बगीचे में पेड़ है पेड़ पर एक तोता रहता है तोते तोते का रंग हरा है वह लाल टमाटर के खाता है
/home/hp/Indain_children_spech/ASER-Dataset/audio_processed/Hindi UP/1823/HI_S4_ST_0.wav,Hindi,रामपुर में कुछ ज़मीन ख़ाली थी वहाँ कुछ नहीं उगता था वहाँ कोई खेलने नहीं जाता था एक दिन कुछ लोग आए उन्होंने गाँव के लोगों को बुलाया सबने मिलकर तय किया कि यहाँ बग़ीचा बनाया जाए खाद मंगाकर हर तरह के पौधे लगाये गए सही समय पर पानी दिया गया आज वहाँ एक सुंदर बग़ीचा है इसलिए वहाँ सब खेलने जाते हैं,रामपुर में रामपुर में कुछ जमीन खा ली थी वह कुछ नहीं उगाता उगा उगाता था वह कोई खेत खता नहीं खेलने नहीं जाता था एक,रामपुर में कुछ ज़मीन ख़ाली थी वहाँ कुछ नहीं उगता था वहाँ कोई खेलने नहीं जाता था एक दिन कुछ लोग आए उन्होंने गाँव के लोगों को बुलाया सबने मिलकर तय किया कि यहाँ बग़ीचा बनाया जाए खाद मंगाकर हर तरह के पौधे लगाये गए सही समय पर पानी दिया गया आज वहाँ एक सुंदर बग़ीचा है इसलिए वहाँ सब खेलने जाते हैं,रामपुर में रामपुर में कुछ जमीन खा ली थी वह कुछ नहीं उगाता उगा उगाता था वह कोई खेत खता नहीं खेलने नहीं जाता था एक
/home/hp/Indain_children_spech/ASER-Dataset/audio_processed/Hindi UP/1826/HI_S1_P_0.wav,Hindi,राधा के पास एक तोता है उसकी चोंच लाल है वह बहुत बोलता है सब को हँसाता है,राधा के पास एक तोता है उसकी चोच लाल है वह बहुत बोलता है सब तो हसता हसता है,राधा के पास एक तोता है उसकी चोंच लाल है वह बहुत बोलता है सब को हँसाता है,राधा के पास एक तोता है उसकी चोच लाल है वह बहुत बोलता है सब तो हसता हसता है
/home/hp/Indain_children_spech/ASER-Dataset/audio_processed/Hindi UP/1838/HI_S2_P_0.wav,Hindi,सोनी के पास एक माला है उसमें बहुत सारे मोती हैं मोती पीले रंग के हैं सोनी उसे पहनती है,सोन के पास एकला है बहुत सारे मती है मोती पीले रंग के सोनी से पहनती है,सोनी के पास एक माला है उसमें बहुत सारे मोती हैं मोती पीले रंग के हैं सोनी उसे पहनती है,सोन के पास एकला है बहुत सारे मती है मोती पीले रंग के सोनी से पहनती है
/home/hp/Indain_children_spech/ASER-Dataset/audio_processed/Hindi UP/1852/HI_S3_P_0.wav,Hindi,नीतू के घर में गाय है उसका रंग सफ़ेद है गाय हरी घास खाती है वह बहुत दूध देती है,नेीतू के घर में गाय है उसका रंग सफेद है गाय हरी घास खाती है वह बहुत दूध देती है,नीतू के घर में गाय है उसका रंग सफ़ेद है गाय हरी घास खाती है वह बहुत दूध देती है,नेीतू के घर में गाय है उसका रंग सफेद है गाय हरी घास खाती है वह बहुत दूध देती है
/home/hp/Indain_children_spech/ASER-Dataset/audio_processed/Hindi UP/1856/HI_S4_P_1.wav,Hindi,रूपा बाहर खेल रही थी खेलतेखेलते रात हो गई वह अपने घर चली गई रूपा खाना खाकर सो गई,रूपा बाहर खेल रही थी खेलते खेलते रात हो गई वह अपने घर चली गई गई रूपा खाना खाकर सो गई,रूपा बाहर खेल रही थी खेलतेखेलते रात हो गई वह अपने घर चली गई रूपा खाना खाकर सो गई,रूपा बाहर खेल रही थी खेलते खेलते रात हो गई वह अपने घर चली गई गई रूपा खाना खाकर सो गई
/home/hp/Indain_children_spech/ASER-Dataset/audio_processed/Hindi UP/1856/HI_S4_S_3.wav,English,I have a big house,,i have a big house,
/home/hp/Indain_children_spech/ASER-Dataset/audio_processed/Hindi UP/1867/HI_S2_P_0.wav,Hindi,सोनी के पास एक माला है उसमें बहुत सारे मोती हैं मोती पीले रंग के हैं सोनी उसे पहनती है,सोनी के पास एक माला है उसमें बहुत से मोती है मोती पीले रंग की है सोनी उसे पहनती पहनती है,सोनी के पास एक माला है उसमें बहुत सारे मोती हैं मोती पीले रंग के हैं सोनी उसे पहनती है,सोनी के पास एक माला है उसमें बहुत से मोती है मोती पीले रंग की है सोनी उसे पहनती पहनती है
/home/hp/Indain_children_spech/ASER-Dataset/audio_processed/Hindi UP/1867/HI_S2_ST_0.wav,Hindi,सावन का महीना था आसमान में बहुत से काले बादल छाये थे ठंडी ठंडी हवा चल रही थी मैंने सोचा आज झूला झूलते हैं बड़े भैया एक मोटी सी रस्सी लेकर आए हमने उसे पेड़ से लटका कर झूला बनाया सब ने मिलकर खूब झूला झूला बहुत सारे बच्चे आकर मज़े से खेलने लगे खेलतेखेलते रात हो गई,सोहन के महल था आ आसमान में बहुत,सावन का महीना था आसमान में बहुत से काले बादल छाये थे ठंडी ठंडी हवा चल रही थी मैंने सोचा आज झूला झूलते हैं बड़े भैया एक मोटी सी रस्सी लेकर आए हमने उसे पेड़ से लटका कर झूला बनाया सब ने मिलकर खूब झूला झूला बहुत सारे बच्चे आकर मज़े से खेलने लगे खेलतेखेलते रात हो गई,सोहन के महल था आ आसमान में बहुत
/home/hp/Indain_children_spech/ASER-Dataset/audio_processed/Hindi UP/1876/HI_S4_P_1.wav,Hindi,रूपा बाहर खेल रही थी खेलतेखेलते रात हो गई वह अपने घर चली गई रूपा खाना खाकर सो गई,रूपा बाहर खेल रही थी खेलते खेलते रात हो गई वह अपने घर चली गई रूपा खाना खाकर सो गई,रूपा बाहर खेल रही थी खेलतेखेलते रात हो गई वह अपने घर चली गई रूपा खाना खाकर सो गई,रूपा बाहर खेल रही थी खेलते खेलते रात हो गई वह अपने घर चली गई रूपा खाना खाकर सो गई
/home/hp/Indain_children_spech/ASER-Dataset/audio_processed/Hindi UP/1902/HI_S1_P_1.wav,Hindi,माँ ने हलवा बनाया वह बहुत मीठा था उसे सोनी ने खाया खाने के बाद वह सो गई,नहीं पढ़ पाएंगे ओओ,माँ ने हलवा बनाया वह बहुत मीठा था उसे सोनी ने खाया खाने के बाद वह सो गई,नहीं पढ़ पाएंगे ओओ
/home/hp/Indain_children_spech/ASER-Dataset/audio_processed/Hindi UP/1958/HI_S1_S_0.wav,English,Where is your house,,where is your house,
/home/hp/Indain_children_spech/ASER-Dataset/audio_processed/Hindi UP/1958/HI_S1_S_1.wav,English,This is a small bag,,this is a small bag,
/home/hp/Indain_children_spech/ASER-Dataset/audio_processed/Hindi UP/1958/HI_S1_S_2.wav,English,I like to read,,i like to read,
/home/hp/Indain_children_spech/ASER-Dataset/audio_processed/Hindi UP/1958/HI_S1_S_3.wav,English,I have a fat dog,,i have a fat dog,
/home/hp/Indain_children_spech/ASER-Dataset/audio_processed/Hindi UP/1971/HI_S1_P_1.wav,Hindi,माँ ने हलवा बनाया वह बहुत मीठा था उसे सोनी ने खाया खाने के बाद वह सो गई,माँ ने हलवा बनाया वह बहुत मीठा था उसे सोनी ने खाया खाने के बाद वह सो गई,माँ ने हलवा बनाया वह बहुत मीठा था उसे सोनी ने खाया खाने के बाद वह सो गई,माँ ने हलवा बनाया वह बहुत मीठा था उसे सोनी ने खाया खाने के बाद वह सो गई
/home/hp/Indain_children_spech/ASER-Dataset/audio_processed/Hindi UP/1971/HI_S1_S_0.wav,English,Where is your house,,where is your house,
/home/hp/Indain_children_spech/ASER-Dataset/audio_processed/Hindi UP/1971/HI_S1_S_1.wav,English,This is a small bag,,this is a small bag,
/home/hp/Indain_children_spech/ASER-Dataset/audio_processed/Hindi UP/1971/HI_S1_S_2.wav,English,I like to read,,i like to read,
/home/hp/Indain_children_spech/ASER-Dataset/audio_processed/Hindi UP/1971/HI_S1_S_3.wav,English,I have a fat dog,,i have a fat dog,
/home/hp/Indain_children_spech/ASER-Dataset/audio_processed/Hindi UP/1987/HI_S3_P_0.wav,Hindi,नीतू के घर में गाय है उसका रंग सफ़ेद है गाय हरी घास खाती है वह बहुत दूध देती है,नीतू के घर में गाय है उसका रंग सफ़ेद है गाय हरी घास खाती है वह बहुत दूध देती है,नीतू के घर में गाय है उसका रंग सफ़ेद है गाय हरी घास खाती है वह बहुत दूध देती है,नीतू के घर में गाय है उसका रंग सफ़ेद है गाय हरी घास खाती है वह बहुत दूध देती है
/home/hp/Indain_children_spech/ASER-Dataset/audio_processed/Hindi UP/1987/HI_S3_ST_0.wav,Hindi,विमला और अजय मेला देखने गये उन्हें मेले में तरहतरह की दुकाने दिखीं मेले में बहुत झूले थे वहाँ गरमगरम हलवा और जलेबियाँ भी बिक रहीं थीं जलेबी देखकर दोनों के मुँह में पानी आने लगा उन्हें जलेबी खाने का मन हुआ विमला ने जलेबी खरीदी दोनों दोस्तों ने मिलकर जलेबी खाई शाम को दोनों घर लौट आये,विमला और अजय मेला देखने गए उन्हें मेले में तरह तरह की दुकानें मिलीं मेले में बहुत झूले थे वहाँ गर्म गर्म हलवा और जलेबियाँ भी बिक रही थीं जलेबी देखकर दोनों के मुँह में पानी आने लगा उन्हें जलेबी खाने का मन हुआ विमला ने जलेबी खरीदी दोनों दोस्तों ने मिलकर जलेबी खाई शाम को दोनों घर लौट आय,विमला और अजय मेला देखने गये उन्हें मेले में तरहतरह की दुकाने दिखीं मेले में बहुत झूले थे वहाँ गरमगरम हलवा और जलेबियाँ भी बिक रहीं थीं जलेबी देखकर दोनों के मुँह में पानी आने लगा उन्हें जलेबी खाने का मन हुआ विमला ने जलेबी खरीदी दोनों दोस्तों ने मिलकर जलेबी खाई शाम को दोनों घर लौट आये,विमला और अजय मेला देखने गए उन्हें मेले में तरह तरह की दुकानें मिलीं मेले में बहुत झूले थे वहाँ गर्म गर्म हलवा और जलेबियाँ भी बिक रही थीं जलेबी देखकर दोनों के मुँह में पानी आने लगा उन्हें जलेबी खाने का मन हुआ विमला ने जलेबी खरीदी दोनों दोस्तों ने मिलकर जलेबी खाई शाम को दोनों घर लौट आय
/home/hp/Indain_children_spech/ASER-Dataset/audio_processed/Hindi UP/1998/HI_S3_P_0.wav,Hindi,नीतू के घर में गाय है उसका रंग सफ़ेद है गाय हरी घास खाती है वह बहुत दूध देती है,नीतू के घर में गाँव है उसका रंग सफ़ेद है गाँव हरी साध सा ढ ढास खाती है वह बहुत दूध देती है,नीतू के घर में गाय है उसका रंग सफ़ेद है गाय हरी घास खाती है वह बहुत दूध देती है,नीतू के घर में गाँव है उसका रंग सफ़ेद है गाँव हरी साध सा ढ ढास खाती है वह बहुत दूध देती है
/home/hp/Indain_children_spech/ASER-Dataset/audio_processed/Hindi UP/2015/HI_S3_P_0.wav,Hindi,नीतू के घर में गाय है उसका रंग सफ़ेद है गाय हरी घास खाती है वह बहुत दूध देती है,नीतू के घर में गाय है उसका रंग सफेद है गाय हरी घास खाती है वह बहुत दूध देती है,नीतू के घर में गाय है उसका रंग सफ़ेद है गाय हरी घास खाती है वह बहुत दूध देती है,नीतू के घर में गाय है उसका रंग सफेद है गाय हरी घास खाती है वह बहुत दूध देती है
/home/hp/Indain_children_spech/ASER-Dataset/audio_processed/Hindi UP/2015/HI_S3_ST_0.wav,Hindi,विमला और अजय मेला देखने गये उन्हें मेले में तरहतरह की दुकाने दिखीं मेले में बहुत झूले थे वहाँ गरमगरम हलवा और जलेबियाँ भी बिक रहीं थीं जलेबी देखकर दोनों के मुँह में पानी आने लगा उन्हें जलेबी खाने का मन हुआ विमला ने जलेबी खरीदी दोनों दोस्तों ने मिलकर जलेबी खाई शाम को दोनों घर लौट आये,विमला और अजय मेला देखने गयाए उन्हें मेले में तरह तरह के दुकाने दिखी दुकाने दिखीं मेले में बहुत बहुत झूले थे वह गर्म वहाँ गर्म गर्म हलवा और जलेबियाँ भी बिक रही थी जलेबी देखकर दोनों के मुख में पानी आने लगा उन्हें जलेबी खाने का मन हुआ विमला ने जलेबी खरीदी दोनों दोस्त दोस्तों ने मिलकर जलेबी खाई शाम को दोनों घर लौट आए,विमला और अजय मेला देखने गये उन्हें मेले में तरहतरह की दुकाने दिखीं मेले में बहुत झूले थे वहाँ गरमगरम हलवा और जलेबियाँ भी बिक रहीं थीं जलेबी देखकर दोनों के मुँह में पानी आने लगा उन्हें जलेबी खाने का मन हुआ विमला ने जलेबी खरीदी दोनों दोस्तों ने मिलकर जलेबी खाई शाम को दोनों घर लौट आये,विमला और अजय मेला देखने गयाए उन्हें मेले में तरह तरह के दुकाने दिखी दुकाने दिखीं मेले में बहुत बहुत झूले थे वह गर्म वहाँ गर्म गर्म हलवा और जलेबियाँ भी बिक रही थी जलेबी देखकर दोनों के मुख में पानी आने लगा उन्हें जलेबी खाने का मन हुआ विमला ने जलेबी खरीदी दोनों दोस्त दोस्तों ने मिलकर जलेबी खाई शाम को दोनों घर लौट आए
/home/hp/Indain_children_spech/ASER-Dataset/audio_processed/Hindi UP/2015/HI_S3_S_0.wav,English,Where is your house,,where is your house,
/home/hp/Indain_children_spech/ASER-Dataset/audio_processed/Hindi UP/2015/HI_S3_S_1.wav,English,This is a big bus,,this is a big bus,
/home/hp/Indain_children_spech/ASER-Dataset/audio_processed/Hindi UP/2015/HI_S3_S_2.wav,English,I like to sing,,i like to sing,
/home/hp/Indain_children_spech/ASER-Dataset/audio_processed/Hindi UP/2015/HI_S3_S_3.wav,English,I have a fat cat,,i have a fat cat,
/home/hp/Indain_children_spech/ASER-Dataset/audio_processed/Hindi UP/2035/HI_S1_P_0.wav,Hindi,राधा के पास एक तोता है उसकी चोंच लाल है वह बहुत बोलता है सब को हँसाता है,राधा के पास एक तोता है उसकी सोंच लाल है वह बहुत बोलता है सबको हँसता है,राधा के पास एक तोता है उसकी चोंच लाल है वह बहुत बोलता है सब को हँसाता है,राधा के पास एक तोता है उसकी सोंच लाल है वह बहुत बोलता है सबको हँसता है
/home/hp/Indain_children_spech/ASER-Dataset/audio_processed/Hindi UP/2040/HI_S3_P_0.wav,Hindi,नीतू के घर में गाय है उसका रंग सफ़ेद है गाय हरी घास खाती है वह बहुत दूध देती है,नीतू के घर में गाय है उसका उसका रंग सफ़ेद है गाय हरी घास खाती है वह बहुत दूध देती है,नीतू के घर में गाय है उसका रंग सफ़ेद है गाय हरी घास खाती है वह बहुत दूध देती है,नीतू के घर में गाय है उसका उसका रंग सफ़ेद है गाय हरी घास खाती है वह बहुत दूध देती है
/home/hp/Indain_children_spech/ASER-Dataset/audio_processed/Hindi UP/2050/HI_S3_P_0.wav,Hindi,नीतू के घर में गाय है उसका रंग सफ़ेद है गाय हरी घास खाती है वह बहुत दूध देती है,नीतू के घर में गाय है उसका रंग सफ़ेद है गाय हरी घास खाती है ब बहु दू देती है,नीतू के घर में गाय है उसका रंग सफ़ेद है गाय हरी घास खाती है वह बहुत दूध देती है,नीतू के घर में गाय है उसका रंग सफ़ेद है गाय हरी घास खाती है ब बहु दू देती है
/home/hp/Indain_children_spech/ASER-Dataset/audio_processed/Hindi UP/2068/HI_S3_P_1.wav,Hindi,काले बादल छाए हैं तेज़ बारिश हो रही है मोर भी नाच रहा है सब नाच देख रहे हैं,काले बादल छाए हैं तेज बारिश हो रही है मेरा भी नाचा नाच रहे हैं सबसे सबसे नाच देख रहे हैं,काले बादल छाए हैं तेज़ बारिश हो रही है मोर भी नाच रहा है सब नाच देख रहे हैं,काले बादल छाए हैं तेज बारिश हो रही है मेरा भी नाचा नाच रहे हैं सबसे सबसे नाच देख रहे हैं
/home/hp/Indain_children_spech/ASER-Dataset/audio_processed/Hindi UP/2082/HI_S2_P_0.wav,Hindi,सोनी के पास एक माला है उसमें बहुत सारे मोती हैं मोती पीले रंग के हैं सोनी उसे पहनती है,सोनी के पास एक माला है उसमें बहुत सारे मोती है मोती पीले रंग के है सोनी उसे पहनती है,सोनी के पास एक माला है उसमें बहुत सारे मोती हैं मोती पीले रंग के हैं सोनी उसे पहनती है,सोनी के पास एक माला है उसमें बहुत सारे मोती है मोती पीले रंग के है सोनी उसे पहनती है
/home/hp/Indain_children_spech/ASER-Dataset/audio_processed/Hindi UP/2082/HI_S2_ST_0.wav,Hindi,सावन का महीना था आसमान में बहुत से काले बादल छाये थे ठंडी ठंडी हवा चल रही थी मैंने सोचा आज झूला झूलते हैं बड़े भैया एक मोटी सी रस्सी लेकर आए हमने उसे पेड़ से लटका कर झूला बनाया सब ने मिलकर खूब झूला झूला बहुत सारे बच्चे आकर मज़े से खेलने लगे खेलतेखेलते रात हो गई,सावन का महीना था आसमान में बहुत से काले बादल छाए थे ठंडी ठंडी हवा चल रही थी मैंने सोचा आज झूला झूलते हैं बड़े भैया एक मोटी सी रस्सी लेकर आए हमने उसे पेड़ पेड़ से लटका कर झूला बनाए सबने मिलकर खूब झूला झूला बहुत सारे बच्चे आकर मजे मजे से खेल खेलने लगी खेलते खेलते रात हो गई,सावन का महीना था आसमान में बहुत से काले बादल छाये थे ठंडी ठंडी हवा चल रही थी मैंने सोचा आज झूला झूलते हैं बड़े भैया एक मोटी सी रस्सी लेकर आए हमने उसे पेड़ से लटका कर झूला बनाया सब ने मिलकर खूब झूला झूला बहुत सारे बच्चे आकर मज़े से खेलने लगे खेलतेखेलते रात हो गई,सावन का महीना था आसमान में बहुत से काले बादल छाए थे ठंडी ठंडी हवा चल रही थी मैंने सोचा आज झूला झूलते हैं बड़े भैया एक मोटी सी रस्सी लेकर आए हमने उसे पेड़ पेड़ से लटका कर झूला बनाए सबने मिलकर खूब झूला झूला बहुत सारे बच्चे आकर मजे मजे से खेल खेलने लगी खेलते खेलते रात हो गई
/home/hp/Indain_children_spech/ASER-Dataset/audio_processed/Hindi UP/2095/HI_S4_P_0.wav,Hindi,बग़ीचे में पेड़ हैं पेड़ पर एक तोता रहता है तोते का रंग हरा है वह लाल टमाटर खाता है,ज बता बता दे बा से रकी वाला है,बग़ीचे में पेड़ हैं पेड़ पर एक तोता रहता है तोते का रंग हरा है वह लाल टमाटर खाता है,ज बता बता दे बा से रकी वाला है
/home/hp/Indain_children_spech/ASER-Dataset/audio_processed/Hindi UP/2108/HI_S3_P_0.wav,Hindi,नीतू के घर में गाय है उसका रंग सफ़ेद है गाय हरी घास खाती है वह बहुत दूध देती है,नीतू के घर में नीतू के घर में गाय है उसका रंग सफेद है गावर घ गाय हरी घास खाती है वह बहुत दूध देती है,नीतू के घर में गाय है उसका रंग सफ़ेद है गाय हरी घास खाती है वह बहुत दूध देती है,नीतू के घर में नीतू के घर में गाय है उसका रंग सफेद है गावर घ गाय हरी घास खाती है वह बहुत दूध देती है
/home/hp/Indain_children_spech/ASER-Dataset/audio_processed/Hindi UP/2204/HI_S3_P_0.wav,Hindi,नीतू के घर में गाय है उसका रंग सफ़ेद है गाय हरी घास खाती है वह बहुत दूध देती है,श,नीतू के घर में गाय है उसका रंग सफ़ेद है गाय हरी घास खाती है वह बहुत दूध देती है,श
/home/hp/Indain_children_spech/ASER-Dataset/audio_processed/Hindi UP/2204/HI_S3_S_0.wav,English,Where is your house,,where is your house,
/home/hp/Indain_children_spech/ASER-Dataset/audio_processed/Hindi UP/2254/HI_S1_P_1.wav,Hindi,माँ ने हलवा बनाया वह बहुत मीठा था उसे सोनी ने खाया खाने के बाद वह सो गई,में हरा हा हरा,माँ ने हलवा बनाया वह बहुत मीठा था उसे सोनी ने खाया खाने के बाद वह सो गई,में हरा हा हरा
/home/hp/Indain_children_spech/ASER-Dataset/audio_processed/Hindi UP/2259/HI_S4_P_0.wav,Hindi,बग़ीचे में पेड़ हैं पेड़ पर एक तोता रहता है तोते का रंग हरा है वह लाल टमाटर खाता है,बगीचे में पेड़ है पेड़ पर एक तोता रहता है तोते का हरा रंग हरा है वह लाल टमाटर खाता है,बग़ीचे में पेड़ हैं पेड़ पर एक तोता रहता है तोते का रंग हरा है वह लाल टमाटर खाता है,बगीचे में पेड़ है पेड़ पर एक तोता रहता है तोते का हरा रंग हरा है वह लाल टमाटर खाता है
/home/hp/Indain_children_spech/ASER-Dataset/audio_processed/Hindi UP/2281/HI_S1_P_0.wav,Hindi,राधा के पास एक तोता है उसकी चोंच लाल है वह बहुत बोलता है सब को हँसाता है,तीन दिखि दे गलत हो गयाको पीछे उसको,राधा के पास एक तोता है उसकी चोंच लाल है वह बहुत बोलता है सब को हँसाता है,तीन दिखि दे गलत हो गयाको पीछे उसको
/home/hp/Indain_children_spech/ASER-Dataset/audio_processed/Hindi UP/2302/HI_S1_P_1.wav,Hindi,माँ ने हलवा बनाया वह बहुत मीठा था उसे सोनी ने खाया खाने के बाद वह सो गई,माँ ने हवा बनाया वह बहुत मीठी मीठा था उस उस उसे सोनी ने खाया खाया खाने के बाद वह सो गई,माँ ने हलवा बनाया वह बहुत मीठा था उसे सोनी ने खाया खाने के बाद वह सो गई,माँ ने हवा बनाया वह बहुत मीठी मीठा था उस उस उसे सोनी ने खाया खाया खाने के बाद वह सो गई
/home/hp/Indain_children_spech/ASER-Dataset/audio_processed/Hindi UP/2329/HI_S1_P_0.wav,Hindi,राधा के पास एक तोता है उसकी चोंच लाल है वह बहुत बोलता है सब को हँसाता है,राजा बा,राधा के पास एक तोता है उसकी चोंच लाल है वह बहुत बोलता है सब को हँसाता है,राजा बा
/home/hp/Indain_children_spech/ASER-Dataset/audio_processed/Hindi UP/2346/HI_S1_P_0.wav,Hindi,राधा के पास एक तोता है उसकी चोंच लाल है वह बहुत बोलता है सब को हँसाता है,री राधा राधा के पास एक तोता है उसकी चोच लाल है वह बहुत बोलता है सबको हसाता है,राधा के पास एक तोता है उसकी चोंच लाल है वह बहुत बोलता है सब को हँसाता है,री राधा राधा के पास एक तोता है उसकी चोच लाल है वह बहुत बोलता है सबको हसाता है
/home/hp/Indain_children_spech/ASER-Dataset/audio_processed/Hindi UP/2346/HI_S1_ST_0.wav,Hindi,बहुत दिनों से बारिश हो रही थी गाँव में सभी जगह गंदा पानी भर गया था सभी बारिश के रुकने की राह देख रहे थे अचानक एक दिन बारिश रुक गई सूरज निकल आया सब लोग खुश हो गये आसमान में चिड़ियाँ उड़ने लगीं लोग अपने कपड़े सुखाने लगे बच्चे भी घरों से बाहर निकलकर खेलने लगे,बहुत दिनों से बारिश हो रही थी गाँव में सभी जगह गंदा पानी भर गया था सभी बारिश के रुने की राह देख रहे थे अचानक एक दिन बारिश रुक गय सूरज निकल आया सब लोग खुश हो गए आसमान में चिड़िया उड़ने लगी लोग अपने कपड़े सुखाने लगे बच्चे भी घरों से बाहर निकल कर खेलने लगे,बहुत दिनों से बारिश हो रही थी गाँव में सभी जगह गंदा पानी भर गया था सभी बारिश के रुकने की राह देख रहे थे अचानक एक दिन बारिश रुक गई सूरज निकल आया सब लोग खुश हो गये आसमान में चिड़ियाँ उड़ने लगीं लोग अपने कपड़े सुखाने लगे बच्चे भी घरों से बाहर निकलकर खेलने लगे,बहुत दिनों से बारिश हो रही थी गाँव में सभी जगह गंदा पानी भर गया था सभी बारिश के रुने की राह देख रहे थे अचानक एक दिन बारिश रुक गय सूरज निकल आया सब लोग खुश हो गए आसमान में चिड़िया उड़ने लगी लोग अपने कपड़े सुखाने लगे बच्चे भी घरों से बाहर निकल कर खेलने लगे
/home/hp/Indain_children_spech/ASER-Dataset/audio_processed/Hindi UP/2346/HI_S1_S_1.wav,English,This is a small bag,,this is a small bag,
/home/hp/Indain_children_spech/ASER-Dataset/audio_processed/Hindi UP/2346/HI_S1_S_2.wav,English,I like to read,,i like to read,
/home/hp/Indain_children_spech/ASER-Dataset/audio_processed/Hindi UP/2349/HI_S4_P_1.wav,Hindi,रूपा बाहर खेल रही थी खेलतेखेलते रात हो गई वह अपने घर चली गई रूपा खाना खाकर सो गई,रूप बाहर खेल रही थी खेलते खेलते रात में हो गई वह अपने घर चली गई रूप खाने खाकर च गई,रूपा बाहर खेल रही थी खेलतेखेलते रात हो गई वह अपने घर चली गई रूपा खाना खाकर सो गई,रूप बाहर खेल रही थी खेलते खेलते रात में हो गई वह अपने घर चली गई रूप खाने खाकर च गई
/home/hp/Indain_children_spech/ASER-Dataset/audio_processed/Hindi UP/2361/HI_S1_P_1.wav,Hindi,माँ ने हलवा बनाया वह बहुत मीठा था उसे सोनी ने खाया खाने के बाद वह सो गई,ह नहीं नहीं,माँ ने हलवा बनाया वह बहुत मीठा था उसे सोनी ने खाया खाने के बाद वह सो गई,ह नहीं नहीं
/home/hp/Indain_children_spech/ASER-Dataset/audio_processed/Hindi UP/2383/HI_S1_ST_0.wav,Hindi,बहुत दिनों से बारिश हो रही थी गाँव में सभी जगह गंदा पानी भर गया था सभी बारिश के रुकने की राह देख रहे थे अचानक एक दिन बारिश रुक गई सूरज निकल आया सब लोग खुश हो गये आसमान में चिड़ियाँ उड़ने लगीं लोग अपने कपड़े सुखाने लगे बच्चे भी घरों से बाहर निकलकर खेलने लगे,एक बारिश हो रही थी गांव में गंदा गंदा पानी भर आया,बहुत दिनों से बारिश हो रही थी गाँव में सभी जगह गंदा पानी भर गया था सभी बारिश के रुकने की राह देख रहे थे अचानक एक दिन बारिश रुक गई सूरज निकल आया सब लोग खुश हो गये आसमान में चिड़ियाँ उड़ने लगीं लोग अपने कपड़े सुखाने लगे बच्चे भी घरों से बाहर निकलकर खेलने लगे,एक बारिश हो रही थी गांव में गंदा गंदा पानी भर आया
/home/hp/Indain_children_spech/ASER-Dataset/audio_processed/Hindi UP/2424/HI_S2_P_0.wav,Hindi,सोनी के पास एक माला है उसमें बहुत सारे मोती हैं मोती पीले रंग के हैं सोनी उसे पहनती है,सोनी के पास एक माला है बहुत सारेती पहले रंग की हैो उसेती,सोनी के पास एक माला है उसमें बहुत सारे मोती हैं मोती पीले रंग के हैं सोनी उसे पहनती है,सोनी के पास एक माला है बहुत सारेती पहले रंग की हैो उसेती
/home/hp/Indain_children_spech/ASER-Dataset/audio_processed/Hindi UP/2428/HI_S4_P_0.wav,Hindi,बग़ीचे में पेड़ हैं पेड़ पर एक तोता रहता है तोते का रंग हरा है वह लाल टमाटर खाता है,बगीचे में पेड़ है पेड़ पर एक तोता रहता है तोते का रंग हरा है वह लाल टमाटर खाता है,बग़ीचे में पेड़ हैं पेड़ पर एक तोता रहता है तोते का रंग हरा है वह लाल टमाटर खाता है,बगीचे में पेड़ है पेड़ पर एक तोता रहता है तोते का रंग हरा है वह लाल टमाटर खाता है
/home/hp/Indain_children_spech/ASER-Dataset/audio_processed/Hindi UP/2459/HI_S3_P_1.wav,Hindi,काले बादल छाए हैं तेज़ बारिश हो रही है मोर भी नाच रहा है सब नाच देख रहे हैं,काले बादल छाए हैं तेज बारिशो रही है मोर भी नाच रहा है सब नाच देख रहे हैं,काले बादल छाए हैं तेज़ बारिश हो रही है मोर भी नाच रहा है सब नाच देख रहे हैं,काले बादल छाए हैं तेज बारिशो रही है मोर भी नाच रहा है सब नाच देख रहे हैं
/home/hp/Indain_children_spech/ASER-Dataset/audio_processed/Hindi UP/2459/HI_S3_S_0.wav,English,Where is your house,,where is your house,
/home/hp/Indain_children_spech/ASER-Dataset/audio_processed/Hindi UP/2459/HI_S3_S_1.wav,English,This is a big bus,,this is a big bus,
/home/hp/Indain_children_spech/ASER-Dataset/audio_processed/Hindi UP/2459/HI_S3_S_2.wav,English,I like to sing,,i like to sing,
/home/hp/Indain_children_spech/ASER-Dataset/audio_processed/Hindi UP/2462/HI_S3_P_0.wav,Hindi,नीतू के घर में गाय है उसका रंग सफ़ेद है गाय हरी घास खाती है वह बहुत दूध देती है,नीतू के घर में गया गया है उसका रंग सफ़ेद है गया हरी गाय हरी घास खाती है वह बहुत दूध देती है,नीतू के घर में गाय है उसका रंग सफ़ेद है गाय हरी घास खाती है वह बहुत दूध देती है,नीतू के घर में गया गया है उसका रंग सफ़ेद है गया हरी गाय हरी घास खाती है वह बहुत दूध देती है
/home/hp/Indain_children_spech/ASER-Dataset/audio_processed/Hindi UP/2466/HI_S1_P_0.wav,Hindi,राधा के पास एक तोता है उसकी चोंच लाल है वह बहुत बोलता है सब को हँसाता है,राधा के पास एक तोोंता है उसकी चोंच लाल है वह बहुत बोलता है सब को हँसाता है,राधा के पास एक तोता है उसकी चोंच लाल है वह बहुत बोलता है सब को हँसाता है,राधा के पास एक तोोंता है उसकी चोंच लाल है वह बहुत बोलता है सब को हँसाता है
/home/hp/Indain_children_spech/ASER-Dataset/audio_processed/Hindi UP/2466/HI_S1_ST_0.wav,Hindi,बहुत दिनों से बारिश हो रही थी गाँव में सभी जगह गंदा पानी भर गया था सभी बारिश के रुकने की राह देख रहे थे अचानक एक दिन बारिश रुक गई सूरज निकल आया सब लोग खुश हो गये आसमान में चिड़ियाँ उड़ने लगीं लोग अपने कपड़े सुखाने लगे बच्चे भी घरों से बाहर निकलकर खेलने लगे,बहुत दिनों से बारिश हो रही थी गाँव में सभी जगह गंदा पानी भर गया था सभी बारिश के रुकने की राह देख रहे थे अचानक एक दिन बारिश रुक गई सूरज निकल आया सब लोग खुश हो गए आसमान में चिड़िया उड़ने लगी लोग अपने कपड़े सुखाने लगे बच्चे भी घरों से बाहर निकल कर खेलने लगे,बहुत दिनों से बारिश हो रही थी गाँव में सभी जगह गंदा पानी भर गया था सभी बारिश के रुकने की राह देख रहे थे अचानक एक दिन बारिश रुक गई सूरज निकल आया सब लोग खुश हो गये आसमान में चिड़ियाँ उड़ने लगीं लोग अपने कपड़े सुखाने लगे बच्चे भी घरों से बाहर निकलकर खेलने लगे,बहुत दिनों से बारिश हो रही थी गाँव में सभी जगह गंदा पानी भर गया था सभी बारिश के रुकने की राह देख रहे थे अचानक एक दिन बारिश रुक गई सूरज निकल आया सब लोग खुश हो गए आसमान में चिड़िया उड़ने लगी लोग अपने कपड़े सुखाने लगे बच्चे भी घरों से बाहर निकल कर खेलने लगे
/home/hp/Indain_children_spech/ASER-Dataset/audio_processed/Hindi UP/2473/HI_S3_P_0.wav,Hindi,नीतू के घर में गाय है उसका रंग सफ़ेद है गाय हरी घास खाती है वह बहुत दूध देती है,नीतू के घर में गया है उसका रंग सफ़ेद है गाय हरी घास खाती है वह बहुत दूध देती है,नीतू के घर में गाय है उसका रंग सफ़ेद है गाय हरी घास खाती है वह बहुत दूध देती है,नीतू के घर में गया है उसका रंग सफ़ेद है गाय हरी घास खाती है वह बहुत दूध देती है
/home/hp/Indain_children_spech/ASER-Dataset/audio_processed/Hindi UP/2483/HI_S2_P_0.wav,Hindi,सोनी के पास एक माला है उसमें बहुत सारे मोती हैं मोती पीले रंग के हैं सोनी उसे पहनती है,पास सोनी के पास एक माला है उस उसमें बहुत सारे मोती है मोती पीले रंग है है सोनी उसके उसे पहनती है,सोनी के पास एक माला है उसमें बहुत सारे मोती हैं मोती पीले रंग के हैं सोनी उसे पहनती है,पास सोनी के पास एक माला है उस उसमें बहुत सारे मोती है मोती पीले रंग है है सोनी उसके उसे पहनती है
/home/hp/Indain_children_spech/ASER-Dataset/audio_processed/Hindi UP/2483/HI_S2_ST_0.wav,Hindi,सावन का महीना था आसमान में बहुत से काले बादल छाये थे ठंडी ठंडी हवा चल रही थी मैंने सोचा आज झूला झूलते हैं बड़े भैया एक मोटी सी रस्सी लेकर आए हमने उसे पेड़ से लटका कर झूला बनाया सब ने मिलकर खूब झूला झूला बहुत सारे बच्चे आकर मज़े से खेलने लगे खेलतेखेलते रात हो गई,शन का महीना था आसमान में बहुत से काले बादैदल छाए थे ठंडी ठंडी हवा चल रही थी मैंने सोचा आज झूला झूले हैं बड़े भैया एक मोटी सी रस्सी लेकर आए हमने उसे पेड़ से लटका कर झूला बनाया सब ने मिलकर खो झूला झूला बहुत सारे बच्चे आकर म मजे से खेलने लगे खेलते खेलते रात हो गई,सावन का महीना था आसमान में बहुत से काले बादल छाये थे ठंडी ठंडी हवा चल रही थी मैंने सोचा आज झूला झूलते हैं बड़े भैया एक मोटी सी रस्सी लेकर आए हमने उसे पेड़ से लटका कर झूला बनाया सब ने मिलकर खूब झूला झूला बहुत सारे बच्चे आकर मज़े से खेलने लगे खेलतेखेलते रात हो गई,शन का महीना था आसमान में बहुत से काले बादैदल छाए थे ठंडी ठंडी हवा चल रही थी मैंने सोचा आज झूला झूले हैं बड़े भैया एक मोटी सी रस्सी लेकर आए हमने उसे पेड़ से लटका कर झूला बनाया सब ने मिलकर खो झूला झूला बहुत सारे बच्चे आकर म मजे से खेलने लगे खेलते खेलते रात हो गई
/home/hp/Indain_children_spech/ASER-Dataset/audio_processed/Hindi UP/2483/HI_S2_S_0.wav,English,What is the time,,what is the time,
/home/hp/Indain_children_spech/ASER-Dataset/audio_processed/Hindi UP/2483/HI_S2_S_1.wav,English,This is a red ball,,this is a red ball,
/home/hp/Indain_children_spech/ASER-Dataset/audio_processed/Hindi UP/2483/HI_S2_S_2.wav,English,I like to play,,i like to play,
/home/hp/Indain_children_spech/ASER-Dataset/audio_processed/Hindi UP/2483/HI_S2_S_3.wav,English,I have a small house,,i have a small house,
/home/hp/Indain_children_spech/ASER-Dataset/audio_processed/Hindi UP/2494/HI_S3_P_0.wav,Hindi,नीतू के घर में गाय है उसका रंग सफ़ेद है गाय हरी घास खाती है वह बहुत दूध देती है,नीतू के घर में गाय है उसका रंग सफ़ेद है गाय हरी घास खाती है वह बहुत दूध देती है,नीतू के घर में गाय है उसका रंग सफ़ेद है गाय हरी घास खाती है वह बहुत दूध देती है,नीतू के घर में गाय है उसका रंग सफ़ेद है गाय हरी घास खाती है वह बहुत दूध देती है
/home/hp/Indain_children_spech/ASER-Dataset/audio_processed/Hindi UP/2494/HI_S3_S_0.wav,English,Where is your house,,where is your house,
/home/hp/Indain_children_spech/ASER-Dataset/audio_processed/Hindi UP/2494/HI_S3_S_1.wav,English,This is a big bus,,this is a big bus,
/home/hp/Indain_children_spech/ASER-Dataset/audio_processed/Hindi UP/2510/HI_S4_P_0.wav,Hindi,बग़ीचे में पेड़ हैं पेड़ पर एक तोता रहता है तोते का रंग हरा है वह लाल टमाटर खाता है,बगीचे में प पेड़ पर एकता है तोते का रंग हरा है वह लाल टमाटर खाता है,बग़ीचे में पेड़ हैं पेड़ पर एक तोता रहता है तोते का रंग हरा है वह लाल टमाटर खाता है,बगीचे में प पेड़ पर एकता है तोते का रंग हरा है वह लाल टमाटर खाता है
/home/hp/Indain_children_spech/ASER-Dataset/audio_processed/Hindi UP/2512/HI_S4_P_0.wav,Hindi,बग़ीचे में पेड़ हैं पेड़ पर एक तोता रहता है तोते का रंग हरा है वह लाल टमाटर खाता है,बगीचे में पड़ पर एक रहता का रंग हरा है वह लाल टमाटर खता है,बग़ीचे में पेड़ हैं पेड़ पर एक तोता रहता है तोते का रंग हरा है वह लाल टमाटर खाता है,बगीचे में पड़ पर एक रहता का रंग हरा है वह लाल टमाटर खता है
/home/hp/Indain_children_spech/ASER-Dataset/audio_processed/Hindi UP/2512/HI_S4_S_0.wav,English,What is the time,,what is the time,
/home/hp/Indain_children_spech/ASER-Dataset/audio_processed/Hindi UP/2512/HI_S4_S_1.wav,English,This is a blue shirt,,this is a blue shirt,
/home/hp/Indain_children_spech/ASER-Dataset/audio_processed/Hindi UP/2543/HI_S1_ST_0.wav,Hindi,बहुत दिनों से बारिश हो रही थी गाँव में सभी जगह गंदा पानी भर गया था सभी बारिश के रुकने की राह देख रहे थे अचानक एक दिन बारिश रुक गई सूरज निकल आया सब लोग खुश हो गये आसमान में चिड़ियाँ उड़ने लगीं लोग अपने कपड़े सुखाने लगे बच्चे भी घरों से बाहर निकलकर खेलने लगे,बहुत दिनों से बारिश हो रही थी गाँव में सभी जगह गंदा पानी भर गया था सभी बारिश के रुकने की राह देख रहे थे अचानक एक दिन बारिश रुक गई सूरज निकल आया सब लोग खुश हो गए आसमान में चिड़िया उड़ने लगी लोग अपने कपड़े सुखाने लगे बच्चे भी घरों के बाहर निकलने निकल कर खेलने लगे,बहुत दिनों से बारिश हो रही थी गाँव में सभी जगह गंदा पानी भर गया था सभी बारिश के रुकने की राह देख रहे थे अचानक एक दिन बारिश रुक गई सूरज निकल आया सब लोग खुश हो गये आसमान में चिड़ियाँ उड़ने लगीं लोग अपने कपड़े सुखाने लगे बच्चे भी घरों से बाहर निकलकर खेलने लगे,बहुत दिनों से बारिश हो रही थी गाँव में सभी जगह गंदा पानी भर गया था सभी बारिश के रुकने की राह देख रहे थे अचानक एक दिन बारिश रुक गई सूरज निकल आया सब लोग खुश हो गए आसमान में चिड़िया उड़ने लगी लोग अपने कपड़े सुखाने लगे बच्चे भी घरों के बाहर निकलने निकल कर खेलने लगे
/home/hp/Indain_children_spech/ASER-Dataset/audio_processed/Hindi UP/2568/HI_S2_P_0.wav,Hindi,सोनी के पास एक माला है उसमें बहुत सारे मोती हैं मोती पीले रंग के हैं सोनी उसे पहनती है,सोनू के पास एक माला है उसमें बहुत सारे मोती है मोती पीले रंग के हैो सोनी उसे पहचानती है,सोनी के पास एक माला है उसमें बहुत सारे मोती हैं मोती पीले रंग के हैं सोनी उसे पहनती है,सोनू के पास एक माला है उसमें बहुत सारे मोती है मोती पीले रंग के हैो सोनी उसे पहचानती है
/home/hp/Indain_children_spech/ASER-Dataset/audio_processed/Hindi UP/2568/HI_S2_ST_0.wav,Hindi,सावन का महीना था आसमान में बहुत से काले बादल छाये थे ठंडी ठंडी हवा चल रही थी मैंने सोचा आज झूला झूलते हैं बड़े भैया एक मोटी सी रस्सी लेकर आए हमने उसे पेड़ से लटका कर झूला बनाया सब ने मिलकर खूब झूला झूला बहुत सारे बच्चे आकर मज़े से खेलने लगे खेलतेखेलते रात हो गई,सावन का महीना था आसमान में बहुत से काले बादल छाए थे ठंडी ठंडी हवा चल रही थी मैंने सोचा आज झूला झूलते हैं बड़े भैया एक मोटी सी रस्सी लेकर आए हमने उसे पेड़ में लटका कर झूला बनाया सबने मिलकर खूब झूला झूला बहुत सारे बच्चे अका अ मजे से खेलने लगे खेलते खेलते रात हो गई,सावन का महीना था आसमान में बहुत से काले बादल छाये थे ठंडी ठंडी हवा चल रही थी मैंने सोचा आज झूला झूलते हैं बड़े भैया एक मोटी सी रस्सी लेकर आए हमने उसे पेड़ से लटका कर झूला बनाया सब ने मिलकर खूब झूला झूला बहुत सारे बच्चे आकर मज़े से खेलने लगे खेलतेखेलते रात हो गई,सावन का महीना था आसमान में बहुत से काले बादल छाए थे ठंडी ठंडी हवा चल रही थी मैंने सोचा आज झूला झूलते हैं बड़े भैया एक मोटी सी रस्सी लेकर आए हमने उसे पेड़ में लटका कर झूला बनाया सबने मिलकर खूब झूला झूला बहुत सारे बच्चे अका अ मजे से खेलने लगे खेलते खेलते रात हो गई
/home/hp/Indain_children_spech/ASER-Dataset/audio_processed/Hindi UP/2568/HI_S2_S_0.wav,English,What is the time,,what is the time,
/home/hp/Indain_children_spech/ASER-Dataset/audio_processed/Hindi UP/2568/HI_S2_S_2.wav,English,I like to play,,i like to play,
/home/hp/Indain_children_spech/ASER-Dataset/audio_processed/Hindi UP/2572/HI_S1_P_0.wav,Hindi,राधा के पास एक तोता है उसकी चोंच लाल है वह बहुत बोलता है सब को हँसाता है,राधा के पास एक तोता है उसकी चोंच लाल है वह बहुत बोलता है सब को हँसाता है,राधा के पास एक तोता है उसकी चोंच लाल है वह बहुत बोलता है सब को हँसाता है,राधा के पास एक तोता है उसकी चोंच लाल है वह बहुत बोलता है सब को हँसाता है
/home/hp/Indain_children_spech/ASER-Dataset/audio_processed/Hindi UP/2572/HI_S1_S_0.wav,English,Where is your house,,where is your house,
/home/hp/Indain_children_spech/ASER-Dataset/audio_processed/Hindi UP/2572/HI_S1_S_1.wav,English,This is a small bag,,this is a small bag,
/home/hp/Indain_children_spech/ASER-Dataset/audio_processed/Hindi UP/2572/HI_S1_S_2.wav,English,I like to read,,i like to read,
/home/hp/Indain_children_spech/ASER-Dataset/audio_processed/Hindi UP/2572/HI_S1_S_3.wav,English,I have a fat dog,,i have a fat dog,
/home/hp/Indain_children_spech/ASER-Dataset/audio_processed/Hindi UP/2575/HI_S2_P_1.wav,Hindi,मीना पढ़ने जाती है राजू भी साथ जाता है दोनों शाम को लौटकर आते हैं घर आकर खाना खाते हैं,मीना पढ़ने जाती है राजू भी साँझ जाता है दोनों शाम को लौट कर आते हैं घर आकर खाना खाते हैं,मीना पढ़ने जाती है राजू भी साथ जाता है दोनों शाम को लौटकर आते हैं घर आकर खाना खाते हैं,मीना पढ़ने जाती है राजू भी साँझ जाता है दोनों शाम को लौट कर आते हैं घर आकर खाना खाते हैं
/home/hp/Indain_children_spech/ASER-Dataset/audio_processed/Hindi UP/2575/HI_S2_ST_0.wav,Hindi,सावन का महीना था आसमान में बहुत से काले बादल छाये थे ठंडी ठंडी हवा चल रही थी मैंने सोचा आज झूला झूलते हैं बड़े भैया एक मोटी सी रस्सी लेकर आए हमने उसे पेड़ से लटका कर झूला बनाया सब ने मिलकर खूब झूला झूला बहुत सारे बच्चे आकर मज़े से खेलने लगे खेलतेखेलते रात हो गई,सावन का महीना था आसमान में बहुत से काले बादल छाए थे ठंडी ठंडी हवा चल रही थी मैंने सोचा आज झूला झूलते हैं बड़े भैया एक मोटी रस्सी रस्सी लेकर आए हम हमने उसे पेड़ से लटका कर झूला बनाया सब ने मिलकर खूब झूला झूला बहुत सारे बच्चे आकर मजे से खेलने लगे खेलते खेलते रात हो गई,सावन का महीना था आसमान में बहुत से काले बादल छाये थे ठंडी ठंडी हवा चल रही थी मैंने सोचा आज झूला झूलते हैं बड़े भैया एक मोटी सी रस्सी लेकर आए हमने उसे पेड़ से लटका कर झूला बनाया सब ने मिलकर खूब झूला झूला बहुत सारे बच्चे आकर मज़े से खेलने लगे खेलतेखेलते रात हो गई,सावन का महीना था आसमान में बहुत से काले बादल छाए थे ठंडी ठंडी हवा चल रही थी मैंने सोचा आज झूला झूलते हैं बड़े भैया एक मोटी रस्सी रस्सी लेकर आए हम हमने उसे पेड़ से लटका कर झूला बनाया सब ने मिलकर खूब झूला झूला बहुत सारे बच्चे आकर मजे से खेलने लगे खेलते खेलते रात हो गई
/home/hp/Indain_children_spech/ASER-Dataset/audio_processed/Hindi UP/2578/HI_S1_P_1.wav,Hindi,माँ ने हलवा बनाया वह बहुत मीठा था उसे सोनी ने खाया खाने के बाद वह सो गई,बनाया है बहुत पीठा है उसने सोनी में खाया खाने के बाद वह सो ग,माँ ने हलवा बनाया वह बहुत मीठा था उसे सोनी ने खाया खाने के बाद वह सो गई,बनाया है बहुत पीठा है उसने सोनी में खाया खाने के बाद वह सो ग
/home/hp/Indain_children_spech/ASER-Dataset/audio_processed/Hindi UP/2580/HI_S1_P_0.wav,Hindi,राधा के पास एक तोता है उसकी चोंच लाल है वह बहुत बोलता है सब को हँसाता है,राधा के पास एक तोता है उसकी चोच लाल है वह वह बहुत बोलता है सब को हँसाता है,राधा के पास एक तोता है उसकी चोंच लाल है वह बहुत बोलता है सब को हँसाता है,राधा के पास एक तोता है उसकी चोच लाल है वह वह बहुत बोलता है सब को हँसाता है
/home/hp/Indain_children_spech/ASER-Dataset/audio_processed/Hindi UP/2580/HI_S1_ST_0.wav,Hindi,बहुत दिनों से बारिश हो रही थी गाँव में सभी जगह गंदा पानी भर गया था सभी बारिश के रुकने की राह देख रहे थे अचानक एक दिन बारिश रुक गई सूरज निकल आया सब लोग खुश हो गये आसमान में चिड़ियाँ उड़ने लगीं लोग अपने कपड़े सुखाने लगे बच्चे भी घरों से बाहर निकलकर खेलने लगे,बहुत दिनों से बारिश हो रही थी गाँव में सभी जगह गंदा पानी भर गया था सभी बारिश के रुकने की राह देख रहे थे अचानक एक दिन बारिश रुक गई सूरज निकल आया सब लोग खुश हो गए आसमान में चिड़िया उड़ने लगी लोग अपने कपड़े सुखाने लगे बच्चे भी घरों से बाहर निकल कर खेलने लगे,बहुत दिनों से बारिश हो रही थी गाँव में सभी जगह गंदा पानी भर गया था सभी बारिश के रुकने की राह देख रहे थे अचानक एक दिन बारिश रुक गई सूरज निकल आया सब लोग खुश हो गये आसमान में चिड़ियाँ उड़ने लगीं लोग अपने कपड़े सुखाने लगे बच्चे भी घरों से बाहर निकलकर खेलने लगे,बहुत दिनों से बारिश हो रही थी गाँव में सभी जगह गंदा पानी भर गया था सभी बारिश के रुकने की राह देख रहे थे अचानक एक दिन बारिश रुक गई सूरज निकल आया सब लोग खुश हो गए आसमान में चिड़िया उड़ने लगी लोग अपने कपड़े सुखाने लगे बच्चे भी घरों से बाहर निकल कर खेलने लगे
/home/hp/Indain_children_spech/ASER-Dataset/audio_processed/Hindi UP/2580/HI_S1_S_0.wav,English,Where is your house,,where is your house,
/home/hp/Indain_children_spech/ASER-Dataset/audio_processed/Hindi UP/2580/HI_S1_S_1.wav,English,This is a small bag,,this is a small bag,
/home/hp/Indain_children_spech/ASER-Dataset/audio_processed/Hindi UP/2580/HI_S1_S_2.wav,English,I like to read,,i like to read,
/home/hp/Indain_children_spech/ASER-Dataset/audio_processed/Hindi UP/2580/HI_S1_S_3.wav,English,I have a fat dog,,i have a fat dog,
/home/hp/Indain_children_spech/ASER-Dataset/audio_processed/Hindi UP/2626/HI_S4_P_1.wav,Hindi,रूपा बाहर खेल रही थी खेलतेखेलते रात हो गई वह अपने घर चली गई रूपा खाना खाकर सो गई,रूपा बाहर खेल रही थी खेलते खेलते खेलते रात हो गई वह अपने घर चली गई रूपा खाना खाकर सो गई,रूपा बाहर खेल रही थी खेलतेखेलते रात हो गई वह अपने घर चली गई रूपा खाना खाकर सो गई,रूपा बाहर खेल रही थी खेलते खेलते खेलते रात हो गई वह अपने घर चली गई रूपा खाना खाकर सो गई
/home/hp/Indain_children_spech/ASER-Dataset/audio_processed/Hindi UP/2627/HI_S1_P_0.wav,Hindi,राधा के पास एक तोता है उसकी चोंच लाल है वह बहुत बोलता है सब को हँसाता है,राधा के पास एक तोोता है उसकी चोंच लाल है वह बहुत बोलता है सब को हँसाता है,राधा के पास एक तोता है उसकी चोंच लाल है वह बहुत बोलता है सब को हँसाता है,राधा के पास एक तोोता है उसकी चोंच लाल है वह बहुत बोलता है सब को हँसाता है
/home/hp/Indain_children_spech/ASER-Dataset/audio_processed/Hindi UP/2644/HI_S1_S_0.wav,English,Where is your house,,where is your house,
/home/hp/Indain_children_spech/ASER-Dataset/audio_processed/Hindi UP/2644/HI_S1_S_2.wav,English,I like to read,,i like to read,
/home/hp/Indain_children_spech/ASER-Dataset/audio_processed/Hindi UP/2644/HI_S1_S_1.wav,English,This is a small bag,,this is a small bag,
/home/hp/Indain_children_spech/ASER-Dataset/audio_processed/Hindi UP/2682/HI_S4_P_0.wav,Hindi,बग़ीचे में पेड़ हैं पेड़ पर एक तोता रहता है तोते का रंग हरा है वह लाल टमाटर खाता है,बगीचे में पड़ पेड़ पर एक तोते का रंग हरा है वह लाल टोट रखता है,बग़ीचे में पेड़ हैं पेड़ पर एक तोता रहता है तोते का रंग हरा है वह लाल टमाटर खाता है,बगीचे में पड़ पेड़ पर एक तोते का रंग हरा है वह लाल टोट रखता है
/home/hp/Indain_children_spech/ASER-Dataset/audio_processed/Hindi UP/2716/HI_S4_P_0.wav,Hindi,बग़ीचे में पेड़ हैं पेड़ पर एक तोता रहता है तोते का रंग हरा है वह लाल टमाटर खाता है,उ परड़ताा,बग़ीचे में पेड़ हैं पेड़ पर एक तोता रहता है तोते का रंग हरा है वह लाल टमाटर खाता है,उ परड़ताा
/home/hp/Indain_children_spech/ASER-Dataset/audio_processed/Hindi UP/2719/HI_S4_P_0.wav,Hindi,बग़ीचे में पेड़ हैं पेड़ पर एक तोता रहता है तोते का रंग हरा है वह लाल टमाटर खाता है,बगीचे में पेड़ है पेड़ पर एक तोता रहता है तोते का रंग हरा है वह लाल टमाटर खाता है,बग़ीचे में पेड़ हैं पेड़ पर एक तोता रहता है तोते का रंग हरा है वह लाल टमाटर खाता है,बगीचे में पेड़ है पेड़ पर एक तोता रहता है तोते का रंग हरा है वह लाल टमाटर खाता है
/home/hp/Indain_children_spech/ASER-Dataset/audio_processed/Hindi UP/2728/HI_S1_P_0.wav,Hindi,राधा के पास एक तोता है उसकी चोंच लाल है वह बहुत बोलता है सब को हँसाता है,रद्धा के पास एक तूता है उसकी चोच लाल है वह बहुत ब्त है सबको हँसता है,राधा के पास एक तोता है उसकी चोंच लाल है वह बहुत बोलता है सब को हँसाता है,रद्धा के पास एक तूता है उसकी चोच लाल है वह बहुत ब्त है सबको हँसता है
/home/hp/Indain_children_spech/ASER-Dataset/audio_processed/Hindi UP/2728/HI_S1_ST_0.wav,Hindi,बहुत दिनों से बारिश हो रही थी गाँव में सभी जगह गंदा पानी भर गया था सभी बारिश के रुकने की राह देख रहे थे अचानक एक दिन बारिश रुक गई सूरज निकल आया सब लोग खुश हो गये आसमान में चिड़ियाँ उड़ने लगीं लोग अपने कपड़े सुखाने लगे बच्चे भी घरों से बाहर निकलकर खेलने लगे,बहुत दिनों से वरिश म,बहुत दिनों से बारिश हो रही थी गाँव में सभी जगह गंदा पानी भर गया था सभी बारिश के रुकने की राह देख रहे थे अचानक एक दिन बारिश रुक गई सूरज निकल आया सब लोग खुश हो गये आसमान में चिड़ियाँ उड़ने लगीं लोग अपने कपड़े सुखाने लगे बच्चे भी घरों से बाहर निकलकर खेलने लगे,बहुत दिनों से वरिश म
/home/hp/Indain_children_spech/ASER-Dataset/audio_processed/Hindi UP/2728/HI_S1_S_0.wav,English,Where is your house,,where is your house,
/home/hp/Indain_children_spech/ASER-Dataset/audio_processed/Hindi UP/2728/HI_S1_S_1.wav,English,This is a small bag,,this is a small bag,
/home/hp/Indain_children_spech/ASER-Dataset/audio_processed/Hindi UP/2728/HI_S1_S_2.wav,English,I like to read,,i like to read,
/home/hp/Indain_children_spech/ASER-Dataset/audio_processed/Hindi UP/2761/HI_S3_P_1.wav,Hindi,काले बादल छाए हैं तेज़ बारिश हो रही है मोर भी नाच रहा है सब नाच देख रहे हैं,काले बादल छाए हैं तेज बारिश हो रही है मोर भी नाच रहा है सब नाच देख रहे हैं,काले बादल छाए हैं तेज़ बारिश हो रही है मोर भी नाच रहा है सब नाच देख रहे हैं,काले बादल छाए हैं तेज बारिश हो रही है मोर भी नाच रहा है सब नाच देख रहे हैं
/home/hp/Indain_children_spech/ASER-Dataset/audio_processed/Hindi UP/2761/HI_S3_S_0.wav,English,Where is your house,,where is your house,
/home/hp/Indain_children_spech/ASER-Dataset/audio_processed/Hindi UP/2761/HI_S3_S_1.wav,English,This is a big bus,,this is a big bus,
/home/hp/Indain_children_spech/ASER-Dataset/audio_processed/Hindi UP/2761/HI_S3_S_2.wav,English,I like to sing,,i like to sing,
/home/hp/Indain_children_spech/ASER-Dataset/audio_processed/Hindi UP/2761/HI_S3_S_3.wav,English,I have a fat cat,,i have a fat cat,
/home/hp/Indain_children_spech/ASER-Dataset/audio_processed/Hindi UP/2764/MR_S4_P_0.wav,Marathi,गीता बागेत आली तिकडे तिला मंजू भेटली दोघींनी जोरात झोका घेतला आज खूपच मजा आली,प नाही पताी,गीता बागेत आली तिकडे तिला मंजू भेटली दोघींनी जोरात झोका घेतला आज खूपच मजा आली,प नाही पताी
/home/hp/Indain_children_spech/ASER-Dataset/audio_processed/Hindi UP/2771/HI_S2_P_0.wav,Hindi,सोनी के पास एक माला है उसमें बहुत सारे मोती हैं मोती पीले रंग के हैं सोनी उसे पहनती है,सोनी सोनी के पास एक माला है उसमें बहुत सारे मोती हैं मोती पीले रंग के हैं सोनी उसे पहनती है स हो गया,सोनी के पास एक माला है उसमें बहुत सारे मोती हैं मोती पीले रंग के हैं सोनी उसे पहनती है,सोनी सोनी के पास एक माला है उसमें बहुत सारे मोती हैं मोती पीले रंग के हैं सोनी उसे पहनती है स हो गया
/home/hp/Indain_children_spech/ASER-Dataset/audio_processed/Hindi UP/2771/HI_S2_S_0.wav,English,What is the time,,what is the time,
/home/hp/Indain_children_spech/ASER-Dataset/audio_processed/Hindi UP/2771/HI_S2_S_1.wav,English,This is a red ball,,this is a red ball,
/home/hp/Indain_children_spech/ASER-Dataset/audio_processed/Hindi UP/2771/HI_S2_S_2.wav,English,I like to play,,i like to play,
/home/hp/Indain_children_spech/ASER-Dataset/audio_processed/Hindi UP/2771/HI_S2_S_3.wav,English,I have a small house,,i have a small house,
/home/hp/Indain_children_spech/ASER-Dataset/audio_processed/Hindi UP/2793/HI_S3_P_1.wav,Hindi,काले बादल छाए हैं तेज़ बारिश हो रही है मोर भी नाच रहा है सब नाच देख रहे हैं,काले बादल छाए हैं तेज बारिश हो रही है मोर भी नाच रही है सब नाच देख रहे हैं,काले बादल छाए हैं तेज़ बारिश हो रही है मोर भी नाच रहा है सब नाच देख रहे हैं,काले बादल छाए हैं तेज बारिश हो रही है मोर भी नाच रही है सब नाच देख रहे हैं
/home/hp/Indain_children_spech/ASER-Dataset/audio_processed/Hindi UP/2802/HI_S1_P_0.wav,Hindi,राधा के पास एक तोता है उसकी चोंच लाल है वह बहुत बोलता है सब को हँसाता है,राधा के पास एक तोोता है उसकी चोंच लाल है वह बहुत बोलता है सब को हँसाता है,राधा के पास एक तोता है उसकी चोंच लाल है वह बहुत बोलता है सब को हँसाता है,राधा के पास एक तोोता है उसकी चोंच लाल है वह बहुत बोलता है सब को हँसाता है
/home/hp/Indain_children_spech/ASER-Dataset/audio_processed/Hindi UP/2802/HI_S1_ST_0.wav,Hindi,बहुत दिनों से बारिश हो रही थी गाँव में सभी जगह गंदा पानी भर गया था सभी बारिश के रुकने की राह देख रहे थे अचानक एक दिन बारिश रुक गई सूरज निकल आया सब लोग खुश हो गये आसमान में चिड़ियाँ उड़ने लगीं लोग अपने कपड़े सुखाने लगे बच्चे भी घरों से बाहर निकलकर खेलने लगे,बहुत दिनों से बारिश हो रही थी गाँव में सभी जगह गंदा पानी भर गया था सभी बारिश के रुने की राह देख रहे थे अचानक एक दिन बारिश रुक गई सूरज निकल आया सब लोग खुश हो गए आसमान में चिड़िया उड़ने लगी लोग अपने कपड़े सुखाने लगे सब बच्चे भी घर से बाहर निकल बाहर निकल कर खेलने लगे,बहुत दिनों से बारिश हो रही थी गाँव में सभी जगह गंदा पानी भर गया था सभी बारिश के रुकने की राह देख रहे थे अचानक एक दिन बारिश रुक गई सूरज निकल आया सब लोग खुश हो गये आसमान में चिड़ियाँ उड़ने लगीं लोग अपने कपड़े सुखाने लगे बच्चे भी घरों से बाहर निकलकर खेलने लगे,बहुत दिनों से बारिश हो रही थी गाँव में सभी जगह गंदा पानी भर गया था सभी बारिश के रुने की राह देख रहे थे अचानक एक दिन बारिश रुक गई सूरज निकल आया सब लोग खुश हो गए आसमान में चिड़िया उड़ने लगी लोग अपने कपड़े सुखाने लगे सब बच्चे भी घर से बाहर निकल बाहर निकल कर खेलने लगे
/home/hp/Indain_children_spech/ASER-Dataset/audio_processed/Hindi UP/2802/HI_S1_S_0.wav,English,Where is your house,,where is your house,
/home/hp/Indain_children_spech/ASER-Dataset/audio_processed/Hindi UP/2802/HI_S1_S_1.wav,English,This is a small bag,,this is a small bag,
/home/hp/Indain_children_spech/ASER-Dataset/audio_processed/Hindi UP/2802/HI_S1_S_2.wav,English,I like to read,,i like to read,
/home/hp/Indain_children_spech/ASER-Dataset/audio_processed/Hindi UP/2802/HI_S1_S_3.wav,English,I have a fat dog,,i have a fat dog,
/home/hp/Indain_children_spech/ASER-Dataset/audio_processed/Hindi UP/2806/HI_S2_P_1.wav,Hindi,मीना पढ़ने जाती है राजू भी साथ जाता है दोनों शाम को लौटकर आते हैं घर आकर खाना खाते हैं,मीना पढ़ने जाती है राजू भी साथ जाता है दोनों शाम को लौट कर आते हैं घर आकर खाना खाते हैं,मीना पढ़ने जाती है राजू भी साथ जाता है दोनों शाम को लौटकर आते हैं घर आकर खाना खाते हैं,मीना पढ़ने जाती है राजू भी साथ जाता है दोनों शाम को लौट कर आते हैं घर आकर खाना खाते हैं
/home/hp/Indain_children_spech/ASER-Dataset/audio_processed/Hindi UP/2806/HI_S2_S_0.wav,English,What is the time,,what is the time,
/home/hp/Indain_children_spech/ASER-Dataset/audio_processed/Hindi UP/2806/HI_S2_S_1.wav,English,This is a red ball,,this is a red ball,
/home/hp/Indain_children_spech/ASER-Dataset/audio_processed/Hindi UP/2806/HI_S2_S_2.wav,English,I like to play,,i like to play,
/home/hp/Indain_children_spech/ASER-Dataset/audio_processed/Hindi UP/2806/HI_S2_S_3.wav,English,I have a small house,,i have a small house,
/home/hp/Indain_children_spech/ASER-Dataset/audio_processed/Hindi UP/2811/HI_S1_P_0.wav,Hindi,राधा के पास एक तोता है उसकी चोंच लाल है वह बहुत बोलता है सब को हँसाता है,राधा के पास एक तोता है उसकी चोंच लाल है वह बहुत बोलता है सब को खुद हँसाता है,राधा के पास एक तोता है उसकी चोंच लाल है वह बहुत बोलता है सब को हँसाता है,राधा के पास एक तोता है उसकी चोंच लाल है वह बहुत बोलता है सब को खुद हँसाता है
/home/hp/Indain_children_spech/ASER-Dataset/audio_processed/Hindi UP/2830/HI_S3_P_0.wav,Hindi,नीतू के घर में गाय है उसका रंग सफ़ेद है गाय हरी घास खाती है वह बहुत दूध देती है,नहीं रह सकते होलो,नीतू के घर में गाय है उसका रंग सफ़ेद है गाय हरी घास खाती है वह बहुत दूध देती है,नहीं रह सकते होलो
/home/hp/Indain_children_spech/ASER-Dataset/audio_processed/Hindi UP/2838/MR_S1_P_0.wav,Marathi,आज गावाहून मामा आला मला खाऊ व फुगे घेऊन आला ताईला बाहुली घेऊन आला आईला छान साडी आणली,प,आज गावाहून मामा आला मला खाऊ व फुगे घेऊन आला ताईला बाहुली घेऊन आला आईला छान साडी आणली,प
/home/hp/Indain_children_spech/ASER-Dataset/audio_processed/Hindi UP/2842/HI_S2_P_0.wav,Hindi,सोनी के पास एक माला है उसमें बहुत सारे मोती हैं मोती पीले रंग के हैं सोनी उसे पहनती है,सोनी के पास एक माला है उसमें बहुत सारे मोती है मोती पीले रंग के है सोनी उसे पहना पहनाती है,सोनी के पास एक माला है उसमें बहुत सारे मोती हैं मोती पीले रंग के हैं सोनी उसे पहनती है,सोनी के पास एक माला है उसमें बहुत सारे मोती है मोती पीले रंग के है सोनी उसे पहना पहनाती है
/home/hp/Indain_children_spech/ASER-Dataset/audio_processed/Hindi UP/2842/HI_S2_S_0.wav,English,What is the time,,what is the time,
/home/hp/Indain_children_spech/ASER-Dataset/audio_processed/Hindi UP/2842/HI_S2_S_1.wav,English,This is a red ball,,this is a red ball,
/home/hp/Indain_children_spech/ASER-Dataset/audio_processed/Hindi UP/2842/HI_S2_S_2.wav,English,I like to play,,i like to play,
/home/hp/Indain_children_spech/ASER-Dataset/audio_processed/Hindi UP/2842/HI_S2_S_3.wav,English,I have a small house,,i have a small house,
/home/hp/Indain_children_spech/ASER-Dataset/audio_processed/Hindi UP/2858/HI_S2_P_0.wav,Hindi,सोनी के पास एक माला है उसमें बहुत सारे मोती हैं मोती पीले रंग के हैं सोनी उसे पहनती है,सोनी के पास एक माला है उसमें बहुत सारे मोती है मोती पीले रंग के है सोनी उसे पहनती है,सोनी के पास एक माला है उसमें बहुत सारे मोती हैं मोती पीले रंग के हैं सोनी उसे पहनती है,सोनी के पास एक माला है उसमें बहुत सारे मोती है मोती पीले रंग के है सोनी उसे पहनती है
/home/hp/Indain_children_spech/ASER-Dataset/audio_processed/Hindi UP/2858/HI_S2_ST_0.wav,Hindi,सावन का महीना था आसमान में बहुत से काले बादल छाये थे ठंडी ठंडी हवा चल रही थी मैंने सोचा आज झूला झूलते हैं बड़े भैया एक मोटी सी रस्सी लेकर आए हमने उसे पेड़ से लटका कर झूला बनाया सब ने मिलकर खूब झूला झूला बहुत सारे बच्चे आकर मज़े से खेलने लगे खेलतेखेलते रात हो गई,सावन का महीना था आसमान में बहुत से काले बादल छाएे थे ठंडी ठंडी हवा चल रही थी मैंने सोचा आज झूला झूलते हैं बड़े भया एक मोटी सी रस्सी लेकर आया है हमने उसे पेड़ से लटका कर झूला बनाया सबने मिलकर खूब झूला झूला बहुत सारे बच्चे आकर मजे से खेलने लगे खेलते खेलते रात हो गई,सावन का महीना था आसमान में बहुत से काले बादल छाये थे ठंडी ठंडी हवा चल रही थी मैंने सोचा आज झूला झूलते हैं बड़े भैया एक मोटी सी रस्सी लेकर आए हमने उसे पेड़ से लटका कर झूला बनाया सब ने मिलकर खूब झूला झूला बहुत सारे बच्चे आकर मज़े से खेलने लगे खेलतेखेलते रात हो गई,सावन का महीना था आसमान में बहुत से काले बादल छाएे थे ठंडी ठंडी हवा चल रही थी मैंने सोचा आज झूला झूलते हैं बड़े भया एक मोटी सी रस्सी लेकर आया है हमने उसे पेड़ से लटका कर झूला बनाया सबने मिलकर खूब झूला झूला बहुत सारे बच्चे आकर मजे से खेलने लगे खेलते खेलते रात हो गई
/home/hp/Indain_children_spech/ASER-Dataset/audio_processed/Hindi UP/2858/HI_S2_S_3.wav,English,I have a small house,,i have a small house,
/home/hp/Indain_children_spech/ASER-Dataset/audio_processed/Hindi UP/2858/HI_S2_S_2.wav,English,I like to play,,i like to play,
/home/hp/Indain_children_spech/ASER-Dataset/audio_processed/Hindi UP/2858/HI_S2_S_1.wav,English,This is a red ball,,this is a red ball,
/home/hp/Indain_children_spech/ASER-Dataset/audio_processed/Hindi UP/2860/HI_S3_P_0.wav,Hindi,नीतू के घर में गाय है उसका रंग सफ़ेद है गाय हरी घास खाती है वह बहुत दूध देती है,नीतू के घर में गाय है उसका रंग सफ़ेद है गाय हरी घास खाती है वह बहुत दूध देती,नीतू के घर में गाय है उसका रंग सफ़ेद है गाय हरी घास खाती है वह बहुत दूध देती है,नीतू के घर में गाय है उसका रंग सफ़ेद है गाय हरी घास खाती है वह बहुत दूध देती
/home/hp/Indain_children_spech/ASER-Dataset/audio_processed/Hindi UP/2860/HI_S3_ST_0.wav,Hindi,विमला और अजय मेला देखने गये उन्हें मेले में तरहतरह की दुकाने दिखीं मेले में बहुत झूले थे वहाँ गरमगरम हलवा और जलेबियाँ भी बिक रहीं थीं जलेबी देखकर दोनों के मुँह में पानी आने लगा उन्हें जलेबी खाने का मन हुआ विमला ने जलेबी खरीदी दोनों दोस्तों ने मिलकर जलेबी खाई शाम को दोनों घर लौट आये,विमला और अजय मेला देखने गए उन्हें मेले में तरह तरह की दुकाने दिखी मेले में बहुत झूले थे वहाँ गर्म गर्म हलवा और जलेबियां भी बख रही थी जलेबी देखकर दोनों के मुँह में पानी आने लगा उन्हें जलेबी खाने का मन हुआ विमला ने जलेबी खरीदी दोनों दोस्तों ने मिलकर जलेबी खाई शाम को दोनों घर लौट आय,विमला और अजय मेला देखने गये उन्हें मेले में तरहतरह की दुकाने दिखीं मेले में बहुत झूले थे वहाँ गरमगरम हलवा और जलेबियाँ भी बिक रहीं थीं जलेबी देखकर दोनों के मुँह में पानी आने लगा उन्हें जलेबी खाने का मन हुआ विमला ने जलेबी खरीदी दोनों दोस्तों ने मिलकर जलेबी खाई शाम को दोनों घर लौट आये,विमला और अजय मेला देखने गए उन्हें मेले में तरह तरह की दुकाने दिखी मेले में बहुत झूले थे वहाँ गर्म गर्म हलवा और जलेबियां भी बख रही थी जलेबी देखकर दोनों के मुँह में पानी आने लगा उन्हें जलेबी खाने का मन हुआ विमला ने जलेबी खरीदी दोनों दोस्तों ने मिलकर जलेबी खाई शाम को दोनों घर लौट आय
/home/hp/Indain_children_spech/ASER-Dataset/audio_processed/Hindi UP/2860/HI_S3_S_1.wav,English,This is a big bus,,this is a big bus,
/home/hp/Indain_children_spech/ASER-Dataset/audio_processed/Hindi UP/2860/HI_S3_S_2.wav,English,I like to sing,,i like to sing,
/home/hp/Indain_children_spech/ASER-Dataset/audio_processed/Hindi UP/2901/HI_S4_P_0.wav,Hindi,बग़ीचे में पेड़ हैं पेड़ पर एक तोता रहता है तोते का रंग हरा है वह लाल टमाटर खाता है,बगीचे में पेड़ है पेड़ पर एक तोता रहता है तोते का रंग हरा है वह लाल टमाटर खाता है,बग़ीचे में पेड़ हैं पेड़ पर एक तोता रहता है तोते का रंग हरा है वह लाल टमाटर खाता है,बगीचे में पेड़ है पेड़ पर एक तोता रहता है तोते का रंग हरा है वह लाल टमाटर खाता है
/home/hp/Indain_children_spech/ASER-Dataset/audio_processed/Hindi UP/2901/HI_S4_ST_0.wav,Hindi,रामपुर में कुछ ज़मीन ख़ाली थी वहाँ कुछ नहीं उगता था वहाँ कोई खेलने नहीं जाता था एक दिन कुछ लोग आए उन्होंने गाँव के लोगों को बुलाया सबने मिलकर तय किया कि यहाँ बग़ीचा बनाया जाए खाद मंगाकर हर तरह के पौधे लगाये गए सही समय पर पानी दिया गया आज वहाँ एक सुंदर बग़ीचा है इसलिए वहाँ सब खेलने जाते हैं,रामपुर में कुछ ज़मीन खाली थी वहाँ कुछ नहीं उगता था वहाँ कोई खेलने नहीं जाता था एक दिन कुछ लोग आए उन्होंने गाँव के लोगों को बुलाया सबने मिलकर तय किया कि यहाँ बगीचा बनाया जाए खाद मंगा कर हर तरह के पौधे लगाए गए सही समय पर पानी दिया गया आज वहाँ एक सुंदर बगीचा है इसलिए वहाँ सब खेलने जाते हैं,रामपुर में कुछ ज़मीन ख़ाली थी वहाँ कुछ नहीं उगता था वहाँ कोई खेलने नहीं जाता था एक दिन कुछ लोग आए उन्होंने गाँव के लोगों को बुलाया सबने मिलकर तय किया कि यहाँ बग़ीचा बनाया जाए खाद मंगाकर हर तरह के पौधे लगाये गए सही समय पर पानी दिया गया आज वहाँ एक सुंदर बग़ीचा है इसलिए वहाँ सब खेलने जाते हैं,रामपुर में कुछ ज़मीन खाली थी वहाँ कुछ नहीं उगता था वहाँ कोई खेलने नहीं जाता था एक दिन कुछ लोग आए उन्होंने गाँव के लोगों को बुलाया सबने मिलकर तय किया कि यहाँ बगीचा बनाया जाए खाद मंगा कर हर तरह के पौधे लगाए गए सही समय पर पानी दिया गया आज वहाँ एक सुंदर बगीचा है इसलिए वहाँ सब खेलने जाते हैं
/home/hp/Indain_children_spech/ASER-Dataset/audio_processed/Hindi UP/2901/HI_S4_S_0.wav,English,What is the time,,what is the time,
/home/hp/Indain_children_spech/ASER-Dataset/audio_processed/Hindi UP/2901/HI_S4_S_1.wav,English,This is a blue shirt,,this is a blue shirt,
/home/hp/Indain_children_spech/ASER-Dataset/audio_processed/Hindi UP/2901/HI_S4_S_2.wav,English,I like to sleep,,i like to sleep,
/home/hp/Indain_children_spech/ASER-Dataset/audio_processed/Hindi UP/2901/HI_S4_S_3.wav,English,I have a big house,,i have a big house,
/home/hp/Indain_children_spech/ASER-Dataset/audio_processed/Hindi UP/2912/HI_S2_P_1.wav,Hindi,मीना पढ़ने जाती है राजू भी साथ जाता है दोनों शाम को लौटकर आते हैं घर आकर खाना खाते हैं,मीना पढ़ने जाती है राजू भी साथ जाता है दोनों शाम को लौट कर आते हैं घर आकर खाना खाते हैं,मीना पढ़ने जाती है राजू भी साथ जाता है दोनों शाम को लौटकर आते हैं घर आकर खाना खाते हैं,मीना पढ़ने जाती है राजू भी साथ जाता है दोनों शाम को लौट कर आते हैं घर आकर खाना खाते हैं
/home/hp/Indain_children_spech/ASER-Dataset/audio_processed/Hindi UP/2912/HI_S2_S_0.wav,English,What is the time,,what is the time,
/home/hp/Indain_children_spech/ASER-Dataset/audio_processed/Hindi UP/2912/HI_S2_S_1.wav,English,This is a red ball,,this is a red ball,
/home/hp/Indain_children_spech/ASER-Dataset/audio_processed/Hindi UP/2920/HI_S2_P_1.wav,Hindi,मीना पढ़ने जाती है राजू भी साथ जाता है दोनों शाम को लौटकर आते हैं घर आकर खाना खाते हैं,मीना पढ़ने जाती थी राज राजू भी साथ जाता था दोनों शाम को लौट कर आता आते थे हैं घर आकर खाना खाते हैं,मीना पढ़ने जाती है राजू भी साथ जाता है दोनों शाम को लौटकर आते हैं घर आकर खाना खाते हैं,मीना पढ़ने जाती थी राज राजू भी साथ जाता था दोनों शाम को लौट कर आता आते थे हैं घर आकर खाना खाते हैं
/home/hp/Indain_children_spech/ASER-Dataset/audio_processed/Hindi UP/2927/HI_S2_S_0.wav,English,What is the time,,what is the time,
/home/hp/Indain_children_spech/ASER-Dataset/audio_processed/Hindi UP/2927/HI_S2_S_1.wav,English,This is a red ball,,this is a red ball,
/home/hp/Indain_children_spech/ASER-Dataset/audio_processed/Hindi UP/2927/HI_S2_S_2.wav,English,I like to play,,i like to play,
/home/hp/Indain_children_spech/ASER-Dataset/audio_processed/Hindi UP/2927/HI_S2_S_3.wav,English,I have a small house,,i have a small house,
/home/hp/Indain_children_spech/ASER-Dataset/audio_processed/Hindi UP/2927/HI_S2_P_0.wav,Hindi,सोनी के पास एक माला है उसमें बहुत सारे मोती हैं मोती पीले रंग के हैं सोनी उसे पहनती है,सोनी के पास एक महला है उसमें बहुत सारे मोती है मोती पीले रंग के हैं सोनी से पहनती है,सोनी के पास एक माला है उसमें बहुत सारे मोती हैं मोती पीले रंग के हैं सोनी उसे पहनती है,सोनी के पास एक महला है उसमें बहुत सारे मोती है मोती पीले रंग के हैं सोनी से पहनती है
/home/hp/Indain_children_spech/ASER-Dataset/audio_processed/Hindi UP/2927/HI_S2_ST_0.wav,Hindi,सावन का महीना था आसमान में बहुत से काले बादल छाये थे ठंडी ठंडी हवा चल रही थी मैंने सोचा आज झूला झूलते हैं बड़े भैया एक मोटी सी रस्सी लेकर आए हमने उसे पेड़ से लटका कर झूला बनाया सब ने मिलकर खूब झूला झूला बहुत सारे बच्चे आकर मज़े से खेलने लगे खेलतेखेलते रात हो गई,सावन का महीना तासमान में बहुत से काले बादल छाए थे ठंडी ठंडी हवा चल रही थी बी पचार झूला झूलते हैं बड़े भैया एक मोी सी रस्सी लेकर आए हमने उसे पेड़ से लटका कर झूला बनाया सबने मिलकर खूब झूला झूला बहुत सारे बच्चे आकर मज़े से खेलने लगे खेलते खेलते रात हो गई,सावन का महीना था आसमान में बहुत से काले बादल छाये थे ठंडी ठंडी हवा चल रही थी मैंने सोचा आज झूला झूलते हैं बड़े भैया एक मोटी सी रस्सी लेकर आए हमने उसे पेड़ से लटका कर झूला बनाया सब ने मिलकर खूब झूला झूला बहुत सारे बच्चे आकर मज़े से खेलने लगे खेलतेखेलते रात हो गई,सावन का महीना तासमान में बहुत से काले बादल छाए थे ठंडी ठंडी हवा चल रही थी बी पचार झूला झूलते हैं बड़े भैया एक मोी सी रस्सी लेकर आए हमने उसे पेड़ से लटका कर झूला बनाया सबने मिलकर खूब झूला झूला बहुत सारे बच्चे आकर मज़े से खेलने लगे खेलते खेलते रात हो गई
/home/hp/Indain_children_spech/ASER-Dataset/audio_processed/Hindi UP/2966/HI_S1_P_0.wav,Hindi,राधा के पास एक तोता है उसकी चोंच लाल है वह बहुत बोलता है सब को हँसाता है,राजा के पास एक तोता है उसका उसकी चोंच लाल है वह बहुत बोलता है सब को हँसाता है,राधा के पास एक तोता है उसकी चोंच लाल है वह बहुत बोलता है सब को हँसाता है,राजा के पास एक तोता है उसका उसकी चोंच लाल है वह बहुत बोलता है सब को हँसाता है
/home/hp/Indain_children_spech/ASER-Dataset/audio_processed/Hindi UP/2966/HI_S1_S_0.wav,English,Where is your house,,where is your house,
/home/hp/Indain_children_spech/ASER-Dataset/audio_processed/Hindi UP/2966/HI_S1_S_1.wav,English,This is a small bag,,this is a small bag,
/home/hp/Indain_children_spech/ASER-Dataset/audio_processed/Hindi UP/2966/HI_S1_S_2.wav,English,I like to read,,i like to read,
/home/hp/Indain_children_spech/ASER-Dataset/audio_processed/Hindi UP/2966/HI_S1_S_3.wav,English,I have a fat dog,,i have a fat dog,
/home/hp/Indain_children_spech/ASER-Dataset/audio_processed/Hindi UP/2979/HI_S2_P_0.wav,Hindi,सोनी के पास एक माला है उसमें बहुत सारे मोती हैं मोती पीले रंग के हैं सोनी उसे पहनती है,सोनी के पास एक माला है उसमें बहुत सारे मोती है मोती पीले रंग के हैं मोनी उसे पह पहनती है,सोनी के पास एक माला है उसमें बहुत सारे मोती हैं मोती पीले रंग के हैं सोनी उसे पहनती है,सोनी के पास एक माला है उसमें बहुत सारे मोती है मोती पीले रंग के हैं मोनी उसे पह पहनती है
/home/hp/Indain_children_spech/ASER-Dataset/audio_processed/Hindi UP/2993/HI_S2_P_1.wav,Hindi,मीना पढ़ने जाती है राजू भी साथ जाता है दोनों शाम को लौटकर आते हैं घर आकर खाना खाते हैं,मीना पढ़ने जाती है राजू भी साथ जाता है दोनों शाम को लौट कर आते हैं घर आकर खाना खाते हैं,मीना पढ़ने जाती है राजू भी साथ जाता है दोनों शाम को लौटकर आते हैं घर आकर खाना खाते हैं,मीना पढ़ने जाती है राजू भी साथ जाता है दोनों शाम को लौट कर आते हैं घर आकर खाना खाते हैं
/home/hp/Indain_children_spech/ASER-Dataset/audio_processed/Hindi UP/2993/HI_S2_S_0.wav,English,What is the time,,what is the time,
/home/hp/Indain_children_spech/ASER-Dataset/audio_processed/Hindi UP/2993/HI_S2_S_3.wav,English,I have a small house,,i have a small house,
/home/hp/Indain_children_spech/ASER-Dataset/audio_processed/Hindi UP/2993/HI_S2_S_1.wav,English,This is a red ball,,this is a red ball,
/home/hp/Indain_children_spech/ASER-Dataset/audio_processed/Hindi UP/2993/HI_S2_S_2.wav,English,I like to play,,i like to play,
/home/hp/Indain_children_spech/ASER-Dataset/audio_processed/Hindi UP/2996/HI_S1_P_1.wav,Hindi,माँ ने हलवा बनाया वह बहुत मीठा था उसे सोनी ने खाया खाने के बाद वह सो गई,माँ ने हलवा बनाया है वह बहुत मीठा था उसे सोनी ने खाया खाने के बाद वह सो गई,माँ ने हलवा बनाया वह बहुत मीठा था उसे सोनी ने खाया खाने के बाद वह सो गई,माँ ने हलवा बनाया है वह बहुत मीठा था उसे सोनी ने खाया खाने के बाद वह सो गई
/home/hp/Indain_children_spech/ASER-Dataset/audio_processed/Hindi UP/2996/HI_S1_ST_0.wav,Hindi,बहुत दिनों से बारिश हो रही थी गाँव में सभी जगह गंदा पानी भर गया था सभी बारिश के रुकने की राह देख रहे थे अचानक एक दिन बारिश रुक गई सूरज निकल आया सब लोग खुश हो गये आसमान में चिड़ियाँ उड़ने लगीं लोग अपने कपड़े सुखाने लगे बच्चे भी घरों से बाहर निकलकर खेलने लगे,बहुत दिनों से बारिश हो रही थी गाँव में सभी जगह गंदा पानी भर गया था सभी बारिश के रुकने की राह देख रहे थे अचानक एक दिन सूरज बारिश रुक गई सूरज निकल आया सब लोग खुश हो गए आसमान में चिड़िया उड़ने लगीं लोग अपने कपड़े सुखाने लगे बच्चे भी घरों से बाहर निकल कर खेलने लगे,बहुत दिनों से बारिश हो रही थी गाँव में सभी जगह गंदा पानी भर गया था सभी बारिश के रुकने की राह देख रहे थे अचानक एक दिन बारिश रुक गई सूरज निकल आया सब लोग खुश हो गये आसमान में चिड़ियाँ उड़ने लगीं लोग अपने कपड़े सुखाने लगे बच्चे भी घरों से बाहर निकलकर खेलने लगे,बहुत दिनों से बारिश हो रही थी गाँव में सभी जगह गंदा पानी भर गया था सभी बारिश के रुकने की राह देख रहे थे अचानक एक दिन सूरज बारिश रुक गई सूरज निकल आया सब लोग खुश हो गए आसमान में चिड़िया उड़ने लगीं लोग अपने कपड़े सुखाने लगे बच्चे भी घरों से बाहर निकल कर खेलने लगे
/home/hp/Indain_children_spech/ASER-Dataset/audio_processed/Hindi UP/2996/HI_S1_S_2.wav,English,I like to read,,i like to read,
/home/hp/Indain_children_spech/ASER-Dataset/audio_processed/Hindi UP/2997/HI_S4_P_0.wav,Hindi,बग़ीचे में पेड़ हैं पेड़ पर एक तोता रहता है तोते का रंग हरा है वह लाल टमाटर खाता है,बगीचे में पेड़ है पेड़ पर एक तोता रहता है तोते का रंग भराा है वह लाल टमाटर खाता है,बग़ीचे में पेड़ हैं पेड़ पर एक तोता रहता है तोते का रंग हरा है वह लाल टमाटर खाता है,बगीचे में पेड़ है पेड़ पर एक तोता रहता है तोते का रंग भराा है वह लाल टमाटर खाता है
/home/hp/Indain_children_spech/ASER-Dataset/audio_processed/Hindi UP/2997/HI_S4_ST_0.wav,Hindi,रामपुर में कुछ ज़मीन ख़ाली थी वहाँ कुछ नहीं उगता था वहाँ कोई खेलने नहीं जाता था एक दिन कुछ लोग आए उन्होंने गाँव के लोगों को बुलाया सबने मिलकर तय किया कि यहाँ बग़ीचा बनाया जाए खाद मंगाकर हर तरह के पौधे लगाये गए सही समय पर पानी दिया गया आज वहाँ एक सुंदर बग़ीचा है इसलिए वहाँ सब खेलने जाते हैं,रामपुर में कुछ जमीन खाली थी वहाँ कुछ नहीं उठता था वहाँ कोई खेलने नहीं जाता था एक दिन कुछ लोग आए उन्होंने गाँव के लोगों को बुलाया सबने मिलकर तय किया कि यहाँ बगीचा बनाया जाए खाद मंगाकर हर तरह के पौधे लगाए गए सही समय पर पानी दिया गया आज वहाँ एक सुंदर बगीचा है इसलिए वहाँ सब खेलने जाते हैं,रामपुर में कुछ ज़मीन ख़ाली थी वहाँ कुछ नहीं उगता था वहाँ कोई खेलने नहीं जाता था एक दिन कुछ लोग आए उन्होंने गाँव के लोगों को बुलाया सबने मिलकर तय किया कि यहाँ बग़ीचा बनाया जाए खाद मंगाकर हर तरह के पौधे लगाये गए सही समय पर पानी दिया गया आज वहाँ एक सुंदर बग़ीचा है इसलिए वहाँ सब खेलने जाते हैं,रामपुर में कुछ जमीन खाली थी वहाँ कुछ नहीं उठता था वहाँ कोई खेलने नहीं जाता था एक दिन कुछ लोग आए उन्होंने गाँव के लोगों को बुलाया सबने मिलकर तय किया कि यहाँ बगीचा बनाया जाए खाद मंगाकर हर तरह के पौधे लगाए गए सही समय पर पानी दिया गया आज वहाँ एक सुंदर बगीचा है इसलिए वहाँ सब खेलने जाते हैं
/home/hp/Indain_children_spech/ASER-Dataset/audio_processed/Hindi UP/2997/HI_S4_S_0.wav,English,What is the time,,what is the time,
/home/hp/Indain_children_spech/ASER-Dataset/audio_processed/Hindi UP/2997/HI_S4_S_1.wav,English,This is a blue shirt,,this is a blue shirt,
/home/hp/Indain_children_spech/ASER-Dataset/audio_processed/Hindi UP/2997/HI_S4_S_2.wav,English,I like to sleep,,i like to sleep,
/home/hp/Indain_children_spech/ASER-Dataset/audio_processed/Hindi UP/2997/HI_S4_S_3.wav,English,I have a big house,,i have a big house,
/home/hp/Indain_children_spech/ASER-Dataset/audio_processed/Hindi UP/2999/HI_S3_P_1.wav,Hindi,काले बादल छाए हैं तेज़ बारिश हो रही है मोर भी नाच रहा है सब नाच देख रहे हैं,काले बंदर छाए काले बादल छाए हैं तेज बारिश हो रही है मर मोर भी नाच रहा है सब नाच देख रहे रहे हैं,काले बादल छाए हैं तेज़ बारिश हो रही है मोर भी नाच रहा है सब नाच देख रहे हैं,काले बंदर छाए काले बादल छाए हैं तेज बारिश हो रही है मर मोर भी नाच रहा है सब नाच देख रहे रहे हैं
/home/hp/Indain_children_spech/ASER-Dataset/audio_processed/Hindi UP/3009/HI_S1_P_0.wav,Hindi,राधा के पास एक तोता है उसकी चोंच लाल है वह बहुत बोलता है सब को हँसाता है,राधा के पास एक तोता है उसकी चोंच लाल है वह बहुत बोलता है सबको हँसाता है,राधा के पास एक तोता है उसकी चोंच लाल है वह बहुत बोलता है सब को हँसाता है,राधा के पास एक तोता है उसकी चोंच लाल है वह बहुत बोलता है सबको हँसाता है
/home/hp/Indain_children_spech/ASER-Dataset/audio_processed/Hindi UP/3009/HI_S1_ST_0.wav,Hindi,बहुत दिनों से बारिश हो रही थी गाँव में सभी जगह गंदा पानी भर गया था सभी बारिश के रुकने की राह देख रहे थे अचानक एक दिन बारिश रुक गई सूरज निकल आया सब लोग खुश हो गये आसमान में चिड़ियाँ उड़ने लगीं लोग अपने कपड़े सुखाने लगे बच्चे भी घरों से बाहर निकलकर खेलने लगे,बहुत दिनों से बारिश हो रही थी गाँव के गाँव में सभी जगह गंदा पानी भरा गया भर गया था सभी बारिश के रुकने को राह देख रहे थे अचानक एक दिन बारिश रुक गई सूरज निकल आया सब लोग खुश हो गए आसमान में चिड़ियों चिड़िया उड़ने लगी लोग अपने कपड़े सुखाने लगे बच्चे भी घरों से बाहर निकल कर खेलने लगे,बहुत दिनों से बारिश हो रही थी गाँव में सभी जगह गंदा पानी भर गया था सभी बारिश के रुकने की राह देख रहे थे अचानक एक दिन बारिश रुक गई सूरज निकल आया सब लोग खुश हो गये आसमान में चिड़ियाँ उड़ने लगीं लोग अपने कपड़े सुखाने लगे बच्चे भी घरों से बाहर निकलकर खेलने लगे,बहुत दिनों से बारिश हो रही थी गाँव के गाँव में सभी जगह गंदा पानी भरा गया भर गया था सभी बारिश के रुकने को राह देख रहे थे अचानक एक दिन बारिश रुक गई सूरज निकल आया सब लोग खुश हो गए आसमान में चिड़ियों चिड़िया उड़ने लगी लोग अपने कपड़े सुखाने लगे बच्चे भी घरों से बाहर निकल कर खेलने लगे
/home/hp/Indain_children_spech/ASER-Dataset/audio_processed/Hindi UP/3009/HI_S1_S_0.wav,English,Where is your house,,where is your house,
/home/hp/Indain_children_spech/ASER-Dataset/audio_processed/Hindi UP/3009/HI_S1_S_1.wav,English,This is a small bag,,this is a small bag,
/home/hp/Indain_children_spech/ASER-Dataset/audio_processed/Hindi UP/3014/HI_S1_P_0.wav,Hindi,राधा के पास एक तोता है उसकी चोंच लाल है वह बहुत बोलता है सब को हँसाता है,राधा के पास एक तोता है उस उसकी चोच लाल है वह बहुत बोलता है सबको हसाता है,राधा के पास एक तोता है उसकी चोंच लाल है वह बहुत बोलता है सब को हँसाता है,राधा के पास एक तोता है उस उसकी चोच लाल है वह बहुत बोलता है सबको हसाता है
/home/hp/Indain_children_spech/ASER-Dataset/audio_processed/Hindi UP/3014/HI_S1_S_0.wav,English,Where is your house,,where is your house,
/home/hp/Indain_children_spech/ASER-Dataset/audio_processed/Hindi UP/3014/HI_S1_S_1.wav,English,This is a small bag,,this is a small bag,
/home/hp/Indain_children_spech/ASER-Dataset/audio_processed/Hindi UP/3023/HI_S1_P_0.wav,Hindi,राधा के पास एक तोता है उसकी चोंच लाल है वह बहुत बोलता है सब को हँसाता है,राधा के पास एक तोता है इसकी चोंच लाल है वह बहुत बोलता है सबको हँसाता है,राधा के पास एक तोता है उसकी चोंच लाल है वह बहुत बोलता है सब को हँसाता है,राधा के पास एक तोता है इसकी चोंच लाल है वह बहुत बोलता है सबको हँसाता है
/home/hp/Indain_children_spech/ASER-Dataset/audio_processed/Hindi UP/3023/HI_S1_ST_0.wav,Hindi,बहुत दिनों से बारिश हो रही थी गाँव में सभी जगह गंदा पानी भर गया था सभी बारिश के रुकने की राह देख रहे थे अचानक एक दिन बारिश रुक गई सूरज निकल आया सब लोग खुश हो गये आसमान में चिड़ियाँ उड़ने लगीं लोग अपने कपड़े सुखाने लगे बच्चे भी घरों से बाहर निकलकर खेलने लगे,बहुत दिनों से बारिश हो रही थी गाँव में सभी जगह गंदा पानी भर गया था सभी बारिश के रुकने की राह देख रहे थे अचानक एक दिन बारिश रुक गयी सूरज निकल आया सब लोग खुश हो गए आसमान में चिड़िया उड़ने लगी लोग अपने कपड़े सुखाने लगे बच्चे भी घरों से बाहर निकल कर खेलने लगे,बहुत दिनों से बारिश हो रही थी गाँव में सभी जगह गंदा पानी भर गया था सभी बारिश के रुकने की राह देख रहे थे अचानक एक दिन बारिश रुक गई सूरज निकल आया सब लोग खुश हो गये आसमान में चिड़ियाँ उड़ने लगीं लोग अपने कपड़े सुखाने लगे बच्चे भी घरों से बाहर निकलकर खेलने लगे,बहुत दिनों से बारिश हो रही थी गाँव में सभी जगह गंदा पानी भर गया था सभी बारिश के रुकने की राह देख रहे थे अचानक एक दिन बारिश रुक गयी सूरज निकल आया सब लोग खुश हो गए आसमान में चिड़िया उड़ने लगी लोग अपने कपड़े सुखाने लगे बच्चे भी घरों से बाहर निकल कर खेलने लगे
/home/hp/Indain_children_spech/ASER-Dataset/audio_processed/Hindi UP/3023/HI_S1_S_0.wav,English,Where is your house,,where is your house,
/home/hp/Indain_children_spech/ASER-Dataset/audio_processed/Hindi UP/3023/HI_S1_S_1.wav,English,This is a small bag,,this is a small bag,
/home/hp/Indain_children_spech/ASER-Dataset/audio_processed/Hindi UP/3023/HI_S1_S_2.wav,English,I like to read,,i like to read,
/home/hp/Indain_children_spech/ASER-Dataset/audio_processed/Hindi UP/3023/HI_S1_S_3.wav,English,I have a fat dog,,i have a fat dog,
/home/hp/Indain_children_spech/ASER-Dataset/audio_processed/Hindi UP/3034/HI_S3_P_1.wav,Hindi,काले बादल छाए हैं तेज़ बारिश हो रही है मोर भी नाच रहा है सब नाच देख रहे हैं,काले बादल छाए हैं तो बारिश हो रही है मैं भी नाच रहा हूँ सब चाल देस रहे हैं,काले बादल छाए हैं तेज़ बारिश हो रही है मोर भी नाच रहा है सब नाच देख रहे हैं,काले बादल छाए हैं तो बारिश हो रही है मैं भी नाच रहा हूँ सब चाल देस रहे हैं
/home/hp/Indain_children_spech/ASER-Dataset/audio_processed/Hindi UP/3035/HI_S1_P_0.wav,Hindi,राधा के पास एक तोता है उसकी चोंच लाल है वह बहुत बोलता है सब को हँसाता है,राजा के पास एक तोता है उसकी चोच लाल है वह बहुत बोलता है सबको हँसाता है,राधा के पास एक तोता है उसकी चोंच लाल है वह बहुत बोलता है सब को हँसाता है,राजा के पास एक तोता है उसकी चोच लाल है वह बहुत बोलता है सबको हँसाता है
/home/hp/Indain_children_spech/ASER-Dataset/audio_processed/Hindi UP/3039/HI_S1_P_0.wav,Hindi,राधा के पास एक तोता है उसकी चोंच लाल है वह बहुत बोलता है सब को हँसाता है,राधा के पास एक तोता है उसकी चोंच लाल है वह बहुत बोलता है सब को हँसाता है,राधा के पास एक तोता है उसकी चोंच लाल है वह बहुत बोलता है सब को हँसाता है,राधा के पास एक तोता है उसकी चोंच लाल है वह बहुत बोलता है सब को हँसाता है
/home/hp/Indain_children_spech/ASER-Dataset/audio_processed/Hindi UP/3041/HI_S1_P_0.wav,Hindi,राधा के पास एक तोता है उसकी चोंच लाल है वह बहुत बोलता है सब को हँसाता है,राधा के पास एक तोता है उसकी चोंच लाल है वह बहुत बोलता है सबक हँसाता है,राधा के पास एक तोता है उसकी चोंच लाल है वह बहुत बोलता है सब को हँसाता है,राधा के पास एक तोता है उसकी चोंच लाल है वह बहुत बोलता है सबक हँसाता है
/home/hp/Indain_children_spech/ASER-Dataset/audio_processed/Hindi UP/3075/HI_S1_P_0.wav,Hindi,राधा के पास एक तोता है उसकी चोंच लाल है वह बहुत बोलता है सब को हँसाता है,राधा के पास एक तोता है उसकी चोंच लाल है वह बहुत बोलता है सबक हस हँसता है,राधा के पास एक तोता है उसकी चोंच लाल है वह बहुत बोलता है सब को हँसाता है,राधा के पास एक तोता है उसकी चोंच लाल है वह बहुत बोलता है सबक हस हँसता है
/home/hp/Indain_children_spech/ASER-Dataset/audio_processed/Hindi UP/3076/HI_S1_P_0.wav,Hindi,राधा के पास एक तोता है उसकी चोंच लाल है वह बहुत बोलता है सब को हँसाता है,राधा के पास एक तोता है उसकी चोच लाल है वह बहुत बोलता है और सबको हँसता है,राधा के पास एक तोता है उसकी चोंच लाल है वह बहुत बोलता है सब को हँसाता है,राधा के पास एक तोता है उसकी चोच लाल है वह बहुत बोलता है और सबको हँसता है
/home/hp/Indain_children_spech/ASER-Dataset/audio_processed/Hindi UP/3076/HI_S1_S_2.wav,English,I like to read,,i like to read,
/home/hp/Indain_children_spech/ASER-Dataset/audio_processed/Hindi UP/3076/HI_S1_S_3.wav,English,I have a fat dog,,i have a fat dog,
/home/hp/Indain_children_spech/ASER-Dataset/audio_processed/Hindi UP/3078/HI_S1_P_0.wav,Hindi,राधा के पास एक तोता है उसकी चोंच लाल है वह बहुत बोलता है सब को हँसाता है,राधा के के पास एक तो तोता है उसकी चोंच लाल है वह बहुत बोलाता है सबके हँसाता है,राधा के पास एक तोता है उसकी चोंच लाल है वह बहुत बोलता है सब को हँसाता है,राधा के के पास एक तो तोता है उसकी चोंच लाल है वह बहुत बोलाता है सबके हँसाता है
/home/hp/Indain_children_spech/ASER-Dataset/audio_processed/Hindi UP/3078/HI_S1_ST_0.wav,Hindi,बहुत दिनों से बारिश हो रही थी गाँव में सभी जगह गंदा पानी भर गया था सभी बारिश के रुकने की राह देख रहे थे अचानक एक दिन बारिश रुक गई सूरज निकल आया सब लोग खुश हो गये आसमान में चिड़ियाँ उड़ने लगीं लोग अपने कपड़े सुखाने लगे बच्चे भी घरों से बाहर निकलकर खेलने लगे,बहुत दिनों से बारिश बारिश हो रही थी गाँव में सभी जगह ग गंदा पानी भर गया था सब बारिश के रुकने की राह देखे रहे थे,बहुत दिनों से बारिश हो रही थी गाँव में सभी जगह गंदा पानी भर गया था सभी बारिश के रुकने की राह देख रहे थे अचानक एक दिन बारिश रुक गई सूरज निकल आया सब लोग खुश हो गये आसमान में चिड़ियाँ उड़ने लगीं लोग अपने कपड़े सुखाने लगे बच्चे भी घरों से बाहर निकलकर खेलने लगे,बहुत दिनों से बारिश बारिश हो रही थी गाँव में सभी जगह ग गंदा पानी भर गया था सब बारिश के रुकने की राह देखे रहे थे
/home/hp/Indain_children_spech/ASER-Dataset/audio_processed/Hindi UP/3094/HI_S4_P_0.wav,Hindi,बग़ीचे में पेड़ हैं पेड़ पर एक तोता रहता है तोते का रंग हरा है वह लाल टमाटर खाता है,,बग़ीचे में पेड़ हैं पेड़ पर एक तोता रहता है तोते का रंग हरा है वह लाल टमाटर खाता है,
/home/hp/Indain_children_spech/ASER-Dataset/audio_processed/Hindi UP/3096/HI_S1_P_0.wav,Hindi,राधा के पास एक तोता है उसकी चोंच लाल है वह बहुत बोलता है सब को हँसाता है,राधा के पास एक तोोता है उसकी चोंच लाल है वह बहुत बोलता है सब को हँसाता है,राधा के पास एक तोता है उसकी चोंच लाल है वह बहुत बोलता है सब को हँसाता है,राधा के पास एक तोोता है उसकी चोंच लाल है वह बहुत बोलता है सब को हँसाता है
/home/hp/Indain_children_spech/ASER-Dataset/audio_processed/Hindi UP/3096/HI_S1_S_0.wav,English,Where is your house,,where is your house,
/home/hp/Indain_children_spech/ASER-Dataset/audio_processed/Hindi UP/3096/HI_S1_S_1.wav,English,This is a small bag,,this is a small bag,
/home/hp/Indain_children_spech/ASER-Dataset/audio_processed/Hindi UP/3096/HI_S1_S_2.wav,English,I like to read,,i like to read,
/home/hp/Indain_children_spech/ASER-Dataset/audio_processed/Hindi UP/3096/HI_S1_S_3.wav,English,I have a fat dog,,i have a fat dog,
/home/hp/Indain_children_spech/ASER-Dataset/audio_processed/Hindi UP/3100/HI_S1_P_0.wav,Hindi,राधा के पास एक तोता है उसकी चोंच लाल है वह बहुत बोलता है सब को हँसाता है,मजम सुना,राधा के पास एक तोता है उसकी चोंच लाल है वह बहुत बोलता है सब को हँसाता है,मजम सुना
/home/hp/Indain_children_spech/ASER-Dataset/audio_processed/Hindi UP/3110/HI_S1_P_0.wav,Hindi,राधा के पास एक तोता है उसकी चोंच लाल है वह बहुत बोलता है सब को हँसाता है,राधा के पसी पसी एक,राधा के पास एक तोता है उसकी चोंच लाल है वह बहुत बोलता है सब को हँसाता है,राधा के पसी पसी एक
/home/hp/Indain_children_spech/ASER-Dataset/audio_processed/Hindi UP/3128/HI_S3_P_0.wav,Hindi,नीतू के घर में गाय है उसका रंग सफ़ेद है गाय हरी घास खाती है वह बहुत दूध देती है,नीतू के घर में गाय है उसका रंग सफेद है गाय हरी घास खाती है वह बहुत दूध लेती है,नीतू के घर में गाय है उसका रंग सफ़ेद है गाय हरी घास खाती है वह बहुत दूध देती है,नीतू के घर में गाय है उसका रंग सफेद है गाय हरी घास खाती है वह बहुत दूध लेती है
/home/hp/Indain_children_spech/ASER-Dataset/audio_processed/Hindi UP/3128/HI_S3_ST_0.wav,Hindi,विमला और अजय मेला देखने गये उन्हें मेले में तरहतरह की दुकाने दिखीं मेले में बहुत झूले थे वहाँ गरमगरम हलवा और जलेबियाँ भी बिक रहीं थीं जलेबी देखकर दोनों के मुँह में पानी आने लगा उन्हें जलेबी खाने का मन हुआ विमला ने जलेबी खरीदी दोनों दोस्तों ने मिलकर जलेबी खाई शाम को दोनों घर लौट आये,विमला और अजय मेला देखने गए उन्हें मेले में तरह तरह की दुकानें दिखी मेले में बहुत झूले थे वहाँ गर्म गर्म हलवा हलवा और जलेबी भी बिक रही थी जलेबी देख कर दोनों के मुंह में पानी आने लगा उन्हें जलेबी खाने का मन हुआ बिमला ने बिमला ने जलेबी खरीदी दोनों दोस्तों ने मिलकर जलेबी खाई शाम को दोनों घर लौट आए,विमला और अजय मेला देखने गये उन्हें मेले में तरहतरह की दुकाने दिखीं मेले में बहुत झूले थे वहाँ गरमगरम हलवा और जलेबियाँ भी बिक रहीं थीं जलेबी देखकर दोनों के मुँह में पानी आने लगा उन्हें जलेबी खाने का मन हुआ विमला ने जलेबी खरीदी दोनों दोस्तों ने मिलकर जलेबी खाई शाम को दोनों घर लौट आये,विमला और अजय मेला देखने गए उन्हें मेले में तरह तरह की दुकानें दिखी मेले में बहुत झूले थे वहाँ गर्म गर्म हलवा हलवा और जलेबी भी बिक रही थी जलेबी देख कर दोनों के मुंह में पानी आने लगा उन्हें जलेबी खाने का मन हुआ बिमला ने बिमला ने जलेबी खरीदी दोनों दोस्तों ने मिलकर जलेबी खाई शाम को दोनों घर लौट आए
/home/hp/Indain_children_spech/ASER-Dataset/audio_processed/Hindi UP/3128/HI_S3_S_2.wav,English,I like to sing,,i like to sing,
/home/hp/Indain_children_spech/ASER-Dataset/audio_processed/Hindi UP/3128/HI_S3_S_0.wav,English,Where is your house,,where is your house,
/home/hp/Indain_children_spech/ASER-Dataset/audio_processed/Hindi UP/3134/HI_S3_P_0.wav,Hindi,नीतू के घर में गाय है उसका रंग सफ़ेद है गाय हरी घास खाती है वह बहुत दूध देती है,नीतू के घर में गाय है उसका रंग सफ़ेद है गाय हरी घास खाती है व दूध देती है,नीतू के घर में गाय है उसका रंग सफ़ेद है गाय हरी घास खाती है वह बहुत दूध देती है,नीतू के घर में गाय है उसका रंग सफ़ेद है गाय हरी घास खाती है व दूध देती है
/home/hp/Indain_children_spech/ASER-Dataset/audio_processed/Hindi UP/3134/HI_S3_ST_0.wav,Hindi,विमला और अजय मेला देखने गये उन्हें मेले में तरहतरह की दुकाने दिखीं मेले में बहुत झूले थे वहाँ गरमगरम हलवा और जलेबियाँ भी बिक रहीं थीं जलेबी देखकर दोनों के मुँह में पानी आने लगा उन्हें जलेबी खाने का मन हुआ विमला ने जलेबी खरीदी दोनों दोस्तों ने मिलकर जलेबी खाई शाम को दोनों घर लौट आये,विमला और अजय मेला देखने गए उन्हें मेले में तरह तरह की दुकानें दिखीं मेले में बहुत झूले थे वहाँ गर्म गर्म हवा और जलेबियाँ भी बिक रही थीं जलेबी देखकर दोनों के मुँह में पानी आने लगा उन्हें जलेबी खाने का मन हुआ वििमला ने जलेबी खरीदी दोनों दोस्तों ने मिलकर जलेबी खाई शाम को दोनों घर लौट आए,विमला और अजय मेला देखने गये उन्हें मेले में तरहतरह की दुकाने दिखीं मेले में बहुत झूले थे वहाँ गरमगरम हलवा और जलेबियाँ भी बिक रहीं थीं जलेबी देखकर दोनों के मुँह में पानी आने लगा उन्हें जलेबी खाने का मन हुआ विमला ने जलेबी खरीदी दोनों दोस्तों ने मिलकर जलेबी खाई शाम को दोनों घर लौट आये,विमला और अजय मेला देखने गए उन्हें मेले में तरह तरह की दुकानें दिखीं मेले में बहुत झूले थे वहाँ गर्म गर्म हवा और जलेबियाँ भी बिक रही थीं जलेबी देखकर दोनों के मुँह में पानी आने लगा उन्हें जलेबी खाने का मन हुआ वििमला ने जलेबी खरीदी दोनों दोस्तों ने मिलकर जलेबी खाई शाम को दोनों घर लौट आए
/home/hp/Indain_children_spech/ASER-Dataset/audio_processed/Hindi UP/3134/HI_S3_S_0.wav,English,Where is your house,,where is your house,
/home/hp/Indain_children_spech/ASER-Dataset/audio_processed/Hindi UP/3134/HI_S3_S_1.wav,English,This is a big bus,,this is a big bus,
/home/hp/Indain_children_spech/ASER-Dataset/audio_processed/Hindi UP/3134/HI_S3_S_2.wav,English,I like to sing,,i like to sing,
/home/hp/Indain_children_spech/ASER-Dataset/audio_processed/Hindi UP/3134/HI_S3_S_3.wav,English,I have a fat cat,,i have a fat cat,
/home/hp/Indain_children_spech/ASER-Dataset/audio_processed/Hindi UP/3142/HI_S1_P_1.wav,Hindi,माँ ने हलवा बनाया वह बहुत मीठा था उसे सोनी ने खाया खाने के बाद वह सो गई,ममाँ ने हलवा बनाया है वह बहुत मीठा था उसे सोनी ने खाया खाने के बाद वह वह सो गई,माँ ने हलवा बनाया वह बहुत मीठा था उसे सोनी ने खाया खाने के बाद वह सो गई,ममाँ ने हलवा बनाया है वह बहुत मीठा था उसे सोनी ने खाया खाने के बाद वह वह सो गई
/home/hp/Indain_children_spech/ASER-Dataset/audio_processed/Hindi UP/3142/HI_S1_ST_0.wav,Hindi,बहुत दिनों से बारिश हो रही थी गाँव में सभी जगह गंदा पानी भर गया था सभी बारिश के रुकने की राह देख रहे थे अचानक एक दिन बारिश रुक गई सूरज निकल आया सब लोग खुश हो गये आसमान में चिड़ियाँ उड़ने लगीं लोग अपने कपड़े सुखाने लगे बच्चे भी घरों से बाहर निकलकर खेलने लगे,बही बहुत दिनों से बारिश हो रही थी गाँव में सभी जगह गंदा पानी भर गया था सभी बारिश के रुकने की राह देख रहे थे अचानक एक दिन बारिश रुक गई सूरन निकल आया सब लोग खुश हो गए आसमान में चिड़िया उड़ने लगी लोग अपने कपड़े सुखाने लगे बच्चे बच्चों ने भी घर में घर से बाहर निकल कर खेलने लगे,बहुत दिनों से बारिश हो रही थी गाँव में सभी जगह गंदा पानी भर गया था सभी बारिश के रुकने की राह देख रहे थे अचानक एक दिन बारिश रुक गई सूरज निकल आया सब लोग खुश हो गये आसमान में चिड़ियाँ उड़ने लगीं लोग अपने कपड़े सुखाने लगे बच्चे भी घरों से बाहर निकलकर खेलने लगे,बही बहुत दिनों से बारिश हो रही थी गाँव में सभी जगह गंदा पानी भर गया था सभी बारिश के रुकने की राह देख रहे थे अचानक एक दिन बारिश रुक गई सूरन निकल आया सब लोग खुश हो गए आसमान में चिड़िया उड़ने लगी लोग अपने कपड़े सुखाने लगे बच्चे बच्चों ने भी घर में घर से बाहर निकल कर खेलने लगे
/home/hp/Indain_children_spech/ASER-Dataset/audio_processed/Hindi UP/3142/HI_S1_S_0.wav,English,Where is your house,,where is your house,
/home/hp/Indain_children_spech/ASER-Dataset/audio_processed/Hindi UP/3142/HI_S1_S_3.wav,English,I have a fat dog,,i have a fat dog,
/home/hp/Indain_children_spech/ASER-Dataset/audio_processed/Hindi UP/3142/HI_S1_S_1.wav,English,This is a small bag,,this is a small bag,
/home/hp/Indain_children_spech/ASER-Dataset/audio_processed/Hindi UP/3142/HI_S1_S_2.wav,English,I like to read,,i like to read,
/home/hp/Indain_children_spech/ASER-Dataset/audio_processed/Hindi UP/3143/HI_S3_P_0.wav,Hindi,नीतू के घर में गाय है उसका रंग सफ़ेद है गाय हरी घास खाती है वह बहुत दूध देती है,नीतू के घर में गया है उसका रंग सफेद है गाय हरी घास खाती है वह बहुत दूध देती है,नीतू के घर में गाय है उसका रंग सफ़ेद है गाय हरी घास खाती है वह बहुत दूध देती है,नीतू के घर में गया है उसका रंग सफेद है गाय हरी घास खाती है वह बहुत दूध देती है
/home/hp/Indain_children_spech/ASER-Dataset/audio_processed/Hindi UP/3165/HI_S3_P_0.wav,Hindi,नीतू के घर में गाय है उसका रंग सफ़ेद है गाय हरी घास खाती है वह बहुत दूध देती है,नीतू के घर नीतू के घर में गाय है उस उसका राग सा सफ़ेद है गाय हरी घास खाती है वह बहुत दूध देती है,नीतू के घर में गाय है उसका रंग सफ़ेद है गाय हरी घास खाती है वह बहुत दूध देती है,नीतू के घर नीतू के घर में गाय है उस उसका राग सा सफ़ेद है गाय हरी घास खाती है वह बहुत दूध देती है
/home/hp/Indain_children_spech/ASER-Dataset/audio_processed/Hindi UP/3179/HI_S1_P_0.wav,Hindi,राधा के पास एक तोता है उसकी चोंच लाल है वह बहुत बोलता है सब को हँसाता है,जाधा के पास तोता है उसकी चोंच लाल है वह बहुत बोलता है सब को हँसाता है,राधा के पास एक तोता है उसकी चोंच लाल है वह बहुत बोलता है सब को हँसाता है,जाधा के पास तोता है उसकी चोंच लाल है वह बहुत बोलता है सब को हँसाता है
/home/hp/Indain_children_spech/ASER-Dataset/audio_processed/Hindi UP/3179/HI_S1_ST_0.wav,Hindi,बहुत दिनों से बारिश हो रही थी गाँव में सभी जगह गंदा पानी भर गया था सभी बारिश के रुकने की राह देख रहे थे अचानक एक दिन बारिश रुक गई सूरज निकल आया सब लोग खुश हो गये आसमान में चिड़ियाँ उड़ने लगीं लोग अपने कपड़े सुखाने लगे बच्चे भी घरों से बाहर निकलकर खेलने लगे,बहुत दिनों से बारिश हो रही थी गाँव में सभी जगह गंदा पानी भर गया था सभी बारिश के रुकने की राह देख रहे थे अचानक एक दिन बारिश रुक गई सूरज निकल आया सब लोग खुश हो गए आसमान में चिड़िया उड़ने लगी लोग अपने कपड़े सुखाने लगे बच्चों भी घरों से बाहर निकल कर खेलने लगे,बहुत दिनों से बारिश हो रही थी गाँव में सभी जगह गंदा पानी भर गया था सभी बारिश के रुकने की राह देख रहे थे अचानक एक दिन बारिश रुक गई सूरज निकल आया सब लोग खुश हो गये आसमान में चिड़ियाँ उड़ने लगीं लोग अपने कपड़े सुखाने लगे बच्चे भी घरों से बाहर निकलकर खेलने लगे,बहुत दिनों से बारिश हो रही थी गाँव में सभी जगह गंदा पानी भर गया था सभी बारिश के रुकने की राह देख रहे थे अचानक एक दिन बारिश रुक गई सूरज निकल आया सब लोग खुश हो गए आसमान में चिड़िया उड़ने लगी लोग अपने कपड़े सुखाने लगे बच्चों भी घरों से बाहर निकल कर खेलने लगे
/home/hp/Indain_children_spech/ASER-Dataset/audio_processed/Hindi UP/3225/HI_S1_P_0.wav,Hindi,राधा के पास एक तोता है उसकी चोंच लाल है वह बहुत बोलता है सब को हँसाता है,राधा के पास एक तोता है उसकी चोंच लाल है वह बहुत बोलता है सबको हँसता है,राधा के पास एक तोता है उसकी चोंच लाल है वह बहुत बोलता है सब को हँसाता है,राधा के पास एक तोता है उसकी चोंच लाल है वह बहुत बोलता है सबको हँसता है
/home/hp/Indain_children_spech/ASER-Dataset/audio_processed/Hindi UP/3225/HI_S1_S_0.wav,English,Where is your house,,where is your house,
/home/hp/Indain_children_spech/ASER-Dataset/audio_processed/Hindi UP/3225/HI_S1_S_1.wav,English,This is a small bag,,this is a small bag,
/home/hp/Indain_children_spech/ASER-Dataset/audio_processed/Hindi UP/3280/HI_S1_P_0.wav,Hindi,राधा के पास एक तोता है उसकी चोंच लाल है वह बहुत बोलता है सब को हँसाता है,राधा के पास एक तोता है उसकी चोच लाल है वह बहुत बोलता है सबको हँसाता है,राधा के पास एक तोता है उसकी चोंच लाल है वह बहुत बोलता है सब को हँसाता है,राधा के पास एक तोता है उसकी चोच लाल है वह बहुत बोलता है सबको हँसाता है
/home/hp/Indain_children_spech/ASER-Dataset/audio_processed/Hindi UP/3280/HI_S1_ST_0.wav,Hindi,बहुत दिनों से बारिश हो रही थी गाँव में सभी जगह गंदा पानी भर गया था सभी बारिश के रुकने की राह देख रहे थे अचानक एक दिन बारिश रुक गई सूरज निकल आया सब लोग खुश हो गये आसमान में चिड़ियाँ उड़ने लगीं लोग अपने कपड़े सुखाने लगे बच्चे भी घरों से बाहर निकलकर खेलने लगे,बहुत दिनों से बारिश हो रही थी गाँव में सभी जगह गंदा पानी भर गया था सभी बारिश के रुकने की राह देख रहे थे अचानक एक दिन बारिश रुक गई सूरज निकल आया सब लोग खुश हो गए आसमान में चिड़िया उड़ने लगी लोग अपने कपड़े सुखाने लगे बच्चे भी घरों से बाहर निकल कर खेलने लगे,बहुत दिनों से बारिश हो रही थी गाँव में सभी जगह गंदा पानी भर गया था सभी बारिश के रुकने की राह देख रहे थे अचानक एक दिन बारिश रुक गई सूरज निकल आया सब लोग खुश हो गये आसमान में चिड़ियाँ उड़ने लगीं लोग अपने कपड़े सुखाने लगे बच्चे भी घरों से बाहर निकलकर खेलने लगे,बहुत दिनों से बारिश हो रही थी गाँव में सभी जगह गंदा पानी भर गया था सभी बारिश के रुकने की राह देख रहे थे अचानक एक दिन बारिश रुक गई सूरज निकल आया सब लोग खुश हो गए आसमान में चिड़िया उड़ने लगी लोग अपने कपड़े सुखाने लगे बच्चे भी घरों से बाहर निकल कर खेलने लगे
/home/hp/Indain_children_spech/ASER-Dataset/audio_processed/Hindi UP/3280/HI_S1_S_0.wav,English,Where is your house,,where is your house,
/home/hp/Indain_children_spech/ASER-Dataset/audio_processed/Hindi UP/3280/HI_S1_S_1.wav,English,This is a small bag,,this is a small bag,
/home/hp/Indain_children_spech/ASER-Dataset/audio_processed/Hindi UP/3280/HI_S1_S_2.wav,English,I like to read,,i like to read,
/home/hp/Indain_children_spech/ASER-Dataset/audio_processed/Hindi UP/3280/HI_S1_S_3.wav,English,I have a fat dog,,i have a fat dog,
/home/hp/Indain_children_spech/ASER-Dataset/audio_processed/Hindi UP/3283/HI_S1_P_0.wav,Hindi,राधा के पास एक तोता है उसकी चोंच लाल है वह बहुत बोलता है सब को हँसाता है,राधा के पास एक तोता है उसकी चोंच लाल है वह बहुत बोलता है सबको हँसाता है,राधा के पास एक तोता है उसकी चोंच लाल है वह बहुत बोलता है सब को हँसाता है,राधा के पास एक तोता है उसकी चोंच लाल है वह बहुत बोलता है सबको हँसाता है
/home/hp/Indain_children_spech/ASER-Dataset/audio_processed/Hindi UP/3283/HI_S1_S_2.wav,English,I like to read,,i like to read,
/home/hp/Indain_children_spech/ASER-Dataset/audio_processed/Hindi UP/3283/HI_S1_S_1.wav,English,This is a small bag,,this is a small bag,
/home/hp/Indain_children_spech/ASER-Dataset/audio_processed/Hindi UP/3292/HI_S2_P_1.wav,Hindi,मीना पढ़ने जाती है राजू भी साथ जाता है दोनों शाम को लौटकर आते हैं घर आकर खाना खाते हैं,मीना पढ़ने जाती है राजू भी साथ जाता है दोनों शाम को लौटकर आते हैं घर आकर खाना खाते हैं,मीना पढ़ने जाती है राजू भी साथ जाता है दोनों शाम को लौटकर आते हैं घर आकर खाना खाते हैं,मीना पढ़ने जाती है राजू भी साथ जाता है दोनों शाम को लौटकर आते हैं घर आकर खाना खाते हैं
/home/hp/Indain_children_spech/ASER-Dataset/audio_processed/Hindi UP/3310/HI_S1_S_0.wav,English,Where is your house,,where is your house,
/home/hp/Indain_children_spech/ASER-Dataset/audio_processed/Hindi UP/3343/HI_S4_P_0.wav,Hindi,बग़ीचे में पेड़ हैं पेड़ पर एक तोता रहता है तोते का रंग हरा है वह लाल टमाटर खाता है,बगीचे में पेड़ है पेड़ पर एक तोता रहता है तोता का रंग हरा है व लाल टमाटर खाता है,बग़ीचे में पेड़ हैं पेड़ पर एक तोता रहता है तोते का रंग हरा है वह लाल टमाटर खाता है,बगीचे में पेड़ है पेड़ पर एक तोता रहता है तोता का रंग हरा है व लाल टमाटर खाता है
/home/hp/Indain_children_spech/ASER-Dataset/audio_processed/Hindi UP/3343/HI_S4_S_0.wav,English,What is the time,,what is the time,
/home/hp/Indain_children_spech/ASER-Dataset/audio_processed/Hindi UP/3343/HI_S4_S_1.wav,English,This is a blue shirt,,this is a blue shirt,
/home/hp/Indain_children_spech/ASER-Dataset/audio_processed/Hindi UP/3344/HI_S1_P_1.wav,Hindi,माँ ने हलवा बनाया वह बहुत मीठा था उसे सोनी ने खाया खाने के बाद वह सो गई,माँ ने ह हलवा बनाया वह बहुत मीठा था उसे सोनी ने खाया खाने के बाद वह सो सो गई,माँ ने हलवा बनाया वह बहुत मीठा था उसे सोनी ने खाया खाने के बाद वह सो गई,माँ ने ह हलवा बनाया वह बहुत मीठा था उसे सोनी ने खाया खाने के बाद वह सो सो गई
/home/hp/Indain_children_spech/ASER-Dataset/audio_processed/Hindi UP/3352/HI_S1_P_0.wav,Hindi,राधा के पास एक तोता है उसकी चोंच लाल है वह बहुत बोलता है सब को हँसाता है,राधा के पास एक तोता है उसकी चोंच लाल है वह बहुत बोलता है सबको हँसाता है,राधा के पास एक तोता है उसकी चोंच लाल है वह बहुत बोलता है सब को हँसाता है,राधा के पास एक तोता है उसकी चोंच लाल है वह बहुत बोलता है सबको हँसाता है
/home/hp/Indain_children_spech/ASER-Dataset/audio_processed/Hindi UP/3352/HI_S1_ST_0.wav,Hindi,बहुत दिनों से बारिश हो रही थी गाँव में सभी जगह गंदा पानी भर गया था सभी बारिश के रुकने की राह देख रहे थे अचानक एक दिन बारिश रुक गई सूरज निकल आया सब लोग खुश हो गये आसमान में चिड़ियाँ उड़ने लगीं लोग अपने कपड़े सुखाने लगे बच्चे भी घरों से बाहर निकलकर खेलने लगे,बहुत दिनों से बारिश हो रही थी गाँव में सभी जगह गंदा पानी भर गया था सभी बारिश के रुकने की राह देख रहे थे अचानक एक दिन बारिश रुक गई सूरज निकल आया सब लोग खुश हो गए आसमान में चिड़िया उड़ने लगी लोग अपने कपड़े सुखाने लगे बच्चे भी घरों से बाहर निकल कर खेलने लगे,बहुत दिनों से बारिश हो रही थी गाँव में सभी जगह गंदा पानी भर गया था सभी बारिश के रुकने की राह देख रहे थे अचानक एक दिन बारिश रुक गई सूरज निकल आया सब लोग खुश हो गये आसमान में चिड़ियाँ उड़ने लगीं लोग अपने कपड़े सुखाने लगे बच्चे भी घरों से बाहर निकलकर खेलने लगे,बहुत दिनों से बारिश हो रही थी गाँव में सभी जगह गंदा पानी भर गया था सभी बारिश के रुकने की राह देख रहे थे अचानक एक दिन बारिश रुक गई सूरज निकल आया सब लोग खुश हो गए आसमान में चिड़िया उड़ने लगी लोग अपने कपड़े सुखाने लगे बच्चे भी घरों से बाहर निकल कर खेलने लगे
/home/hp/Indain_children_spech/ASER-Dataset/audio_processed/Hindi UP/3352/HI_S1_S_0.wav,English,Where is your house,,where is your house,
/home/hp/Indain_children_spech/ASER-Dataset/audio_processed/Hindi UP/3352/HI_S1_S_1.wav,English,This is a small bag,,this is a small bag,
/home/hp/Indain_children_spech/ASER-Dataset/audio_processed/Hindi UP/3355/HI_S3_P_1.wav,Hindi,काले बादल छाए हैं तेज़ बारिश हो रही है मोर भी नाच रहा है सब नाच देख रहे हैं,काले बादगल छाए है तेज बारिश हो रही है मोर भी नाच रहा है तब नाच देख रहे हैं,काले बादल छाए हैं तेज़ बारिश हो रही है मोर भी नाच रहा है सब नाच देख रहे हैं,काले बादगल छाए है तेज बारिश हो रही है मोर भी नाच रहा है तब नाच देख रहे हैं
/home/hp/Indain_children_spech/ASER-Dataset/audio_processed/Hindi UP/3355/HI_S3_S_0.wav,English,Where is your house,,where is your house,
/home/hp/Indain_children_spech/ASER-Dataset/audio_processed/Hindi UP/3355/HI_S3_S_1.wav,English,This is a big bus,,this is a big bus,
/home/hp/Indain_children_spech/ASER-Dataset/audio_processed/Hindi UP/3355/HI_S3_S_2.wav,English,I like to sing,,i like to sing,
/home/hp/Indain_children_spech/ASER-Dataset/audio_processed/Hindi UP/3355/HI_S3_S_3.wav,English,I have a fat cat,,i have a fat cat,
/home/hp/Indain_children_spech/ASER-Dataset/audio_processed/Hindi UP/3357/HI_S2_P_0.wav,Hindi,सोनी के पास एक माला है उसमें बहुत सारे मोती हैं मोती पीले रंग के हैं सोनी उसे पहनती है,सोनी के पास एक माला है उसमे बहुत सारे मोती है मोती पीले रंग के है सोने सोनी उस पहनती है,सोनी के पास एक माला है उसमें बहुत सारे मोती हैं मोती पीले रंग के हैं सोनी उसे पहनती है,सोनी के पास एक माला है उसमे बहुत सारे मोती है मोती पीले रंग के है सोने सोनी उस पहनती है
/home/hp/Indain_children_spech/ASER-Dataset/audio_processed/Hindi UP/3372/HI_S2_P_0.wav,Hindi,सोनी के पास एक माला है उसमें बहुत सारे मोती हैं मोती पीले रंग के हैं सोनी उसे पहनती है,सानू के पास एक म मला हैम से सम समय समयेरे समेरे,सोनी के पास एक माला है उसमें बहुत सारे मोती हैं मोती पीले रंग के हैं सोनी उसे पहनती है,सानू के पास एक म मला हैम से सम समय समयेरे समेरे
/home/hp/Indain_children_spech/ASER-Dataset/audio_processed/Hindi UP/3414/HI_S1_P_0.wav,Hindi,राधा के पास एक तोता है उसकी चोंच लाल है वह बहुत बोलता है सब को हँसाता है,राधा के पास एक तोता है उसकी चोच लाल है वह बहुत बोलता है सबको हँसाता है,राधा के पास एक तोता है उसकी चोंच लाल है वह बहुत बोलता है सब को हँसाता है,राधा के पास एक तोता है उसकी चोच लाल है वह बहुत बोलता है सबको हँसाता है
/home/hp/Indain_children_spech/ASER-Dataset/audio_processed/Hindi UP/3414/HI_S1_ST_0.wav,Hindi,बहुत दिनों से बारिश हो रही थी गाँव में सभी जगह गंदा पानी भर गया था सभी बारिश के रुकने की राह देख रहे थे अचानक एक दिन बारिश रुक गई सूरज निकल आया सब लोग खुश हो गये आसमान में चिड़ियाँ उड़ने लगीं लोग अपने कपड़े सुखाने लगे बच्चे भी घरों से बाहर निकलकर खेलने लगे,बहुत दिनों से बारिश हो रही थी गाँव में सभी जगह गंदा पानी भर गया था सभी बारिश के रुकने के रुकने की राह देख रहे थे अचानक एक दिन बारिश रुक गई सूरज निकल आया सब लोग खुश हो गए आसमान में चिड़िया उड़ने लगीं लोग अपने कपड़े सुखाने लगे बच्चे भी घर से घरों से बाहर निकल निकल कर खेलने लगे,बहुत दिनों से बारिश हो रही थी गाँव में सभी जगह गंदा पानी भर गया था सभी बारिश के रुकने की राह देख रहे थे अचानक एक दिन बारिश रुक गई सूरज निकल आया सब लोग खुश हो गये आसमान में चिड़ियाँ उड़ने लगीं लोग अपने कपड़े सुखाने लगे बच्चे भी घरों से बाहर निकलकर खेलने लगे,बहुत दिनों से बारिश हो रही थी गाँव में सभी जगह गंदा पानी भर गया था सभी बारिश के रुकने के रुकने की राह देख रहे थे अचानक एक दिन बारिश रुक गई सूरज निकल आया सब लोग खुश हो गए आसमान में चिड़िया उड़ने लगीं लोग अपने कपड़े सुखाने लगे बच्चे भी घर से घरों से बाहर निकल निकल कर खेलने लगे
/home/hp/Indain_children_spech/ASER-Dataset/audio_processed/Hindi UP/3414/HI_S1_S_0.wav,English,Where is your house,,where is your house,
/home/hp/Indain_children_spech/ASER-Dataset/audio_processed/Hindi UP/3414/HI_S1_S_1.wav,English,This is a small bag,,this is a small bag,
/home/hp/Indain_children_spech/ASER-Dataset/audio_processed/Hindi UP/3414/HI_S1_S_2.wav,English,I like to read,,i like to read,
/home/hp/Indain_children_spech/ASER-Dataset/audio_processed/Hindi UP/3414/HI_S1_S_3.wav,English,I have a fat dog,,i have a fat dog,
/home/hp/Indain_children_spech/ASER-Dataset/audio_processed/Hindi UP/3420/HI_S2_P_1.wav,Hindi,मीना पढ़ने जाती है राजू भी साथ जाता है दोनों शाम को लौटकर आते हैं घर आकर खाना खाते हैं,मीना पढ़ने जाती है राजू भी साथ जाता है दोनों शाम को लौट कर आते हैं घर आकर खाना खाते हैं,मीना पढ़ने जाती है राजू भी साथ जाता है दोनों शाम को लौटकर आते हैं घर आकर खाना खाते हैं,मीना पढ़ने जाती है राजू भी साथ जाता है दोनों शाम को लौट कर आते हैं घर आकर खाना खाते हैं
/home/hp/Indain_children_spech/ASER-Dataset/audio_processed/Hindi UP/3420/HI_S2_ST_0.wav,Hindi,सावन का महीना था आसमान में बहुत से काले बादल छाये थे ठंडी ठंडी हवा चल रही थी मैंने सोचा आज झूला झूलते हैं बड़े भैया एक मोटी सी रस्सी लेकर आए हमने उसे पेड़ से लटका कर झूला बनाया सब ने मिलकर खूब झूला झूला बहुत सारे बच्चे आकर मज़े से खेलने लगे खेलतेखेलते रात हो गई,सावन का महीना था आसमान में बहुत से काले बादल छाए थे ठंडी ठंडी हवा चल रही थी मैंने सोचा आज झूला झूलते हैं बड़े भाया एक मोटी सी रस्सी लेकर आए हमने उस उसे पेड़ से लटका कर झूला बनाया सब ने मिलकर खूब झूला झूला बहुत सारे बच्चे आकर मज़े से खेलने लगे खेलते खेलते रात हो गई,सावन का महीना था आसमान में बहुत से काले बादल छाये थे ठंडी ठंडी हवा चल रही थी मैंने सोचा आज झूला झूलते हैं बड़े भैया एक मोटी सी रस्सी लेकर आए हमने उसे पेड़ से लटका कर झूला बनाया सब ने मिलकर खूब झूला झूला बहुत सारे बच्चे आकर मज़े से खेलने लगे खेलतेखेलते रात हो गई,सावन का महीना था आसमान में बहुत से काले बादल छाए थे ठंडी ठंडी हवा चल रही थी मैंने सोचा आज झूला झूलते हैं बड़े भाया एक मोटी सी रस्सी लेकर आए हमने उस उसे पेड़ से लटका कर झूला बनाया सब ने मिलकर खूब झूला झूला बहुत सारे बच्चे आकर मज़े से खेलने लगे खेलते खेलते रात हो गई
/home/hp/Indain_children_spech/ASER-Dataset/audio_processed/Hindi UP/3420/HI_S2_S_3.wav,English,I have a small house,,i have a small house,
/home/hp/Indain_children_spech/ASER-Dataset/audio_processed/Hindi UP/3420/HI_S2_S_0.wav,English,What is the time,,what is the time,
/home/hp/Indain_children_spech/ASER-Dataset/audio_processed/Hindi UP/3420/HI_S2_S_1.wav,English,This is a red ball,,this is a red ball,
/home/hp/Indain_children_spech/ASER-Dataset/audio_processed/Hindi UP/3420/HI_S2_S_2.wav,English,I like to play,,i like to play,
/home/hp/Indain_children_spech/ASER-Dataset/audio_processed/Hindi UP/3426/HI_S3_P_0.wav,Hindi,नीतू के घर में गाय है उसका रंग सफ़ेद है गाय हरी घास खाती है वह बहुत दूध देती है,नीतू के घर में गाय है उसका रंग सफ़ेद है गाय हरी घास खाती है वह बहुत दूध देती है,नीतू के घर में गाय है उसका रंग सफ़ेद है गाय हरी घास खाती है वह बहुत दूध देती है,नीतू के घर में गाय है उसका रंग सफ़ेद है गाय हरी घास खाती है वह बहुत दूध देती है
/home/hp/Indain_children_spech/ASER-Dataset/audio_processed/Hindi UP/3426/HI_S3_ST_0.wav,Hindi,विमला और अजय मेला देखने गये उन्हें मेले में तरहतरह की दुकाने दिखीं मेले में बहुत झूले थे वहाँ गरमगरम हलवा और जलेबियाँ भी बिक रहीं थीं जलेबी देखकर दोनों के मुँह में पानी आने लगा उन्हें जलेबी खाने का मन हुआ विमला ने जलेबी खरीदी दोनों दोस्तों ने मिलकर जलेबी खाई शाम को दोनों घर लौट आये,बिमला और अजय मेला देखने गए उन्हें मेले में तरह तरह की दुकाने दिखीं मेले में बहुत झूले थे वहाँ गर्म गर्म हलवा और जलेबियाँ भी बिक रही थीं जलेबी देखकर दोनों के मुँह में पानी आने लगा उन्हें जलेबी खाने का मन हुआ बिमला ने ज जलेबी खरीदी दोनों दोस्तों ने मिलकर जलेबी खाई शाम को दोनों घर लौट आए,विमला और अजय मेला देखने गये उन्हें मेले में तरहतरह की दुकाने दिखीं मेले में बहुत झूले थे वहाँ गरमगरम हलवा और जलेबियाँ भी बिक रहीं थीं जलेबी देखकर दोनों के मुँह में पानी आने लगा उन्हें जलेबी खाने का मन हुआ विमला ने जलेबी खरीदी दोनों दोस्तों ने मिलकर जलेबी खाई शाम को दोनों घर लौट आये,बिमला और अजय मेला देखने गए उन्हें मेले में तरह तरह की दुकाने दिखीं मेले में बहुत झूले थे वहाँ गर्म गर्म हलवा और जलेबियाँ भी बिक रही थीं जलेबी देखकर दोनों के मुँह में पानी आने लगा उन्हें जलेबी खाने का मन हुआ बिमला ने ज जलेबी खरीदी दोनों दोस्तों ने मिलकर जलेबी खाई शाम को दोनों घर लौट आए
/home/hp/Indain_children_spech/ASER-Dataset/audio_processed/Hindi UP/3426/HI_S3_S_0.wav,English,Where is your house,,where is your house,
/home/hp/Indain_children_spech/ASER-Dataset/audio_processed/Hindi UP/3426/HI_S3_S_1.wav,English,This is a big bus,,this is a big bus,
/home/hp/Indain_children_spech/ASER-Dataset/audio_processed/Hindi UP/3430/HI_S1_P_0.wav,Hindi,राधा के पास एक तोता है उसकी चोंच लाल है वह बहुत बोलता है सब को हँसाता है,राधा के पास एक तोता है उसकी चोच लाल है वह बहुत बोलता है सबको हसाता है,राधा के पास एक तोता है उसकी चोंच लाल है वह बहुत बोलता है सब को हँसाता है,राधा के पास एक तोता है उसकी चोच लाल है वह बहुत बोलता है सबको हसाता है
/home/hp/Indain_children_spech/ASER-Dataset/audio_processed/Hindi UP/3430/HI_S1_ST_0.wav,Hindi,बहुत दिनों से बारिश हो रही थी गाँव में सभी जगह गंदा पानी भर गया था सभी बारिश के रुकने की राह देख रहे थे अचानक एक दिन बारिश रुक गई सूरज निकल आया सब लोग खुश हो गये आसमान में चिड़ियाँ उड़ने लगीं लोग अपने कपड़े सुखाने लगे बच्चे भी घरों से बाहर निकलकर खेलने लगे,बहुत दिनों से बारिश हो रही थी गाँव में सभी जगह गंदा पानी भर गया था सभी बारिश के रुकने की राह देख रहे थे अचानक एक दिन बारिश रुक गई सूरज निकल आया सब लोग खुश हो गए आसमान में चिड़ियाँ उड़ने लगी लोग अपने कपड़े सुखाने लगे बच्चे भी घरों से बाहर निकल कर खेलने खेलने लगे,बहुत दिनों से बारिश हो रही थी गाँव में सभी जगह गंदा पानी भर गया था सभी बारिश के रुकने की राह देख रहे थे अचानक एक दिन बारिश रुक गई सूरज निकल आया सब लोग खुश हो गये आसमान में चिड़ियाँ उड़ने लगीं लोग अपने कपड़े सुखाने लगे बच्चे भी घरों से बाहर निकलकर खेलने लगे,बहुत दिनों से बारिश हो रही थी गाँव में सभी जगह गंदा पानी भर गया था सभी बारिश के रुकने की राह देख रहे थे अचानक एक दिन बारिश रुक गई सूरज निकल आया सब लोग खुश हो गए आसमान में चिड़ियाँ उड़ने लगी लोग अपने कपड़े सुखाने लगे बच्चे भी घरों से बाहर निकल कर खेलने खेलने लगे
/home/hp/Indain_children_spech/ASER-Dataset/audio_processed/Hindi UP/3430/HI_S1_S_0.wav,English,Where is your house,,where is your house,
/home/hp/Indain_children_spech/ASER-Dataset/audio_processed/Hindi UP/3430/HI_S1_S_1.wav,English,This is a small bag,,this is a small bag,
/home/hp/Indain_children_spech/ASER-Dataset/audio_processed/Marathi MH/1008/MR_S2_P_1.wav,Marathi,पावसाळा सुरु झाला आईने नवी तुळस लावली तुळस भरभर वाढली छान दिसू लागली,पावसाळा सुरू झाला आई आईने नवीन तुळस लावली तुळस भरभर वाढली छान दिसू लागली,पावसाळा सुरु झाला आईने नवी तुळस लावली तुळस भरभर वाढली छान दिसू लागली,पावसाळा सुरू झाला आई आईने नवीन तुळस लावली तुळस भरभर वाढली छान दिसू लागली
/home/hp/Indain_children_spech/ASER-Dataset/audio_processed/Marathi MH/1008/MR_S2_S_0.wav,English,Where is your house,,where is your house,
/home/hp/Indain_children_spech/ASER-Dataset/audio_processed/Marathi MH/1008/MR_S2_S_1.wav,English,This is a long road,,this is a long road,
/home/hp/Indain_children_spech/ASER-Dataset/audio_processed/Marathi MH/1008/MR_S2_S_2.wav,English,I like to play,,i like to play,
/home/hp/Indain_children_spech/ASER-Dataset/audio_processed/Marathi MH/1012/MR_S3_P_0.wav,Marathi,फुगेवाला आला लाल निळे फुगे आणले मुलांनी फुगे घेतले हातातून ते सुटून गेले,फलावकार फू,फुगेवाला आला लाल निळे फुगे आणले मुलांनी फुगे घेतले हातातून ते सुटून गेले,फलावकार फू
/home/hp/Indain_children_spech/ASER-Dataset/audio_processed/Marathi MH/1013/MR_S4_P_0.wav,Marathi,गीता बागेत आली तिकडे तिला मंजू भेटली दोघींनी जोरात झोका घेतला आज खूपच मजा आली,गीता बा गीत आली तिकडेडे तला मेजू भताले,गीता बागेत आली तिकडे तिला मंजू भेटली दोघींनी जोरात झोका घेतला आज खूपच मजा आली,गीता बा गीत आली तिकडेडे तला मेजू भताले
/home/hp/Indain_children_spech/ASER-Dataset/audio_processed/Marathi MH/1017/MR_S2_P_1.wav,Marathi,पावसाळा सुरु झाला आईने नवी तुळस लावली तुळस भरभर वाढली छान दिसू लागली,वईऊ कराय हो,पावसाळा सुरु झाला आईने नवी तुळस लावली तुळस भरभर वाढली छान दिसू लागली,वईऊ कराय हो
/home/hp/Indain_children_spech/ASER-Dataset/audio_processed/Marathi MH/1017/MR_S2_S_3.wav,English,She has a green kite,,she has a green kite,
/home/hp/Indain_children_spech/ASER-Dataset/audio_processed/Marathi MH/1017/MR_S2_S_2.wav,English,I like to play,,i like to play,
/home/hp/Indain_children_spech/ASER-Dataset/audio_processed/Marathi MH/1029/MR_S1_P_0.wav,Marathi,आज गावाहून मामा आला मला खाऊ व फुगे घेऊन आला ताईला बाहुली घेऊन आला आईला छान साडी आणली,आज गाऊन मामा आला मला खाऊ व पुुगे घेऊन आला ताईला बाऊुली घेऊन आला आईला छान साडी आणली,आज गावाहून मामा आला मला खाऊ व फुगे घेऊन आला ताईला बाहुली घेऊन आला आईला छान साडी आणली,आज गाऊन मामा आला मला खाऊ व पुुगे घेऊन आला ताईला बाऊुली घेऊन आला आईला छान साडी आणली
/home/hp/Indain_children_spech/ASER-Dataset/audio_processed/Marathi MH/1029/MR_S1_S_0.wav,English,What is the time,,what is the time,
/home/hp/Indain_children_spech/ASER-Dataset/audio_processed/Marathi MH/1029/MR_S1_S_1.wav,English,This is a large house,,this is a large house,
/home/hp/Indain_children_spech/ASER-Dataset/audio_processed/Marathi MH/1029/MR_S1_S_2.wav,English,I like to read,,i like to read,
/home/hp/Indain_children_spech/ASER-Dataset/audio_processed/Marathi MH/1029/MR_S1_S_3.wav,English,She has many books,,she has many books,
/home/hp/Indain_children_spech/ASER-Dataset/audio_processed/Marathi MH/1036/MR_S4_P_1.wav,Marathi,आज रविवार आहे शाळेला रजा आहे सगळे मिळून खेळूया आज खेळायचा दिवस आहे,आज रविवार आहे शाळेला रजा आहे सगळे मिळून खेळूया आज खेळायचा दिवस आहे,आज रविवार आहे शाळेला रजा आहे सगळे मिळून खेळूया आज खेळायचा दिवस आहे,आज रविवार आहे शाळेला रजा आहे सगळे मिळून खेळूया आज खेळायचा दिवस आहे
/home/hp/Indain_children_spech/ASER-Dataset/audio_processed/Marathi MH/1036/MR_S4_S_0.wav,English,What is the time,,what is the time,
/home/hp/Indain_children_spech/ASER-Dataset/audio_processed/Marathi MH/1036/MR_S4_S_1.wav,English,This is a small door,,this is a small door,
/home/hp/Indain_children_spech/ASER-Dataset/audio_processed/Marathi MH/105/MR_S4_P_0.wav,Marathi,गीता बागेत आली तिकडे तिला मंजू भेटली दोघींनी जोरात झोका घेतला आज खूपच मजा आली,गीता गीता बा बागेत आली तिकडे तिला मंजू घली दोघीनी जोरात झोका घेतला आज खूपच मजा आहे आली,गीता बागेत आली तिकडे तिला मंजू भेटली दोघींनी जोरात झोका घेतला आज खूपच मजा आली,गीता गीता बा बागेत आली तिकडे तिला मंजू घली दोघीनी जोरात झोका घेतला आज खूपच मजा आहे आली
/home/hp/Indain_children_spech/ASER-Dataset/audio_processed/Marathi MH/105/MR_S4_ST_0.wav,Marathi,एक होती आजी एकदा तिला तिच्या बहिणीचे पत्र आले आजीला तिने आपल्या घरी पूजेला बोलाविले होते आजीने आपल्या सामानाचे गाठोडे बांधले निघताना तिने घराला कुलूप लावले ती प्रवासाला पायी निघाली वाटेत आजीला झरा दिसला चालून चालून थकल्याने ती झऱ्याकाठी बसली थोडे खाऊन तिने थंड पाणी प्यायले आणि ती झोपी गेली काहीं वेळाने समोरून एक टांगा आला टांग्यातील माणसाने तिला बहिणीकडे सोडले आजीने त्याचे आभार मानले आणि ती घरात गेली,एक होती आजी एखदा तिला त्यांच्या बा बहिणीचे पण आले तिच्या बाई बहिणी,एक होती आजी एकदा तिला तिच्या बहिणीचे पत्र आले आजीला तिने आपल्या घरी पूजेला बोलाविले होते आजीने आपल्या सामानाचे गाठोडे बांधले निघताना तिने घराला कुलूप लावले ती प्रवासाला पायी निघाली वाटेत आजीला झरा दिसला चालून चालून थकल्याने ती झऱ्याकाठी बसली थोडे खाऊन तिने थंड पाणी प्यायले आणि ती झोपी गेली काहीं वेळाने समोरून एक टांगा आला टांग्यातील माणसाने तिला बहिणीकडे सोडले आजीने त्याचे आभार मानले आणि ती घरात गेली,एक होती आजी एखदा तिला त्यांच्या बा बहिणीचे पण आले तिच्या बाई बहिणी
/home/hp/Indain_children_spech/ASER-Dataset/audio_processed/Marathi MH/1061/MR_S1_P_1.wav,Marathi,आज रविवार आहे शाळेला रजा आहे तरी आज सकाळी मला लवकर जाग आली,आज रविवार आहे शाळेला रजा आहे तरी आज सकाळी मला लवकर जाग आली,आज रविवार आहे शाळेला रजा आहे तरी आज सकाळी मला लवकर जाग आली,आज रविवार आहे शाळेला रजा आहे तरी आज सकाळी मला लवकर जाग आली
/home/hp/Indain_children_spech/ASER-Dataset/audio_processed/Marathi MH/1061/MR_S1_S_0.wav,English,What is the time,,what is the time,
/home/hp/Indain_children_spech/ASER-Dataset/audio_processed/Marathi MH/1061/MR_S1_S_1.wav,English,This is a large house,,this is a large house,
/home/hp/Indain_children_spech/ASER-Dataset/audio_processed/Marathi MH/1061/MR_S1_S_2.wav,English,I like to read,,i like to read,
/home/hp/Indain_children_spech/ASER-Dataset/audio_processed/Marathi MH/1070/MR_S2_P_1.wav,Marathi,पावसाळा सुरु झाला आईने नवी तुळस लावली तुळस भरभर वाढली छान दिसू लागली,पावसाळा सुरु झाला आईने नवी तुळस लावली तुळस भरभर वाढली छान दिसू लागली,पावसाळा सुरु झाला आईने नवी तुळस लावली तुळस भरभर वाढली छान दिसू लागली,पावसाळा सुरु झाला आईने नवी तुळस लावली तुळस भरभर वाढली छान दिसू लागली
/home/hp/Indain_children_spech/ASER-Dataset/audio_processed/Marathi MH/1070/MR_S2_S_0.wav,English,Where is your house,,where is your house,
/home/hp/Indain_children_spech/ASER-Dataset/audio_processed/Marathi MH/1070/MR_S2_S_1.wav,English,This is a long road,,this is a long road,
/home/hp/Indain_children_spech/ASER-Dataset/audio_processed/Marathi MH/1070/MR_S2_S_2.wav,English,I like to play,,i like to play,
/home/hp/Indain_children_spech/ASER-Dataset/audio_processed/Marathi MH/1077/MR_S1_P_1.wav,Marathi,आज रविवार आहे शाळेला रजा आहे तरी आज सकाळी मला लवकर जाग आली,आज रविवार आहे शाळेला शाळेला रजा आहे तरी आज सकाळी मला लवकर जागा,आज रविवार आहे शाळेला रजा आहे तरी आज सकाळी मला लवकर जाग आली,आज रविवार आहे शाळेला शाळेला रजा आहे तरी आज सकाळी मला लवकर जागा
/home/hp/Indain_children_spech/ASER-Dataset/audio_processed/Marathi MH/1085/MR_S3_P_1.wav,Marathi,अंगणात चिमणी येते मी तिला दाणे टाकते चिमणी दाणे खाते खाऊन उडून जाते,अंगणात चिमणी येत मी तिला दाणे टाक टाकले ती चिमणी दाणे खा खाते खाऊन उडून जाते,अंगणात चिमणी येते मी तिला दाणे टाकते चिमणी दाणे खाते खाऊन उडून जाते,अंगणात चिमणी येत मी तिला दाणे टाक टाकले ती चिमणी दाणे खा खाते खाऊन उडून जाते
/home/hp/Indain_children_spech/ASER-Dataset/audio_processed/Marathi MH/1105/MR_S4_P_0.wav,Marathi,गीता बागेत आली तिकडे तिला मंजू भेटली दोघींनी जोरात झोका घेतला आज खूपच मजा आली,गीिता बा,गीता बागेत आली तिकडे तिला मंजू भेटली दोघींनी जोरात झोका घेतला आज खूपच मजा आली,गीिता बा
/home/hp/Indain_children_spech/ASER-Dataset/audio_processed/Marathi MH/1112/MR_S1_P_1.wav,Marathi,आज रविवार आहे शाळेला रजा आहे तरी आज सकाळी मला लवकर जाग आली,आज रविवार आहे शाळेला जरा आहे तरी आज सकाळी मला जवळकर जागी लव लव लवकर जागी आली लवकर जागी आली ओके,आज रविवार आहे शाळेला रजा आहे तरी आज सकाळी मला लवकर जाग आली,आज रविवार आहे शाळेला जरा आहे तरी आज सकाळी मला जवळकर जागी लव लव लवकर जागी आली लवकर जागी आली ओके
/home/hp/Indain_children_spech/ASER-Dataset/audio_processed/Marathi MH/1130/MR_S1_P_1.wav,Marathi,आज रविवार आहे शाळेला रजा आहे तरी आज सकाळी मला लवकर जाग आली,आज रविवार आहे शाळाला रजा आहे तरी आज सकाळी मला लवकर जाग आली,आज रविवार आहे शाळेला रजा आहे तरी आज सकाळी मला लवकर जाग आली,आज रविवार आहे शाळाला रजा आहे तरी आज सकाळी मला लवकर जाग आली
/home/hp/Indain_children_spech/ASER-Dataset/audio_processed/Marathi MH/1131/MR_S1_P_0.wav,Marathi,आज गावाहून मामा आला मला खाऊ व फुगे घेऊन आला ताईला बाहुली घेऊन आला आईला छान साडी आणली,आज गावाहून मामा आला मला खाऊ व फुगे घेऊन आला ताईला बाऊली येऊ घेऊन आला ताईला छान साडी आणली,आज गावाहून मामा आला मला खाऊ व फुगे घेऊन आला ताईला बाहुली घेऊन आला आईला छान साडी आणली,आज गावाहून मामा आला मला खाऊ व फुगे घेऊन आला ताईला बाऊली येऊ घेऊन आला ताईला छान साडी आणली
/home/hp/Indain_children_spech/ASER-Dataset/audio_processed/Marathi MH/1163/MR_S2_P_0.wav,Marathi,एकदा मी पडले सगळे मला हसले एकदा सोनल पडली मी तिला हसले,एकदा मी पडले सगळे मला हसले एकदा सोनल सोनल पडले मी तिला हसले,एकदा मी पडले सगळे मला हसले एकदा सोनल पडली मी तिला हसले,एकदा मी पडले सगळे मला हसले एकदा सोनल सोनल पडले मी तिला हसले
/home/hp/Indain_children_spech/ASER-Dataset/audio_processed/Marathi MH/1182/MR_S4_P_1.wav,Marathi,आज रविवार आहे शाळेला रजा आहे सगळे मिळून खेळूया आज खेळायचा दिवस आहे,ह,आज रविवार आहे शाळेला रजा आहे सगळे मिळून खेळूया आज खेळायचा दिवस आहे,ह
/home/hp/Indain_children_spech/ASER-Dataset/audio_processed/Marathi MH/1184/MR_S2_P_1.wav,Marathi,पावसाळा सुरु झाला आईने नवी तुळस लावली तुळस भरभर वाढली छान दिसू लागली,पावसाळा सुरू झाली आईने नवीड लावली भरभर पाडली दाणे दिसू लागली,पावसाळा सुरु झाला आईने नवी तुळस लावली तुळस भरभर वाढली छान दिसू लागली,पावसाळा सुरू झाली आईने नवीड लावली भरभर पाडली दाणे दिसू लागली
/home/hp/Indain_children_spech/ASER-Dataset/audio_processed/Marathi MH/1198/MR_S1_P_1.wav,Marathi,आज रविवार आहे शाळेला रजा आहे तरी आज सकाळी मला लवकर जाग आली,,आज रविवार आहे शाळेला रजा आहे तरी आज सकाळी मला लवकर जाग आली,
/home/hp/Indain_children_spech/ASER-Dataset/audio_processed/Marathi MH/1198/MR_S1_ST_0.wav,Marathi,दाजी आजोबा आजारी असतात ते खूप थकलेले दिसतात हल्ली त्यांना नीट दिसत नाहीआजोबांचा नातू रमेश त्यांची खूप काळजी घेतो त्यांना खूप खोकलाही झाला आहे रमेश त्यांना वेळेवर औषध देतो नीट दिसत नसल्यामुळे आजोबा घरात बसून असतात रमेश त्यांच्या हाताला धरून घरातल्या घरात फिरवतो घरात बसून आजोबा जुनी गाणी ऐकतात त्यांना नवीन गाणीही ऐकायला आवडतात आजोबांना बरे वाटल्यावर दोघे लांबवर फिरायला जाणार आहेत,नाही नाही आजवाला,दाजी आजोबा आजारी असतात ते खूप थकलेले दिसतात हल्ली त्यांना नीट दिसत नाहीआजोबांचा नातू रमेश त्यांची खूप काळजी घेतो त्यांना खूप खोकलाही झाला आहे रमेश त्यांना वेळेवर औषध देतो नीट दिसत नसल्यामुळे आजोबा घरात बसून असतात रमेश त्यांच्या हाताला धरून घरातल्या घरात फिरवतो घरात बसून आजोबा जुनी गाणी ऐकतात त्यांना नवीन गाणीही ऐकायला आवडतात आजोबांना बरे वाटल्यावर दोघे लांबवर फिरायला जाणार आहेत,नाही नाही आजवाला
/home/hp/Indain_children_spech/ASER-Dataset/audio_processed/Marathi MH/1204/MR_S1_S_0.wav,English,What is the time,,what is the time,
/home/hp/Indain_children_spech/ASER-Dataset/audio_processed/Marathi MH/1204/MR_S1_S_1.wav,English,This is a large house,,this is a large house,
/home/hp/Indain_children_spech/ASER-Dataset/audio_processed/Marathi MH/1237/MR_S1_P_0.wav,Marathi,आज गावाहून मामा आला मला खाऊ व फुगे घेऊन आला ताईला बाहुली घेऊन आला आईला छान साडी आणली,आज गावून मामा आल्या मला खाऊ व फुगे घेऊन आला ताईला बावली घेऊन आला आईला छान साडी आणली,आज गावाहून मामा आला मला खाऊ व फुगे घेऊन आला ताईला बाहुली घेऊन आला आईला छान साडी आणली,आज गावून मामा आल्या मला खाऊ व फुगे घेऊन आला ताईला बावली घेऊन आला आईला छान साडी आणली
/home/hp/Indain_children_spech/ASER-Dataset/audio_processed/Marathi MH/1237/MR_S1_S_0.wav,English,What is the time,,what is the time,
/home/hp/Indain_children_spech/ASER-Dataset/audio_processed/Marathi MH/1237/MR_S1_S_2.wav,English,I like to read,,i like to read,
/home/hp/Indain_children_spech/ASER-Dataset/audio_processed/Marathi MH/1237/MR_S1_S_3.wav,English,She has many books,,she has many books,
/home/hp/Indain_children_spech/ASER-Dataset/audio_processed/Marathi MH/1237/MR_S1_S_1.wav,English,This is a large house,,this is a large house,
/home/hp/Indain_children_spech/ASER-Dataset/audio_processed/Marathi MH/1238/MR_S3_P_1.wav,Marathi,अंगणात चिमणी येते मी तिला दाणे टाकते चिमणी दाणे खाते खाऊन उडून जाते,अंगणात चिडिया येते मी तुला दाणे टाकते चिमणे दाणे खे खाऊन उडून जाते,अंगणात चिमणी येते मी तिला दाणे टाकते चिमणी दाणे खाते खाऊन उडून जाते,अंगणात चिडिया येते मी तुला दाणे टाकते चिमणे दाणे खे खाऊन उडून जाते
/home/hp/Indain_children_spech/ASER-Dataset/audio_processed/Marathi MH/1238/MR_S3_ST_0.wav,Marathi,मीना शाळेतून घरी आली ती घरात एकटीच होती तिला करमत नव्हते मग मीनाने वाढदिवशी बाबांनी दिलेली बाहुली कपाटातून काढली ती बाहुली घेऊन खेळायला लागली थोड्या वेळाने राधा आली तिने खाऊ आणला होता मीनाने वाढदिवशी मिळालेली बाहुली राधाला दाखविली राधाला बाहुली खूपच आवडलीमीनाने राधाला बाहुली देऊन टाकली राधाने मीनाला खाऊ दिला दोघी खूपच खूष झाल्या त्यांनी एकमेकींना टाळ्या दिल्या टाळ्या देता देता हसू लागल्या,शाळेला घरी आली ती घातती तिला कम नाही होत मग मी नाने वाढदिवसाची बाबादी,मीना शाळेतून घरी आली ती घरात एकटीच होती तिला करमत नव्हते मग मीनाने वाढदिवशी बाबांनी दिलेली बाहुली कपाटातून काढली ती बाहुली घेऊन खेळायला लागली थोड्या वेळाने राधा आली तिने खाऊ आणला होता मीनाने वाढदिवशी मिळालेली बाहुली राधाला दाखविली राधाला बाहुली खूपच आवडलीमीनाने राधाला बाहुली देऊन टाकली राधाने मीनाला खाऊ दिला दोघी खूपच खूष झाल्या त्यांनी एकमेकींना टाळ्या दिल्या टाळ्या देता देता हसू लागल्या,शाळेला घरी आली ती घातती तिला कम नाही होत मग मी नाने वाढदिवसाची बाबादी
/home/hp/Indain_children_spech/ASER-Dataset/audio_processed/Marathi MH/1238/MR_S3_S_0.wav,English,Where is your house,,where is your house,
/home/hp/Indain_children_spech/ASER-Dataset/audio_processed/Marathi MH/1251/MR_S2_P_0.wav,Marathi,एकदा मी पडले सगळे मला हसले एकदा सोनल पडली मी तिला हसले,एकदा मी पडले सग सगळे मला हसले एकदा एकदा सोनल पडली मी तिला हसले,एकदा मी पडले सगळे मला हसले एकदा सोनल पडली मी तिला हसले,एकदा मी पडले सग सगळे मला हसले एकदा एकदा सोनल पडली मी तिला हसले
/home/hp/Indain_children_spech/ASER-Dataset/audio_processed/Marathi MH/1251/MR_S2_S_0.wav,English,Where is your house,,where is your house,
/home/hp/Indain_children_spech/ASER-Dataset/audio_processed/Marathi MH/1251/MR_S2_S_1.wav,English,This is a long road,,this is a long road,
/home/hp/Indain_children_spech/ASER-Dataset/audio_processed/Marathi MH/1251/MR_S2_S_2.wav,English,I like to play,,i like to play,
/home/hp/Indain_children_spech/ASER-Dataset/audio_processed/Marathi MH/1251/MR_S2_S_3.wav,English,She has a green kite,,she has a green kite,
/home/hp/Indain_children_spech/ASER-Dataset/audio_processed/Marathi MH/1252/MR_S4_P_1.wav,Marathi,आज रविवार आहे शाळेला रजा आहे सगळे मिळून खेळूया आज खेळायचा दिवस आहे,आज रविवार रविवार आहे शाळेला आज र रा रजा आहे सगळे मिळून खेळ खेळूया आज खेळायचा दिवस आहे,आज रविवार आहे शाळेला रजा आहे सगळे मिळून खेळूया आज खेळायचा दिवस आहे,आज रविवार रविवार आहे शाळेला आज र रा रजा आहे सगळे मिळून खेळ खेळूया आज खेळायचा दिवस आहे
/home/hp/Indain_children_spech/ASER-Dataset/audio_processed/Marathi MH/1252/MR_S4_ST_0.wav,Marathi,एक होती आजी एकदा तिला तिच्या बहिणीचे पत्र आले आजीला तिने आपल्या घरी पूजेला बोलाविले होते आजीने आपल्या सामानाचे गाठोडे बांधले निघताना तिने घराला कुलूप लावले ती प्रवासाला पायी निघाली वाटेत आजीला झरा दिसला चालून चालून थकल्याने ती झऱ्याकाठी बसली थोडे खाऊन तिने थंड पाणी प्यायले आणि ती झोपी गेली काहीं वेळाने समोरून एक टांगा आला टांग्यातील माणसाने तिला बहिणीकडे सोडले आजीने त्याचे आभार मानले आणि ती घरात गेली,एक होती आजी एकदा तिला तिचे बहिणीचे एक पत्र आले आज आजीला तिने आपल्याला घरी पूजेला बोलवले होते आजीने आपल्याला,एक होती आजी एकदा तिला तिच्या बहिणीचे पत्र आले आजीला तिने आपल्या घरी पूजेला बोलाविले होते आजीने आपल्या सामानाचे गाठोडे बांधले निघताना तिने घराला कुलूप लावले ती प्रवासाला पायी निघाली वाटेत आजीला झरा दिसला चालून चालून थकल्याने ती झऱ्याकाठी बसली थोडे खाऊन तिने थंड पाणी प्यायले आणि ती झोपी गेली काहीं वेळाने समोरून एक टांगा आला टांग्यातील माणसाने तिला बहिणीकडे सोडले आजीने त्याचे आभार मानले आणि ती घरात गेली,एक होती आजी एकदा तिला तिचे बहिणीचे एक पत्र आले आज आजीला तिने आपल्याला घरी पूजेला बोलवले होते आजीने आपल्याला
/home/hp/Indain_children_spech/ASER-Dataset/audio_processed/Marathi MH/1253/MR_S3_P_1.wav,Marathi,अंगणात चिमणी येते मी तिला दाणे टाकते चिमणी दाणे खाते खाऊन उडून जाते,अंग्नाात चिमणी येते मी तिला दाणे टाकते चिमणी दाणे खाते खाऊन उडून जाते,अंगणात चिमणी येते मी तिला दाणे टाकते चिमणी दाणे खाते खाऊन उडून जाते,अंग्नाात चिमणी येते मी तिला दाणे टाकते चिमणी दाणे खाते खाऊन उडून जाते
/home/hp/Indain_children_spech/ASER-Dataset/audio_processed/Marathi MH/1253/MR_S3_ST_0.wav,Marathi,मीना शाळेतून घरी आली ती घरात एकटीच होती तिला करमत नव्हते मग मीनाने वाढदिवशी बाबांनी दिलेली बाहुली कपाटातून काढली ती बाहुली घेऊन खेळायला लागली थोड्या वेळाने राधा आली तिने खाऊ आणला होता मीनाने वाढदिवशी मिळालेली बाहुली राधाला दाखविली राधाला बाहुली खूपच आवडलीमीनाने राधाला बाहुली देऊन टाकली राधाने मीनाला खाऊ दिला दोघी खूपच खूष झाल्या त्यांनी एकमेकींना टाळ्या दिल्या टाळ्या देता देता हसू लागल्या,मीना शाळेतून घरी आली ती घरात इतकीच होती तिला करमत नव्हते मग मीनाने वाढदिवशी बावांनीलेली बाहुली कपाटातून काढली ती बाहुली घेऊन खेळायला लागली थोड्या वेळाने राधा आली तिने खाऊ आणला होता मीना मीनाने वाढदिवशी मिळालेले बाहुली राधाला दाखवली राधाने राधाला बाहुली खूपच आवडली मीनाने मीनाने राधाला बाहुली देऊन टाकली राधाने मीनाला खाऊ दिला दोघी दोघी खूपच खुश झाल्या त्यांनी एकमेकींना टाळ्या दिल्या टाळ्या देता हसू हसू लागल्या,मीना शाळेतून घरी आली ती घरात एकटीच होती तिला करमत नव्हते मग मीनाने वाढदिवशी बाबांनी दिलेली बाहुली कपाटातून काढली ती बाहुली घेऊन खेळायला लागली थोड्या वेळाने राधा आली तिने खाऊ आणला होता मीनाने वाढदिवशी मिळालेली बाहुली राधाला दाखविली राधाला बाहुली खूपच आवडलीमीनाने राधाला बाहुली देऊन टाकली राधाने मीनाला खाऊ दिला दोघी खूपच खूष झाल्या त्यांनी एकमेकींना टाळ्या दिल्या टाळ्या देता देता हसू लागल्या,मीना शाळेतून घरी आली ती घरात इतकीच होती तिला करमत नव्हते मग मीनाने वाढदिवशी बावांनीलेली बाहुली कपाटातून काढली ती बाहुली घेऊन खेळायला लागली थोड्या वेळाने राधा आली तिने खाऊ आणला होता मीना मीनाने वाढदिवशी मिळालेले बाहुली राधाला दाखवली राधाने राधाला बाहुली खूपच आवडली मीनाने मीनाने राधाला बाहुली देऊन टाकली राधाने मीनाला खाऊ दिला दोघी दोघी खूपच खुश झाल्या त्यांनी एकमेकींना टाळ्या दिल्या टाळ्या देता हसू हसू लागल्या
/home/hp/Indain_children_spech/ASER-Dataset/audio_processed/Marathi MH/1253/MR_S3_S_0.wav,English,Where is your house,,where is your house,
/home/hp/Indain_children_spech/ASER-Dataset/audio_processed/Marathi MH/1253/MR_S3_S_1.wav,English,This is a tall tree,,this is a tall tree,
/home/hp/Indain_children_spech/ASER-Dataset/audio_processed/Marathi MH/1253/MR_S3_S_2.wav,English,I like to sing,,i like to sing,
/home/hp/Indain_children_spech/ASER-Dataset/audio_processed/Marathi MH/1253/MR_S3_S_3.wav,English,She has a red dress,,she has a red dress,
/home/hp/Indain_children_spech/ASER-Dataset/audio_processed/Marathi MH/1257/MR_S1_P_0.wav,Marathi,आज गावाहून मामा आला मला खाऊ व फुगे घेऊन आला ताईला बाहुली घेऊन आला आईला छान साडी आणली,गाऊन मामा आला मला ाऊ फुगे घेऊन आला ताईला बाऊली घेऊन आला आईला छान साडी आणली,आज गावाहून मामा आला मला खाऊ व फुगे घेऊन आला ताईला बाहुली घेऊन आला आईला छान साडी आणली,गाऊन मामा आला मला ाऊ फुगे घेऊन आला ताईला बाऊली घेऊन आला आईला छान साडी आणली
/home/hp/Indain_children_spech/ASER-Dataset/audio_processed/Marathi MH/1262/MR_S1_P_0.wav,Marathi,आज गावाहून मामा आला मला खाऊ व फुगे घेऊन आला ताईला बाहुली घेऊन आला आईला छान साडी आणली,आज आज गा गा,आज गावाहून मामा आला मला खाऊ व फुगे घेऊन आला ताईला बाहुली घेऊन आला आईला छान साडी आणली,आज आज गा गा
/home/hp/Indain_children_spech/ASER-Dataset/audio_processed/Marathi MH/1273/MR_S3_P_0.wav,Marathi,फुगेवाला आला लाल निळे फुगे आणले मुलांनी फुगे घेतले हातातून ते सुटून गेले,फुगेवाला आला लाल निले फुगे आणले मुलांनी फुगे घेतले हातातून ते सुटून गेले,फुगेवाला आला लाल निळे फुगे आणले मुलांनी फुगे घेतले हातातून ते सुटून गेले,फुगेवाला आला लाल निले फुगे आणले मुलांनी फुगे घेतले हातातून ते सुटून गेले
/home/hp/Indain_children_spech/ASER-Dataset/audio_processed/Marathi MH/1287/MR_S2_P_0.wav,Marathi,एकदा मी पडले सगळे मला हसले एकदा सोनल पडली मी तिला हसले,एकदा मी पडले सगळे मुले हसले एकदा सोनाल पडली मी तिला हसली,एकदा मी पडले सगळे मला हसले एकदा सोनल पडली मी तिला हसले,एकदा मी पडले सगळे मुले हसले एकदा सोनाल पडली मी तिला हसली
/home/hp/Indain_children_spech/ASER-Dataset/audio_processed/Marathi MH/1287/MR_S2_ST_0.wav,Marathi,एका गावात एक आजीबाई राहत होती आजीचे घर छोटे होते घरासमोर मोठी फुलबाग होती बागेत गुलाब जाईजुई अबोली झेंडूची फुलझाडे होती मोठीमोठी आंब्याची फणसाची झाडे होती झाडांवर पक्ष्यांची घरटी होती हिरवेकोवळे गवत होते आजीची बाग सुंदर होती संध्याकाळ होताच गावातील मुले बागेमध्ये खेळायला येत असत ती भरपूर मजा करत मुलांना खेळताना बघून आजीला आनंद होई आजीबाई संध्याकाळी मुलांना गोष्टी सांगत असे त्यामुळे मुलांनादेखील आजीबाई खूप आवडे,एकदा,एका गावात एक आजीबाई राहत होती आजीचे घर छोटे होते घरासमोर मोठी फुलबाग होती बागेत गुलाब जाईजुई अबोली झेंडूची फुलझाडे होती मोठीमोठी आंब्याची फणसाची झाडे होती झाडांवर पक्ष्यांची घरटी होती हिरवेकोवळे गवत होते आजीची बाग सुंदर होती संध्याकाळ होताच गावातील मुले बागेमध्ये खेळायला येत असत ती भरपूर मजा करत मुलांना खेळताना बघून आजीला आनंद होई आजीबाई संध्याकाळी मुलांना गोष्टी सांगत असे त्यामुळे मुलांनादेखील आजीबाई खूप आवडे,एकदा
/home/hp/Indain_children_spech/ASER-Dataset/audio_processed/Marathi MH/1287/MR_S2_S_2.wav,English,I like to play,,i like to play,
/home/hp/Indain_children_spech/ASER-Dataset/audio_processed/Marathi MH/1287/MR_S2_S_3.wav,English,She has a green kite,,she has a green kite,
/home/hp/Indain_children_spech/ASER-Dataset/audio_processed/Marathi MH/130/MR_S1_P_0.wav,Marathi,आज गावाहून मामा आला मला खाऊ व फुगे घेऊन आला ताईला बाहुली घेऊन आला आईला छान साडी आणली,आज गावाहून मामा आला मला खाऊ व फुगे घेऊन आला ताईला बावली घेऊन आला आईला छान साडी आणली,आज गावाहून मामा आला मला खाऊ व फुगे घेऊन आला ताईला बाहुली घेऊन आला आईला छान साडी आणली,आज गावाहून मामा आला मला खाऊ व फुगे घेऊन आला ताईला बावली घेऊन आला आईला छान साडी आणली
/home/hp/Indain_children_spech/ASER-Dataset/audio_processed/Marathi MH/1315/MR_S1_P_1.wav,Marathi,आज रविवार आहे शाळेला रजा आहे तरी आज सकाळी मला लवकर जाग आली,आज र रविवार आहे शाळेला राजा आहे तरी आज सकाळी मला लवकर जाग आली,आज रविवार आहे शाळेला रजा आहे तरी आज सकाळी मला लवकर जाग आली,आज र रविवार आहे शाळेला राजा आहे तरी आज सकाळी मला लवकर जाग आली
/home/hp/Indain_children_spech/ASER-Dataset/audio_processed/Marathi MH/1335/MR_S3_P_0.wav,Marathi,फुगेवाला आला लाल निळे फुगे आणले मुलांनी फुगे घेतले हातातून ते सुटून गेले,फुगेवाला आला लाल निळे फुगे आणले फुलांनी फुगे घेतले हातातोन ते सुटून गेले,फुगेवाला आला लाल निळे फुगे आणले मुलांनी फुगे घेतले हातातून ते सुटून गेले,फुगेवाला आला लाल निळे फुगे आणले फुलांनी फुगे घेतले हातातोन ते सुटून गेले
/home/hp/Indain_children_spech/ASER-Dataset/audio_processed/Marathi MH/1335/MR_S3_S_0.wav,English,Where is your house,,where is your house,
/home/hp/Indain_children_spech/ASER-Dataset/audio_processed/Marathi MH/1335/MR_S3_S_1.wav,English,This is a tall tree,,this is a tall tree,
/home/hp/Indain_children_spech/ASER-Dataset/audio_processed/Marathi MH/1335/MR_S3_S_2.wav,English,I like to sing,,i like to sing,
/home/hp/Indain_children_spech/ASER-Dataset/audio_processed/Marathi MH/1335/MR_S3_S_3.wav,English,She has a red dress,,she has a red dress,
/home/hp/Indain_children_spech/ASER-Dataset/audio_processed/Marathi MH/137/MR_S4_P_1.wav,Marathi,आज रविवार आहे शाळेला रजा आहे सगळे मिळून खेळूया आज खेळायचा दिवस आहे,आज आज रविवार आ आज रविवार आहे शाळेला रजा आहे सगळे मिळून खेळ खेळूया आज खेळ खेळायचा दिवस आहे,आज रविवार आहे शाळेला रजा आहे सगळे मिळून खेळूया आज खेळायचा दिवस आहे,आज आज रविवार आ आज रविवार आहे शाळेला रजा आहे सगळे मिळून खेळ खेळूया आज खेळ खेळायचा दिवस आहे
/home/hp/Indain_children_spech/ASER-Dataset/audio_processed/Marathi MH/14/MR_S4_P_1.wav,Marathi,आज रविवार आहे शाळेला रजा आहे सगळे मिळून खेळूया आज खेळायचा दिवस आहे,आज रविवार आहे शाळेला रजा आहे सगळे मिळून खेळूया आज खेळायचा दिवस आहे,आज रविवार आहे शाळेला रजा आहे सगळे मिळून खेळूया आज खेळायचा दिवस आहे,आज रविवार आहे शाळेला रजा आहे सगळे मिळून खेळूया आज खेळायचा दिवस आहे
/home/hp/Indain_children_spech/ASER-Dataset/audio_processed/Marathi MH/14/MR_S4_S_0.wav,English,What is the time,,what is the time,
/home/hp/Indain_children_spech/ASER-Dataset/audio_processed/Marathi MH/14/MR_S4_S_1.wav,English,This is a small door,,this is a small door,
/home/hp/Indain_children_spech/ASER-Dataset/audio_processed/Marathi MH/14/MR_S4_S_2.wav,English,I like to sleep,,i like to sleep,
/home/hp/Indain_children_spech/ASER-Dataset/audio_processed/Marathi MH/14/MR_S4_S_3.wav,English,He has a blue shirt,,he has a blue shirt,
/home/hp/Indain_children_spech/ASER-Dataset/audio_processed/Marathi MH/168/MR_S1_P_0.wav,Marathi,आज गावाहून मामा आला मला खाऊ व फुगे घेऊन आला ताईला बाहुली घेऊन आला आईला छान साडी आणली,आज राहून मामा आला मला भाऊ व पूजे घेऊन आला त्यांना भाऊली आणली घेऊन आला आईला छानसाठी आण,आज गावाहून मामा आला मला खाऊ व फुगे घेऊन आला ताईला बाहुली घेऊन आला आईला छान साडी आणली,आज राहून मामा आला मला भाऊ व पूजे घेऊन आला त्यांना भाऊली आणली घेऊन आला आईला छानसाठी आण
/home/hp/Indain_children_spech/ASER-Dataset/audio_processed/Marathi MH/180/MR_S3_P_1.wav,Marathi,अंगणात चिमणी येते मी तिला दाणे टाकते चिमणी दाणे खाते खाऊन उडून जाते,अपण जाय करते,अंगणात चिमणी येते मी तिला दाणे टाकते चिमणी दाणे खाते खाऊन उडून जाते,अपण जाय करते
/home/hp/Indain_children_spech/ASER-Dataset/audio_processed/Marathi MH/199/MR_S4_P_0.wav,Marathi,गीता बागेत आली तिकडे तिला मंजू भेटली दोघींनी जोरात झोका घेतला आज खूपच मजा आली,गीता बागेत आली तिकडे तिला मंजू भेटली दोघींनी जोरात धोका घेतला आज खूपच मजा आली,गीता बागेत आली तिकडे तिला मंजू भेटली दोघींनी जोरात झोका घेतला आज खूपच मजा आली,गीता बागेत आली तिकडे तिला मंजू भेटली दोघींनी जोरात धोका घेतला आज खूपच मजा आली
/home/hp/Indain_children_spech/ASER-Dataset/audio_processed/Marathi MH/2/MR_S2_P_0.wav,Marathi,एकदा मी पडले सगळे मला हसले एकदा सोनल पडली मी तिला हसले,ए क द एक प द लाल्याक माताले प ले स ग लाळेक माताळे स गळे म ला मलाा स लाक मात्राले सले स लालेक माताले सले,एकदा मी पडले सगळे मला हसले एकदा सोनल पडली मी तिला हसले,ए क द एक प द लाल्याक माताले प ले स ग लाळेक माताळे स गळे म ला मलाा स लाक मात्राले सले स लालेक माताले सले
/home/hp/Indain_children_spech/ASER-Dataset/audio_processed/Marathi MH/206/MR_S3_P_1.wav,Marathi,अंगणात चिमणी येते मी तिला दाणे टाकते चिमणी दाणे खाते खाऊन उडून जाते,अंगनाथ चिमणी येते मी तिला दाणे टाकते चिमणी दाणे खाते घाऊन उडून जाते,अंगणात चिमणी येते मी तिला दाणे टाकते चिमणी दाणे खाते खाऊन उडून जाते,अंगनाथ चिमणी येते मी तिला दाणे टाकते चिमणी दाणे खाते घाऊन उडून जाते
/home/hp/Indain_children_spech/ASER-Dataset/audio_processed/Marathi MH/215/MR_S1_P_1.wav,Marathi,आज रविवार आहे शाळेला रजा आहे तरी आज सकाळी मला लवकर जाग आली,आज आज रविवार आहे शाळेला रजा आहे तरी आज सकाळी मला लवकर जाग आली,आज रविवार आहे शाळेला रजा आहे तरी आज सकाळी मला लवकर जाग आली,आज आज रविवार आहे शाळेला रजा आहे तरी आज सकाळी मला लवकर जाग आली
/home/hp/Indain_children_spech/ASER-Dataset/audio_processed/Marathi MH/225/MR_S3_P_0.wav,Marathi,फुगेवाला आला लाल निळे फुगे आणले मुलांनी फुगे घेतले हातातून ते सुटून गेले,फुगेवाला आला लाल निळे फुगे आणले मुलांनी फुगे घेतले हातातून ते सुट सुटून गेले,फुगेवाला आला लाल निळे फुगे आणले मुलांनी फुगे घेतले हातातून ते सुटून गेले,फुगेवाला आला लाल निळे फुगे आणले मुलांनी फुगे घेतले हातातून ते सुट सुटून गेले
/home/hp/Indain_children_spech/ASER-Dataset/audio_processed/Marathi MH/233/MR_S4_P_1.wav,Marathi,आज रविवार आहे शाळेला रजा आहे सगळे मिळून खेळूया आज खेळायचा दिवस आहे,आज रविवार आहे शाळेला रजा आहे सगळे मिळून खेळूया आज खेळ खेळायचा दिवस आहे,आज रविवार आहे शाळेला रजा आहे सगळे मिळून खेळूया आज खेळायचा दिवस आहे,आज रविवार आहे शाळेला रजा आहे सगळे मिळून खेळूया आज खेळ खेळायचा दिवस आहे
/home/hp/Indain_children_spech/ASER-Dataset/audio_processed/Marathi MH/241/MR_S4_P_0.wav,Marathi,गीता बागेत आली तिकडे तिला मंजू भेटली दोघींनी जोरात झोका घेतला आज खूपच मजा आली,गीता बागत आली तिकडे तिकडे तिला मंजू भेटली दोघी दोघींनी जोरात धोका घेतला आज खूपच मजा आली,गीता बागेत आली तिकडे तिला मंजू भेटली दोघींनी जोरात झोका घेतला आज खूपच मजा आली,गीता बागत आली तिकडे तिकडे तिला मंजू भेटली दोघी दोघींनी जोरात धोका घेतला आज खूपच मजा आली
/home/hp/Indain_children_spech/ASER-Dataset/audio_processed/Marathi MH/25/MR_S3_P_1.wav,Marathi,अंगणात चिमणी येते मी तिला दाणे टाकते चिमणी दाणे खाते खाऊन उडून जाते,अगणात चिमणी येते मी तिला दोने टाकते चिमणी दोने खाते खाऊन उठ उठून जाते,अंगणात चिमणी येते मी तिला दाणे टाकते चिमणी दाणे खाते खाऊन उडून जाते,अगणात चिमणी येते मी तिला दोने टाकते चिमणी दोने खाते खाऊन उठ उठून जाते
/home/hp/Indain_children_spech/ASER-Dataset/audio_processed/Marathi MH/253/MR_S4_P_0.wav,Marathi,गीता बागेत आली तिकडे तिला मंजू भेटली दोघींनी जोरात झोका घेतला आज खूपच मजा आली,गीता बागेत आली तिकडे तिचा मंजू भेटला दोघीनी जोरात झोका घेतला आज खूपच मजा आली,गीता बागेत आली तिकडे तिला मंजू भेटली दोघींनी जोरात झोका घेतला आज खूपच मजा आली,गीता बागेत आली तिकडे तिचा मंजू भेटला दोघीनी जोरात झोका घेतला आज खूपच मजा आली
/home/hp/Indain_children_spech/ASER-Dataset/audio_processed/Marathi MH/255/MR_S1_P_1.wav,Marathi,आज रविवार आहे शाळेला रजा आहे तरी आज सकाळी मला लवकर जाग आली,आज रविवार आहे शाळेला जरा आहे तरी आज सकाळी मला लवकर जाग आली,आज रविवार आहे शाळेला रजा आहे तरी आज सकाळी मला लवकर जाग आली,आज रविवार आहे शाळेला जरा आहे तरी आज सकाळी मला लवकर जाग आली
/home/hp/Indain_children_spech/ASER-Dataset/audio_processed/Marathi MH/290/MR_S1_P_0.wav,Marathi,आज गावाहून मामा आला मला खाऊ व फुगे घेऊन आला ताईला बाहुली घेऊन आला आईला छान साडी आणली,आज गावाहून मन आला मला खाऊ व फुगे घेऊन आला तईला बाहुली घेऊन आला आईला छान साडी आणली,आज गावाहून मामा आला मला खाऊ व फुगे घेऊन आला ताईला बाहुली घेऊन आला आईला छान साडी आणली,आज गावाहून मन आला मला खाऊ व फुगे घेऊन आला तईला बाहुली घेऊन आला आईला छान साडी आणली
/home/hp/Indain_children_spech/ASER-Dataset/audio_processed/Marathi MH/290/MR_S1_S_2.wav,English,I like to read,,i like to read,
/home/hp/Indain_children_spech/ASER-Dataset/audio_processed/Marathi MH/299/MR_S4_P_0.wav,Marathi,गीता बागेत आली तिकडे तिला मंजू भेटली दोघींनी जोरात झोका घेतला आज खूपच मजा आली,गीता बागेत आली तिकडे तिला मंजू भेटली दोघींनी जोरातच धोका घेतला आज खूपच मजा आली,गीता बागेत आली तिकडे तिला मंजू भेटली दोघींनी जोरात झोका घेतला आज खूपच मजा आली,गीता बागेत आली तिकडे तिला मंजू भेटली दोघींनी जोरातच धोका घेतला आज खूपच मजा आली
/home/hp/Indain_children_spech/ASER-Dataset/audio_processed/Marathi MH/299/MR_S4_S_0.wav,English,What is the time,,what is the time,
/home/hp/Indain_children_spech/ASER-Dataset/audio_processed/Marathi MH/299/MR_S4_S_2.wav,English,I like to sleep,,i like to sleep,
/home/hp/Indain_children_spech/ASER-Dataset/audio_processed/Marathi MH/299/MR_S4_S_3.wav,English,He has a blue shirt,,he has a blue shirt,
/home/hp/Indain_children_spech/ASER-Dataset/audio_processed/Marathi MH/299/MR_S4_S_1.wav,English,This is a small door,,this is a small door,
/home/hp/Indain_children_spech/ASER-Dataset/audio_processed/Marathi MH/349/MR_S4_P_1.wav,Marathi,आज रविवार आहे शाळेला रजा आहे सगळे मिळून खेळूया आज खेळायचा दिवस आहे,ज म गरी,आज रविवार आहे शाळेला रजा आहे सगळे मिळून खेळूया आज खेळायचा दिवस आहे,ज म गरी
/home/hp/Indain_children_spech/ASER-Dataset/audio_processed/Marathi MH/366/MR_S3_P_1.wav,Marathi,अंगणात चिमणी येते मी तिला दाणे टाकते चिमणी दाणे खाते खाऊन उडून जाते,अंगणात चिमणी येते मी तिला दाणेच टाकते चिमणी दाणे खाते खाऊन उडून जाते,अंगणात चिमणी येते मी तिला दाणे टाकते चिमणी दाणे खाते खाऊन उडून जाते,अंगणात चिमणी येते मी तिला दाणेच टाकते चिमणी दाणे खाते खाऊन उडून जाते
/home/hp/Indain_children_spech/ASER-Dataset/audio_processed/Marathi MH/366/MR_S3_S_0.wav,English,Where is your house,,where is your house,
/home/hp/Indain_children_spech/ASER-Dataset/audio_processed/Marathi MH/366/MR_S3_S_1.wav,English,This is a tall tree,,this is a tall tree,
/home/hp/Indain_children_spech/ASER-Dataset/audio_processed/Marathi MH/366/MR_S3_S_2.wav,English,I like to sing,,i like to sing,
/home/hp/Indain_children_spech/ASER-Dataset/audio_processed/Marathi MH/38/MR_S2_P_0.wav,Marathi,एकदा मी पडले सगळे मला हसले एकदा सोनल पडली मी तिला हसले,एकदा मी पडले सगळे मला हसले एकदा सोनल पडली मी तिला हसले,एकदा मी पडले सगळे मला हसले एकदा सोनल पडली मी तिला हसले,एकदा मी पडले सगळे मला हसले एकदा सोनल पडली मी तिला हसले
/home/hp/Indain_children_spech/ASER-Dataset/audio_processed/Marathi MH/420/MR_S3_S_2.wav,English,I like to sing,,i like to sing,
/home/hp/Indain_children_spech/ASER-Dataset/audio_processed/Marathi MH/420/MR_S3_S_3.wav,English,She has a red dress,,she has a red dress,
/home/hp/Indain_children_spech/ASER-Dataset/audio_processed/Marathi MH/420/MR_S3_S_1.wav,English,This is a tall tree,,this is a tall tree,
/home/hp/Indain_children_spech/ASER-Dataset/audio_processed/Marathi MH/420/MR_S3_S_0.wav,English,Where is your house,,where is your house,
/home/hp/Indain_children_spech/ASER-Dataset/audio_processed/Marathi MH/430/MR_S3_P_1.wav,Marathi,अंगणात चिमणी येते मी तिला दाणे टाकते चिमणी दाणे खाते खाऊन उडून जाते,अग्नाात चिमणी य ते मी तिला दोन दाणे टाकते चिमणी दाणे खाते खाऊन उडून जाते,अंगणात चिमणी येते मी तिला दाणे टाकते चिमणी दाणे खाते खाऊन उडून जाते,अग्नाात चिमणी य ते मी तिला दोन दाणे टाकते चिमणी दाणे खाते खाऊन उडून जाते
/home/hp/Indain_children_spech/ASER-Dataset/audio_processed/Marathi MH/436/MR_S1_P_0.wav,Marathi,आज गावाहून मामा आला मला खाऊ व फुगे घेऊन आला ताईला बाहुली घेऊन आला आईला छान साडी आणली,आ गावाकडून मामा आला मला खाऊ फुगे घेऊन आला ताईला बाऊली घेऊन आला आईला छान साडी आणली,आज गावाहून मामा आला मला खाऊ व फुगे घेऊन आला ताईला बाहुली घेऊन आला आईला छान साडी आणली,आ गावाकडून मामा आला मला खाऊ फुगे घेऊन आला ताईला बाऊली घेऊन आला आईला छान साडी आणली
/home/hp/Indain_children_spech/ASER-Dataset/audio_processed/Marathi MH/436/MR_S1_S_0.wav,English,What is the time,,what is the time,
/home/hp/Indain_children_spech/ASER-Dataset/audio_processed/Marathi MH/436/MR_S1_S_1.wav,English,This is a large house,,this is a large house,
/home/hp/Indain_children_spech/ASER-Dataset/audio_processed/Marathi MH/436/MR_S1_S_2.wav,English,I like to read,,i like to read,
/home/hp/Indain_children_spech/ASER-Dataset/audio_processed/Marathi MH/472/MR_S4_P_1.wav,Marathi,आज रविवार आहे शाळेला रजा आहे सगळे मिळून खेळूया आज खेळायचा दिवस आहे,आज हविवार आहे शाळेला रजा आहे स सगळे मिळून खेळू या आज खेळा याचा दिवस आहे,आज रविवार आहे शाळेला रजा आहे सगळे मिळून खेळूया आज खेळायचा दिवस आहे,आज हविवार आहे शाळेला रजा आहे स सगळे मिळून खेळू या आज खेळा याचा दिवस आहे
/home/hp/Indain_children_spech/ASER-Dataset/audio_processed/Marathi MH/472/MR_S4_ST_0.wav,Marathi,एक होती आजी एकदा तिला तिच्या बहिणीचे पत्र आले आजीला तिने आपल्या घरी पूजेला बोलाविले होते आजीने आपल्या सामानाचे गाठोडे बांधले निघताना तिने घराला कुलूप लावले ती प्रवासाला पायी निघाली वाटेत आजीला झरा दिसला चालून चालून थकल्याने ती झऱ्याकाठी बसली थोडे खाऊन तिने थंड पाणी प्यायले आणि ती झोपी गेली काहीं वेळाने समोरून एक टांगा आला टांग्यातील माणसाने तिला बहिणीकडे सोडले आजीने त्याचे आभार मानले आणि ती घरात गेली,एक होती आजी एकंदा तिला तिच्या होती निघताना तिने घराला कुलूप लावडले लावले ती,एक होती आजी एकदा तिला तिच्या बहिणीचे पत्र आले आजीला तिने आपल्या घरी पूजेला बोलाविले होते आजीने आपल्या सामानाचे गाठोडे बांधले निघताना तिने घराला कुलूप लावले ती प्रवासाला पायी निघाली वाटेत आजीला झरा दिसला चालून चालून थकल्याने ती झऱ्याकाठी बसली थोडे खाऊन तिने थंड पाणी प्यायले आणि ती झोपी गेली काहीं वेळाने समोरून एक टांगा आला टांग्यातील माणसाने तिला बहिणीकडे सोडले आजीने त्याचे आभार मानले आणि ती घरात गेली,एक होती आजी एकंदा तिला तिच्या होती निघताना तिने घराला कुलूप लावडले लावले ती
/home/hp/Indain_children_spech/ASER-Dataset/audio_processed/Marathi MH/473/MR_S2_P_1.wav,Marathi,पावसाळा सुरु झाला आईने नवी तुळस लावली तुळस भरभर वाढली छान दिसू लागली,पावशाला सुरू झाला आईने नवी तुपत लावली तुलस भरभर वाढली छान दिसू लागली,पावसाळा सुरु झाला आईने नवी तुळस लावली तुळस भरभर वाढली छान दिसू लागली,पावशाला सुरू झाला आईने नवी तुपत लावली तुलस भरभर वाढली छान दिसू लागली
/home/hp/Indain_children_spech/ASER-Dataset/audio_processed/Marathi MH/48/MR_S4_P_0.wav,Marathi,गीता बागेत आली तिकडे तिला मंजू भेटली दोघींनी जोरात झोका घेतला आज खूपच मजा आली,गीता बागेत आली तिकडे तिला मंजू भेटली दोघींनी जोरात झोका घेतला आज खूपच मजा आली,गीता बागेत आली तिकडे तिला मंजू भेटली दोघींनी जोरात झोका घेतला आज खूपच मजा आली,गीता बागेत आली तिकडे तिला मंजू भेटली दोघींनी जोरात झोका घेतला आज खूपच मजा आली
/home/hp/Indain_children_spech/ASER-Dataset/audio_processed/Marathi MH/48/MR_S4_S_0.wav,English,What is the time,,what is the time,
/home/hp/Indain_children_spech/ASER-Dataset/audio_processed/Marathi MH/48/MR_S4_S_1.wav,English,This is a small door,,this is a small door,
/home/hp/Indain_children_spech/ASER-Dataset/audio_processed/Marathi MH/48/MR_S4_S_2.wav,English,I like to sleep,,i like to sleep,
/home/hp/Indain_children_spech/ASER-Dataset/audio_processed/Marathi MH/48/MR_S4_S_3.wav,English,He has a blue shirt,,he has a blue shirt,
/home/hp/Indain_children_spech/ASER-Dataset/audio_processed/Marathi MH/484/MR_S4_P_1.wav,Marathi,आज रविवार आहे शाळेला रजा आहे सगळे मिळून खेळूया आज खेळायचा दिवस आहे,आज रविवार आहे शलेला रजा आहे स स सगळे मुलेन खेळूया आज खेळायचा दिवस आहे,आज रविवार आहे शाळेला रजा आहे सगळे मिळून खेळूया आज खेळायचा दिवस आहे,आज रविवार आहे शलेला रजा आहे स स सगळे मुलेन खेळूया आज खेळायचा दिवस आहे
/home/hp/Indain_children_spech/ASER-Dataset/audio_processed/Marathi MH/509/MR_S4_P_0.wav,Marathi,गीता बागेत आली तिकडे तिला मंजू भेटली दोघींनी जोरात झोका घेतला आज खूपच मजा आली,गता बा गे त आली तिकले तिला,गीता बागेत आली तिकडे तिला मंजू भेटली दोघींनी जोरात झोका घेतला आज खूपच मजा आली,गता बा गे त आली तिकले तिला
/home/hp/Indain_children_spech/ASER-Dataset/audio_processed/Marathi MH/513/MR_S1_P_0.wav,Marathi,आज गावाहून मामा आला मला खाऊ व फुगे घेऊन आला ताईला बाहुली घेऊन आला आईला छान साडी आणली,आज गावावरून मामा आले मला घाऊ व फुगे घेऊन आला ताईला बावली घेऊन आला आईला छान साडी आणली,आज गावाहून मामा आला मला खाऊ व फुगे घेऊन आला ताईला बाहुली घेऊन आला आईला छान साडी आणली,आज गावावरून मामा आले मला घाऊ व फुगे घेऊन आला ताईला बावली घेऊन आला आईला छान साडी आणली
/home/hp/Indain_children_spech/ASER-Dataset/audio_processed/Marathi MH/513/MR_S1_S_0.wav,English,What is the time,,what is the time,
/home/hp/Indain_children_spech/ASER-Dataset/audio_processed/Marathi MH/522/MR_S4_P_0.wav,Marathi,गीता बागेत आली तिकडे तिला मंजू भेटली दोघींनी जोरात झोका घेतला आज खूपच मजा आली,गीता बागत आली तिकडे तिला मंजू भेटली दोघींनी जोरात झोका खेळ घेतला आज खूप मजा आली,गीता बागेत आली तिकडे तिला मंजू भेटली दोघींनी जोरात झोका घेतला आज खूपच मजा आली,गीता बागत आली तिकडे तिला मंजू भेटली दोघींनी जोरात झोका खेळ घेतला आज खूप मजा आली
/home/hp/Indain_children_spech/ASER-Dataset/audio_processed/Marathi MH/522/MR_S4_S_0.wav,English,What is the time,,what is the time,
/home/hp/Indain_children_spech/ASER-Dataset/audio_processed/Marathi MH/522/MR_S4_S_1.wav,English,This is a small door,,this is a small door,
/home/hp/Indain_children_spech/ASER-Dataset/audio_processed/Marathi MH/522/MR_S4_S_2.wav,English,I like to sleep,,i like to sleep,
/home/hp/Indain_children_spech/ASER-Dataset/audio_processed/Marathi MH/522/MR_S4_S_3.wav,English,He has a blue shirt,,he has a blue shirt,
/home/hp/Indain_children_spech/ASER-Dataset/audio_processed/Marathi MH/530/MR_S1_P_0.wav,Marathi,आज गावाहून मामा आला मला खाऊ व फुगे घेऊन आला ताईला बाहुली घेऊन आला आईला छान साडी आणली,आज गावाहून मामा आला मला खाऊ व फुगे घेऊन आला ताईला बाहुली घेऊन आला आईला छान साडी आणली,आज गावाहून मामा आला मला खाऊ व फुगे घेऊन आला ताईला बाहुली घेऊन आला आईला छान साडी आणली,आज गावाहून मामा आला मला खाऊ व फुगे घेऊन आला ताईला बाहुली घेऊन आला आईला छान साडी आणली
/home/hp/Indain_children_spech/ASER-Dataset/audio_processed/Marathi MH/530/MR_S1_S_0.wav,English,What is the time,,what is the time,
/home/hp/Indain_children_spech/ASER-Dataset/audio_processed/Marathi MH/530/MR_S1_S_1.wav,English,This is a large house,,this is a large house,
/home/hp/Indain_children_spech/ASER-Dataset/audio_processed/Marathi MH/530/MR_S1_S_2.wav,English,I like to read,,i like to read,
/home/hp/Indain_children_spech/ASER-Dataset/audio_processed/Marathi MH/566/MR_S3_P_0.wav,Marathi,फुगेवाला आला लाल निळे फुगे आणले मुलांनी फुगे घेतले हातातून ते सुटून गेले,फुगेवाला आला लाल निले फुगे आणले मुलांना मुलांना फुगे घेतले हातात हातातो ते सुटून दिेले,फुगेवाला आला लाल निळे फुगे आणले मुलांनी फुगे घेतले हातातून ते सुटून गेले,फुगेवाला आला लाल निले फुगे आणले मुलांना मुलांना फुगे घेतले हातात हातातो ते सुटून दिेले
/home/hp/Indain_children_spech/ASER-Dataset/audio_processed/Marathi MH/570/MR_S2_P_1.wav,Marathi,पावसाळा सुरु झाला आईने नवी तुळस लावली तुळस भरभर वाढली छान दिसू लागली,पावसाळा सुरू झाला आईने नवी तुळस नवी तळ तुळस लावली लावली तुळस भरभर वाढली छान दिसू लागली,पावसाळा सुरु झाला आईने नवी तुळस लावली तुळस भरभर वाढली छान दिसू लागली,पावसाळा सुरू झाला आईने नवी तुळस नवी तळ तुळस लावली लावली तुळस भरभर वाढली छान दिसू लागली
/home/hp/Indain_children_spech/ASER-Dataset/audio_processed/Marathi MH/570/MR_S2_S_2.wav,English,I like to play,,i like to play,
/home/hp/Indain_children_spech/ASER-Dataset/audio_processed/Marathi MH/573/MR_S2_P_1.wav,Marathi,पावसाळा सुरु झाला आईने नवी तुळस लावली तुळस भरभर वाढली छान दिसू लागली,पावसाळा सुरू झाला आने नवी तुळस लावली तुळस बरोब बरोबर वाढली छान दिसरू लागली,पावसाळा सुरु झाला आईने नवी तुळस लावली तुळस भरभर वाढली छान दिसू लागली,पावसाळा सुरू झाला आने नवी तुळस लावली तुळस बरोब बरोबर वाढली छान दिसरू लागली
/home/hp/Indain_children_spech/ASER-Dataset/audio_processed/Marathi MH/587/MR_S1_P_0.wav,Marathi,आज गावाहून मामा आला मला खाऊ व फुगे घेऊन आला ताईला बाहुली घेऊन आला आईला छान साडी आणली,आज गाव गावाहून मामा आल आला मला खाऊ व फुले फुगे घेऊन आला ताईला बाहुली घेऊन आला आईला छान साडी घे आणली,आज गावाहून मामा आला मला खाऊ व फुगे घेऊन आला ताईला बाहुली घेऊन आला आईला छान साडी आणली,आज गाव गावाहून मामा आल आला मला खाऊ व फुले फुगे घेऊन आला ताईला बाहुली घेऊन आला आईला छान साडी घे आणली
/home/hp/Indain_children_spech/ASER-Dataset/audio_processed/Marathi MH/587/MR_S1_S_0.wav,English,What is the time,,what is the time,
/home/hp/Indain_children_spech/ASER-Dataset/audio_processed/Marathi MH/587/MR_S1_S_2.wav,English,I like to read,,i like to read,
/home/hp/Indain_children_spech/ASER-Dataset/audio_processed/Marathi MH/588/MR_S4_P_0.wav,Marathi,गीता बागेत आली तिकडे तिला मंजू भेटली दोघींनी जोरात झोका घेतला आज खूपच मजा आली,गीता बागेत आली तिकडे तिला मंजू भेटली दोघींनी जोरात झोका घेतला आज मजा आली,गीता बागेत आली तिकडे तिला मंजू भेटली दोघींनी जोरात झोका घेतला आज खूपच मजा आली,गीता बागेत आली तिकडे तिला मंजू भेटली दोघींनी जोरात झोका घेतला आज मजा आली
/home/hp/Indain_children_spech/ASER-Dataset/audio_processed/Marathi MH/588/MR_S4_S_1.wav,English,This is a small door,,this is a small door,
/home/hp/Indain_children_spech/ASER-Dataset/audio_processed/Marathi MH/591/MR_S1_P_0.wav,Marathi,आज गावाहून मामा आला मला खाऊ व फुगे घेऊन आला ताईला बाहुली घेऊन आला आईला छान साडी आणली,आज गावाहून मामा आले मला खाऊ व फुगे घेऊन आला ताईला ताईला बाहुली घेऊन आला आईला छान साडी आणली,आज गावाहून मामा आला मला खाऊ व फुगे घेऊन आला ताईला बाहुली घेऊन आला आईला छान साडी आणली,आज गावाहून मामा आले मला खाऊ व फुगे घेऊन आला ताईला ताईला बाहुली घेऊन आला आईला छान साडी आणली
/home/hp/Indain_children_spech/ASER-Dataset/audio_processed/Marathi MH/591/MR_S1_S_0.wav,English,What is the time,,what is the time,
/home/hp/Indain_children_spech/ASER-Dataset/audio_processed/Marathi MH/591/MR_S1_S_1.wav,English,This is a large house,,this is a large house,
/home/hp/Indain_children_spech/ASER-Dataset/audio_processed/Marathi MH/591/MR_S1_S_2.wav,English,I like to read,,i like to read,
/home/hp/Indain_children_spech/ASER-Dataset/audio_processed/Marathi MH/591/MR_S1_S_3.wav,English,She has many books,,she has many books,
/home/hp/Indain_children_spech/ASER-Dataset/audio_processed/Marathi MH/60/MR_S1_P_1.wav,Marathi,आज रविवार आहे शाळेला रजा आहे तरी आज सकाळी मला लवकर जाग आली,आजरेवर आहे शाळे शाळेला आ रजा आहे तरी आज सकाळी मला लवकर जाग आली,आज रविवार आहे शाळेला रजा आहे तरी आज सकाळी मला लवकर जाग आली,आजरेवर आहे शाळे शाळेला आ रजा आहे तरी आज सकाळी मला लवकर जाग आली
/home/hp/Indain_children_spech/ASER-Dataset/audio_processed/Marathi MH/60/MR_S1_S_1.wav,English,This is a large house,,this is a large house,
/home/hp/Indain_children_spech/ASER-Dataset/audio_processed/Marathi MH/60/MR_S1_S_2.wav,English,I like to read,,i like to read,
/home/hp/Indain_children_spech/ASER-Dataset/audio_processed/Marathi MH/60/MR_S1_S_3.wav,English,She has many books,,she has many books,
/home/hp/Indain_children_spech/ASER-Dataset/audio_processed/Marathi MH/602/MR_S1_S_0.wav,English,What is the time,,what is the time,
/home/hp/Indain_children_spech/ASER-Dataset/audio_processed/Marathi MH/602/MR_S1_S_1.wav,English,This is a large house,,this is a large house,
/home/hp/Indain_children_spech/ASER-Dataset/audio_processed/Marathi MH/602/MR_S1_S_2.wav,English,I like to read,,i like to read,
/home/hp/Indain_children_spech/ASER-Dataset/audio_processed/Marathi MH/608/MR_S2_P_1.wav,Marathi,पावसाळा सुरु झाला आईने नवी तुळस लावली तुळस भरभर वाढली छान दिसू लागली,पावसाळा सुभू झाला आणि आणि आईने नवी तुळस आ नली तू तुळस भर,पावसाळा सुरु झाला आईने नवी तुळस लावली तुळस भरभर वाढली छान दिसू लागली,पावसाळा सुभू झाला आणि आणि आईने नवी तुळस आ नली तू तुळस भर
/home/hp/Indain_children_spech/ASER-Dataset/audio_processed/Marathi MH/619/MR_S1_P_1.wav,Marathi,आज रविवार आहे शाळेला रजा आहे तरी आज सकाळी मला लवकर जाग आली,आज रविवार आहे शाळेत रजा आहे तरी आज सकाळी मला लवकर जा जाग आली,आज रविवार आहे शाळेला रजा आहे तरी आज सकाळी मला लवकर जाग आली,आज रविवार आहे शाळेत रजा आहे तरी आज सकाळी मला लवकर जा जाग आली
/home/hp/Indain_children_spech/ASER-Dataset/audio_processed/Marathi MH/626/MR_S2_P_0.wav,Marathi,एकदा मी पडले सगळे मला हसले एकदा सोनल पडली मी तिला हसले,एकदा मी पडले सगळे मला हस हसले एकदा सोन सोनल पडली मी तिला हसले,एकदा मी पडले सगळे मला हसले एकदा सोनल पडली मी तिला हसले,एकदा मी पडले सगळे मला हस हसले एकदा सोन सोनल पडली मी तिला हसले
/home/hp/Indain_children_spech/ASER-Dataset/audio_processed/Marathi MH/626/MR_S2_S_0.wav,English,Where is your house,,where is your house,
/home/hp/Indain_children_spech/ASER-Dataset/audio_processed/Marathi MH/626/MR_S2_S_1.wav,English,This is a long road,,this is a long road,
/home/hp/Indain_children_spech/ASER-Dataset/audio_processed/Marathi MH/626/MR_S2_S_2.wav,English,I like to play,,i like to play,
/home/hp/Indain_children_spech/ASER-Dataset/audio_processed/Marathi MH/626/MR_S2_S_3.wav,English,She has a green kite,,she has a green kite,
/home/hp/Indain_children_spech/ASER-Dataset/audio_processed/Marathi MH/644/MR_S3_P_0.wav,Marathi,फुगेवाला आला लाल निळे फुगे आणले मुलांनी फुगे घेतले हातातून ते सुटून गेले,गेवाला लाल निळे फुगे आणले मुलांनी फुगे घेतले हातातून ते सुटून गेले,फुगेवाला आला लाल निळे फुगे आणले मुलांनी फुगे घेतले हातातून ते सुटून गेले,गेवाला लाल निळे फुगे आणले मुलांनी फुगे घेतले हातातून ते सुटून गेले
/home/hp/Indain_children_spech/ASER-Dataset/audio_processed/Marathi MH/647/MR_S1_P_1.wav,Marathi,आज रविवार आहे शाळेला रजा आहे तरी आज सकाळी मला लवकर जाग आली,आज रविवार आहे शाळेला रा रजा आहे तरी आज सकाळी मला लवकर जाग आली,आज रविवार आहे शाळेला रजा आहे तरी आज सकाळी मला लवकर जाग आली,आज रविवार आहे शाळेला रा रजा आहे तरी आज सकाळी मला लवकर जाग आली
/home/hp/Indain_children_spech/ASER-Dataset/audio_processed/Marathi MH/647/MR_S1_S_0.wav,English,What is the time,,what is the time,
/home/hp/Indain_children_spech/ASER-Dataset/audio_processed/Marathi MH/647/MR_S1_S_1.wav,English,This is a large house,,this is a large house,
/home/hp/Indain_children_spech/ASER-Dataset/audio_processed/Marathi MH/647/MR_S1_S_2.wav,English,I like to read,,i like to read,
/home/hp/Indain_children_spech/ASER-Dataset/audio_processed/Marathi MH/648/MR_S1_P_0.wav,Marathi,आज गावाहून मामा आला मला खाऊ व फुगे घेऊन आला ताईला बाहुली घेऊन आला आईला छान साडी आणली,आज जाऊन मामा आला मला खाऊ व फुगे घेऊन आला ताईला बाउली घेऊन आला आईला छान साडी आणली,आज गावाहून मामा आला मला खाऊ व फुगे घेऊन आला ताईला बाहुली घेऊन आला आईला छान साडी आणली,आज जाऊन मामा आला मला खाऊ व फुगे घेऊन आला ताईला बाउली घेऊन आला आईला छान साडी आणली
/home/hp/Indain_children_spech/ASER-Dataset/audio_processed/Marathi MH/648/MR_S1_S_0.wav,English,What is the time,,what is the time,
/home/hp/Indain_children_spech/ASER-Dataset/audio_processed/Marathi MH/648/MR_S1_S_1.wav,English,This is a large house,,this is a large house,
/home/hp/Indain_children_spech/ASER-Dataset/audio_processed/Marathi MH/648/MR_S1_S_2.wav,English,I like to read,,i like to read,
/home/hp/Indain_children_spech/ASER-Dataset/audio_processed/Marathi MH/648/MR_S1_S_3.wav,English,She has many books,,she has many books,
/home/hp/Indain_children_spech/ASER-Dataset/audio_processed/Marathi MH/652/MR_S1_P_1.wav,Marathi,आज रविवार आहे शाळेला रजा आहे तरी आज सकाळी मला लवकर जाग आली,आज रविवार आहे शालेला रजा आहे तरी आज सकाळी मला लव कर जाग आई,आज रविवार आहे शाळेला रजा आहे तरी आज सकाळी मला लवकर जाग आली,आज रविवार आहे शालेला रजा आहे तरी आज सकाळी मला लव कर जाग आई
/home/hp/Indain_children_spech/ASER-Dataset/audio_processed/Marathi MH/669/MR_S4_P_1.wav,Marathi,आज रविवार आहे शाळेला रजा आहे सगळे मिळून खेळूया आज खेळायचा दिवस आहे,आज रविवार आहे श श लळा लोळा लोळा,आज रविवार आहे शाळेला रजा आहे सगळे मिळून खेळूया आज खेळायचा दिवस आहे,आज रविवार आहे श श लळा लोळा लोळा
/home/hp/Indain_children_spech/ASER-Dataset/audio_processed/Marathi MH/673/MR_S1_P_0.wav,Marathi,आज गावाहून मामा आला मला खाऊ व फुगे घेऊन आला ताईला बाहुली घेऊन आला आईला छान साडी आणली,आज गावात गावातहून माझा मामा आला मला खा खाऊ व फुगे घेऊन आला ताईला बाहुली घेऊन आला आईला छान साडी आणली,आज गावाहून मामा आला मला खाऊ व फुगे घेऊन आला ताईला बाहुली घेऊन आला आईला छान साडी आणली,आज गावात गावातहून माझा मामा आला मला खा खाऊ व फुगे घेऊन आला ताईला बाहुली घेऊन आला आईला छान साडी आणली
/home/hp/Indain_children_spech/ASER-Dataset/audio_processed/Marathi MH/674/MR_S1_P_0.wav,Marathi,आज गावाहून मामा आला मला खाऊ व फुगे घेऊन आला ताईला बाहुली घेऊन आला आईला छान साडी आणली,ठ आज गावाहून गावाहून मामा आला मला खाऊ व फुगे येऊन आला ताईला बावली घेऊन आला आईला छान साडी आणली,आज गावाहून मामा आला मला खाऊ व फुगे घेऊन आला ताईला बाहुली घेऊन आला आईला छान साडी आणली,ठ आज गावाहून गावाहून मामा आला मला खाऊ व फुगे येऊन आला ताईला बावली घेऊन आला आईला छान साडी आणली
/home/hp/Indain_children_spech/ASER-Dataset/audio_processed/Marathi MH/69/MR_S2_P_0.wav,Marathi,एकदा मी पडले सगळे मला हसले एकदा सोनल पडली मी तिला हसले,एकदा मी पडलो सगळे मला हसले एकदा सोनाली पडली मी तिला हसलो,एकदा मी पडले सगळे मला हसले एकदा सोनल पडली मी तिला हसले,एकदा मी पडलो सगळे मला हसले एकदा सोनाली पडली मी तिला हसलो
/home/hp/Indain_children_spech/ASER-Dataset/audio_processed/Marathi MH/690/MR_S1_P_1.wav,Marathi,आज रविवार आहे शाळेला रजा आहे तरी आज सकाळी मला लवकर जाग आली,आहे शा शाळेला रजा आहे तरी आज सकाळी मला लवकर जागा आली,आज रविवार आहे शाळेला रजा आहे तरी आज सकाळी मला लवकर जाग आली,आहे शा शाळेला रजा आहे तरी आज सकाळी मला लवकर जागा आली
/home/hp/Indain_children_spech/ASER-Dataset/audio_processed/Marathi MH/694/MR_S1_P_1.wav,Marathi,आज रविवार आहे शाळेला रजा आहे तरी आज सकाळी मला लवकर जाग आली,आज ग आज रविवार आय आहे शाळेला र र रजा रजा आहे तरी या सकाळी मा मला लवकर जाग जाग आली,आज रविवार आहे शाळेला रजा आहे तरी आज सकाळी मला लवकर जाग आली,आज ग आज रविवार आय आहे शाळेला र र रजा रजा आहे तरी या सकाळी मा मला लवकर जाग जाग आली
/home/hp/Indain_children_spech/ASER-Dataset/audio_processed/Marathi MH/7/MR_S1_P_0.wav,Marathi,आज गावाहून मामा आला मला खाऊ व फुगे घेऊन आला ताईला बाहुली घेऊन आला आईला छान साडी आणली,आज गाहून मामा आला मला खाऊ व फुगे घेऊन आला ताईला बावली घेऊन आला आईला छान साडी आणली,आज गावाहून मामा आला मला खाऊ व फुगे घेऊन आला ताईला बाहुली घेऊन आला आईला छान साडी आणली,आज गाहून मामा आला मला खाऊ व फुगे घेऊन आला ताईला बावली घेऊन आला आईला छान साडी आणली
/home/hp/Indain_children_spech/ASER-Dataset/audio_processed/Marathi MH/7/MR_S1_S_0.wav,English,What is the time,,what is the time,
/home/hp/Indain_children_spech/ASER-Dataset/audio_processed/Marathi MH/7/MR_S1_S_2.wav,English,I like to read,,i like to read,
/home/hp/Indain_children_spech/ASER-Dataset/audio_processed/Marathi MH/7/MR_S1_S_3.wav,English,She has many books,,she has many books,
/home/hp/Indain_children_spech/ASER-Dataset/audio_processed/Marathi MH/7/MR_S1_S_1.wav,English,This is a large house,,this is a large house,
/home/hp/Indain_children_spech/ASER-Dataset/audio_processed/Marathi MH/701/MR_S3_P_1.wav,Marathi,अंगणात चिमणी येते मी तिला दाणे टाकते चिमणी दाणे खाते खाऊन उडून जाते,अंगनाात चिमणी येते मी तिला दाणे टाक टाकते चिमणी दाणे खाते खाऊन ओडून जाते,अंगणात चिमणी येते मी तिला दाणे टाकते चिमणी दाणे खाते खाऊन उडून जाते,अंगनाात चिमणी येते मी तिला दाणे टाक टाकते चिमणी दाणे खाते खाऊन ओडून जाते
/home/hp/Indain_children_spech/ASER-Dataset/audio_processed/Marathi MH/701/MR_S3_S_0.wav,English,Where is your house,,where is your house,
/home/hp/Indain_children_spech/ASER-Dataset/audio_processed/Marathi MH/701/MR_S3_S_1.wav,English,This is a tall tree,,this is a tall tree,
/home/hp/Indain_children_spech/ASER-Dataset/audio_processed/Marathi MH/701/MR_S3_S_2.wav,English,I like to sing,,i like to sing,
/home/hp/Indain_children_spech/ASER-Dataset/audio_processed/Marathi MH/701/MR_S3_S_3.wav,English,She has a red dress,,she has a red dress,
/home/hp/Indain_children_spech/ASER-Dataset/audio_processed/Marathi MH/710/MR_S2_P_1.wav,Marathi,पावसाळा सुरु झाला आईने नवी तुळस लावली तुळस भरभर वाढली छान दिसू लागली,पावसाळा सुरु झाला आईने नवी तुळस लावली तुळस भरभर वाढली छान दिसू लागली,पावसाळा सुरु झाला आईने नवी तुळस लावली तुळस भरभर वाढली छान दिसू लागली,पावसाळा सुरु झाला आईने नवी तुळस लावली तुळस भरभर वाढली छान दिसू लागली
/home/hp/Indain_children_spech/ASER-Dataset/audio_processed/Marathi MH/710/MR_S2_S_0.wav,English,Where is your house,,where is your house,
/home/hp/Indain_children_spech/ASER-Dataset/audio_processed/Marathi MH/710/MR_S2_S_1.wav,English,This is a long road,,this is a long road,
/home/hp/Indain_children_spech/ASER-Dataset/audio_processed/Marathi MH/710/MR_S2_S_2.wav,English,I like to play,,i like to play,
/home/hp/Indain_children_spech/ASER-Dataset/audio_processed/Marathi MH/710/MR_S2_S_3.wav,English,She has a green kite,,she has a green kite,
/home/hp/Indain_children_spech/ASER-Dataset/audio_processed/Marathi MH/72/MR_S2_P_0.wav,Marathi,एकदा मी पडले सगळे मला हसले एकदा सोनल पडली मी तिला हसले,एकदा मी प पडले सगळे मला हस हसले एकदा सोनल पडली मी तिला हसले हसले,एकदा मी पडले सगळे मला हसले एकदा सोनल पडली मी तिला हसले,एकदा मी प पडले सगळे मला हस हसले एकदा सोनल पडली मी तिला हसले हसले
/home/hp/Indain_children_spech/ASER-Dataset/audio_processed/Marathi MH/72/MR_S2_S_0.wav,English,Where is your house,,where is your house,
/home/hp/Indain_children_spech/ASER-Dataset/audio_processed/Marathi MH/72/MR_S2_S_1.wav,English,This is a long road,,this is a long road,
/home/hp/Indain_children_spech/ASER-Dataset/audio_processed/Marathi MH/72/MR_S2_S_2.wav,English,I like to play,,i like to play,
/home/hp/Indain_children_spech/ASER-Dataset/audio_processed/Marathi MH/72/MR_S2_S_3.wav,English,She has a green kite,,she has a green kite,
/home/hp/Indain_children_spech/ASER-Dataset/audio_processed/Marathi MH/722/MR_S4_P_0.wav,Marathi,गीता बागेत आली तिकडे तिला मंजू भेटली दोघींनी जोरात झोका घेतला आज खूपच मजा आली,आणि तिला मंजू भेटली दोघीनी जोरात झोका घेतला आज प खूपच मजा आली,गीता बागेत आली तिकडे तिला मंजू भेटली दोघींनी जोरात झोका घेतला आज खूपच मजा आली,आणि तिला मंजू भेटली दोघीनी जोरात झोका घेतला आज प खूपच मजा आली
/home/hp/Indain_children_spech/ASER-Dataset/audio_processed/Marathi MH/737/MR_S1_P_1.wav,Marathi,आज रविवार आहे शाळेला रजा आहे तरी आज सकाळी मला लवकर जाग आली,काय वा वाच क मी आज रवि रविवार आहे शाळे श शाळेला र रजा आहे तरी आज सकाळी मला लवकर जाग आली,आज रविवार आहे शाळेला रजा आहे तरी आज सकाळी मला लवकर जाग आली,काय वा वाच क मी आज रवि रविवार आहे शाळे श शाळेला र रजा आहे तरी आज सकाळी मला लवकर जाग आली
/home/hp/Indain_children_spech/ASER-Dataset/audio_processed/Marathi MH/739/MR_S4_P_0.wav,Marathi,गीता बागेत आली तिकडे तिला मंजू भेटली दोघींनी जोरात झोका घेतला आज खूपच मजा आली,गीता बागेत आली तिच्याकडे तिला मंजुणेे वेट दोघांनाही जोरात झोका घेतला आस खूप मजा आली,गीता बागेत आली तिकडे तिला मंजू भेटली दोघींनी जोरात झोका घेतला आज खूपच मजा आली,गीता बागेत आली तिच्याकडे तिला मंजुणेे वेट दोघांनाही जोरात झोका घेतला आस खूप मजा आली
/home/hp/Indain_children_spech/ASER-Dataset/audio_processed/Marathi MH/739/MR_S4_S_0.wav,English,What is the time,,what is the time,
/home/hp/Indain_children_spech/ASER-Dataset/audio_processed/Marathi MH/739/MR_S4_S_1.wav,English,This is a small door,,this is a small door,
/home/hp/Indain_children_spech/ASER-Dataset/audio_processed/Marathi MH/739/MR_S4_S_2.wav,English,I like to sleep,,i like to sleep,
/home/hp/Indain_children_spech/ASER-Dataset/audio_processed/Marathi MH/739/MR_S4_S_3.wav,English,He has a blue shirt,,he has a blue shirt,
/home/hp/Indain_children_spech/ASER-Dataset/audio_processed/Marathi MH/748/MR_S1_P_1.wav,Marathi,आज रविवार आहे शाळेला रजा आहे तरी आज सकाळी मला लवकर जाग आली,रविवार आहेत शाळेला रज रजा आहे तरी आज सकाळी मला लव वकर जाग आली,आज रविवार आहे शाळेला रजा आहे तरी आज सकाळी मला लवकर जाग आली,रविवार आहेत शाळेला रज रजा आहे तरी आज सकाळी मला लव वकर जाग आली
/home/hp/Indain_children_spech/ASER-Dataset/audio_processed/Marathi MH/751/MR_S2_P_1.wav,Marathi,पावसाळा सुरु झाला आईने नवी तुळस लावली तुळस भरभर वाढली छान दिसू लागली,ठ पावसाळा सुरू झाला आईने नवी नवी तुळस लावली तुळस भरभर वाढली छान दिवस दिसू लागली,पावसाळा सुरु झाला आईने नवी तुळस लावली तुळस भरभर वाढली छान दिसू लागली,ठ पावसाळा सुरू झाला आईने नवी नवी तुळस लावली तुळस भरभर वाढली छान दिवस दिसू लागली
/home/hp/Indain_children_spech/ASER-Dataset/audio_processed/Marathi MH/758/MR_S4_P_1.wav,Marathi,आज रविवार आहे शाळेला रजा आहे सगळे मिळून खेळूया आज खेळायचा दिवस आहे,आज रविवार आहे शाळेला रजा आहे सगळे मिळून खेळूया आज खेळायचा दिवस आहे,आज रविवार आहे शाळेला रजा आहे सगळे मिळून खेळूया आज खेळायचा दिवस आहे,आज रविवार आहे शाळेला रजा आहे सगळे मिळून खेळूया आज खेळायचा दिवस आहे
/home/hp/Indain_children_spech/ASER-Dataset/audio_processed/Marathi MH/765/MR_S1_P_1.wav,Marathi,आज रविवार आहे शाळेला रजा आहे तरी आज सकाळी मला लवकर जाग आली,आज रविवार आहे शाळेला राजा आहे तरी आज राजा आहे तरी आज सकाळी मला लवकर जाग आली,आज रविवार आहे शाळेला रजा आहे तरी आज सकाळी मला लवकर जाग आली,आज रविवार आहे शाळेला राजा आहे तरी आज राजा आहे तरी आज सकाळी मला लवकर जाग आली
/home/hp/Indain_children_spech/ASER-Dataset/audio_processed/Marathi MH/765/MR_S1_S_0.wav,English,What is the time,,what is the time,
/home/hp/Indain_children_spech/ASER-Dataset/audio_processed/Marathi MH/765/MR_S1_S_1.wav,English,This is a large house,,this is a large house,
/home/hp/Indain_children_spech/ASER-Dataset/audio_processed/Marathi MH/765/MR_S1_S_2.wav,English,I like to read,,i like to read,
/home/hp/Indain_children_spech/ASER-Dataset/audio_processed/Marathi MH/774/MR_S3_P_0.wav,Marathi,फुगेवाला आला लाल निळे फुगे आणले मुलांनी फुगे घेतले हातातून ते सुटून गेले,फगे फुगेवाला आला लाल नले फुगे आणले मुलांनी फुगे घेतले हातातून ते सुटून गेले,फुगेवाला आला लाल निळे फुगे आणले मुलांनी फुगे घेतले हातातून ते सुटून गेले,फगे फुगेवाला आला लाल नले फुगे आणले मुलांनी फुगे घेतले हातातून ते सुटून गेले
/home/hp/Indain_children_spech/ASER-Dataset/audio_processed/Marathi MH/781/MR_S3_P_0.wav,Marathi,फुगेवाला आला लाल निळे फुगे आणले मुलांनी फुगे घेतले हातातून ते सुटून गेले,फुगेवाला आला लाल नह फुगे आणले मुलांनी फुगे घेतले हातातून ते सुटून गेले,फुगेवाला आला लाल निळे फुगे आणले मुलांनी फुगे घेतले हातातून ते सुटून गेले,फुगेवाला आला लाल नह फुगे आणले मुलांनी फुगे घेतले हातातून ते सुटून गेले
/home/hp/Indain_children_spech/ASER-Dataset/audio_processed/Marathi MH/781/MR_S3_ST_0.wav,Marathi,मीना शाळेतून घरी आली ती घरात एकटीच होती तिला करमत नव्हते मग मीनाने वाढदिवशी बाबांनी दिलेली बाहुली कपाटातून काढली ती बाहुली घेऊन खेळायला लागली थोड्या वेळाने राधा आली तिने खाऊ आणला होता मीनाने वाढदिवशी मिळालेली बाहुली राधाला दाखविली राधाला बाहुली खूपच आवडलीमीनाने राधाला बाहुली देऊन टाकली राधाने मीनाला खाऊ दिला दोघी खूपच खूष झाल्या त्यांनी एकमेकींना टाळ्या दिल्या टाळ्या देता देता हसू लागल्या,मीना शाळेतून घरी आली ती घरात एकटीच होती तिला करमत नव्हते मग मीनाने वाढदिवसाची बाबांनी दिलेली बाुली कपाटातून काढली ती बाहुली घेऊन खेळायला लागली थोड्या वेळाने राधा आली तिने खाऊ आणला होता मीनाने वाढदिवशी मिळालेली बाहुली राधाला दखवली राधाला बाहुली खूपच आवडली मीनाने राधाला बाहुली देऊन टाकली राधाने मीनाला खाऊ दिली दोघी खूपच खुश झाल्या त्यांनी एकमेकींना टाळ्या घे टाळ्या दिल्या टाळ्या देता देता हसू लागल्यारी,मीना शाळेतून घरी आली ती घरात एकटीच होती तिला करमत नव्हते मग मीनाने वाढदिवशी बाबांनी दिलेली बाहुली कपाटातून काढली ती बाहुली घेऊन खेळायला लागली थोड्या वेळाने राधा आली तिने खाऊ आणला होता मीनाने वाढदिवशी मिळालेली बाहुली राधाला दाखविली राधाला बाहुली खूपच आवडलीमीनाने राधाला बाहुली देऊन टाकली राधाने मीनाला खाऊ दिला दोघी खूपच खूष झाल्या त्यांनी एकमेकींना टाळ्या दिल्या टाळ्या देता देता हसू लागल्या,मीना शाळेतून घरी आली ती घरात एकटीच होती तिला करमत नव्हते मग मीनाने वाढदिवसाची बाबांनी दिलेली बाुली कपाटातून काढली ती बाहुली घेऊन खेळायला लागली थोड्या वेळाने राधा आली तिने खाऊ आणला होता मीनाने वाढदिवशी मिळालेली बाहुली राधाला दखवली राधाला बाहुली खूपच आवडली मीनाने राधाला बाहुली देऊन टाकली राधाने मीनाला खाऊ दिली दोघी खूपच खुश झाल्या त्यांनी एकमेकींना टाळ्या घे टाळ्या दिल्या टाळ्या देता देता हसू लागल्यारी
/home/hp/Indain_children_spech/ASER-Dataset/audio_processed/Marathi MH/781/MR_S3_S_0.wav,English,Where is your house,,where is your house,
/home/hp/Indain_children_spech/ASER-Dataset/audio_processed/Marathi MH/781/MR_S3_S_1.wav,English,This is a tall tree,,this is a tall tree,
/home/hp/Indain_children_spech/ASER-Dataset/audio_processed/Marathi MH/781/MR_S3_S_2.wav,English,I like to sing,,i like to sing,
/home/hp/Indain_children_spech/ASER-Dataset/audio_processed/Marathi MH/781/MR_S3_S_3.wav,English,She has a red dress,,she has a red dress,
/home/hp/Indain_children_spech/ASER-Dataset/audio_processed/Marathi MH/805/MR_S1_P_0.wav,Marathi,आज गावाहून मामा आला मला खाऊ व फुगे घेऊन आला ताईला बाहुली घेऊन आला आईला छान साडी आणली,आज गाव गावावर गावाहून मामा आला मला खाऊ व फुगे घेऊन आला ताईला बावली घेऊन आला आईला छान साडी आणली,आज गावाहून मामा आला मला खाऊ व फुगे घेऊन आला ताईला बाहुली घेऊन आला आईला छान साडी आणली,आज गाव गावावर गावाहून मामा आला मला खाऊ व फुगे घेऊन आला ताईला बावली घेऊन आला आईला छान साडी आणली
/home/hp/Indain_children_spech/ASER-Dataset/audio_processed/Marathi MH/805/MR_S1_S_0.wav,English,What is the time,,what is the time,
/home/hp/Indain_children_spech/ASER-Dataset/audio_processed/Marathi MH/805/MR_S1_S_2.wav,English,I like to read,,i like to read,
/home/hp/Indain_children_spech/ASER-Dataset/audio_processed/Marathi MH/807/MR_S2_P_0.wav,Marathi,एकदा मी पडले सगळे मला हसले एकदा सोनल पडली मी तिला हसले,एकदा मी पडलो सगळ्या मला हसले एकदा सोन पडली मी तिला हसलो,एकदा मी पडले सगळे मला हसले एकदा सोनल पडली मी तिला हसले,एकदा मी पडलो सगळ्या मला हसले एकदा सोन पडली मी तिला हसलो
/home/hp/Indain_children_spech/ASER-Dataset/audio_processed/Marathi MH/807/MR_S2_ST_0.wav,Marathi,एका गावात एक आजीबाई राहत होती आजीचे घर छोटे होते घरासमोर मोठी फुलबाग होती बागेत गुलाब जाईजुई अबोली झेंडूची फुलझाडे होती मोठीमोठी आंब्याची फणसाची झाडे होती झाडांवर पक्ष्यांची घरटी होती हिरवेकोवळे गवत होते आजीची बाग सुंदर होती संध्याकाळ होताच गावातील मुले बागेमध्ये खेळायला येत असत ती भरपूर मजा करत मुलांना खेळताना बघून आजीला आनंद होई आजीबाई संध्याकाळी मुलांना गोष्टी सांगत असे त्यामुळे मुलांनादेखील आजीबाई खूप आवडे,,एका गावात एक आजीबाई राहत होती आजीचे घर छोटे होते घरासमोर मोठी फुलबाग होती बागेत गुलाब जाईजुई अबोली झेंडूची फुलझाडे होती मोठीमोठी आंब्याची फणसाची झाडे होती झाडांवर पक्ष्यांची घरटी होती हिरवेकोवळे गवत होते आजीची बाग सुंदर होती संध्याकाळ होताच गावातील मुले बागेमध्ये खेळायला येत असत ती भरपूर मजा करत मुलांना खेळताना बघून आजीला आनंद होई आजीबाई संध्याकाळी मुलांना गोष्टी सांगत असे त्यामुळे मुलांनादेखील आजीबाई खूप आवडे,
/home/hp/Indain_children_spech/ASER-Dataset/audio_processed/Marathi MH/807/MR_S2_S_0.wav,English,Where is your house,,where is your house,
/home/hp/Indain_children_spech/ASER-Dataset/audio_processed/Marathi MH/807/MR_S2_S_1.wav,English,This is a long road,,this is a long road,
/home/hp/Indain_children_spech/ASER-Dataset/audio_processed/Marathi MH/807/MR_S2_S_2.wav,English,I like to play,,i like to play,
/home/hp/Indain_children_spech/ASER-Dataset/audio_processed/Marathi MH/807/MR_S2_S_3.wav,English,She has a green kite,,she has a green kite,
/home/hp/Indain_children_spech/ASER-Dataset/audio_processed/Marathi MH/812/MR_S1_P_0.wav,Marathi,आज गावाहून मामा आला मला खाऊ व फुगे घेऊन आला ताईला बाहुली घेऊन आला आईला छान साडी आणली,आज गावावर आजा गावाहून मामा आला मला खाऊ व व फगे फुगे घेऊन आला ताई ताईला बा बाउली घेऊन आला आईला छान साडी आणली,आज गावाहून मामा आला मला खाऊ व फुगे घेऊन आला ताईला बाहुली घेऊन आला आईला छान साडी आणली,आज गावावर आजा गावाहून मामा आला मला खाऊ व व फगे फुगे घेऊन आला ताई ताईला बा बाउली घेऊन आला आईला छान साडी आणली
/home/hp/Indain_children_spech/ASER-Dataset/audio_processed/Marathi MH/837/MR_S4_P_1.wav,Marathi,आज रविवार आहे शाळेला रजा आहे सगळे मिळून खेळूया आज खेळायचा दिवस आहे,आहे रविवारी आहे आज रविवारी आहे शाळा शाळेला र जा आहे सगळे मिळून खेळू आज खेळायचा दिवस आहे,आज रविवार आहे शाळेला रजा आहे सगळे मिळून खेळूया आज खेळायचा दिवस आहे,आहे रविवारी आहे आज रविवारी आहे शाळा शाळेला र जा आहे सगळे मिळून खेळू आज खेळायचा दिवस आहे
/home/hp/Indain_children_spech/ASER-Dataset/audio_processed/Marathi MH/857/MR_S1_P_1.wav,Marathi,आज रविवार आहे शाळेला रजा आहे तरी आज सकाळी मला लवकर जाग आली,आज रविवार आहे शाळेला रजा आहे तरी आज मला आज आज आज सकाळी मला लवकर जाग आली,आज रविवार आहे शाळेला रजा आहे तरी आज सकाळी मला लवकर जाग आली,आज रविवार आहे शाळेला रजा आहे तरी आज मला आज आज आज सकाळी मला लवकर जाग आली
/home/hp/Indain_children_spech/ASER-Dataset/audio_processed/Marathi MH/867/MR_S3_P_0.wav,Marathi,फुगेवाला आला लाल निळे फुगे आणले मुलांनी फुगे घेतले हातातून ते सुटून गेले,फुगेवाला आला लाल निळे फुगे आणले मुलांनी फुगे घेतले ह हातातून ते सु सुटून गेले,फुगेवाला आला लाल निळे फुगे आणले मुलांनी फुगे घेतले हातातून ते सुटून गेले,फुगेवाला आला लाल निळे फुगे आणले मुलांनी फुगे घेतले ह हातातून ते सु सुटून गेले
/home/hp/Indain_children_spech/ASER-Dataset/audio_processed/Marathi MH/894/MR_S1_P_1.wav,Marathi,आज रविवार आहे शाळेला रजा आहे तरी आज सकाळी मला लवकर जाग आली,आज रविवार आहे शाळेला रजा आहे तरी आज सकाळी मला लवकर जाग आली,आज रविवार आहे शाळेला रजा आहे तरी आज सकाळी मला लवकर जाग आली,आज रविवार आहे शाळेला रजा आहे तरी आज सकाळी मला लवकर जाग आली
/home/hp/Indain_children_spech/ASER-Dataset/audio_processed/Marathi MH/899/MR_S4_P_1.wav,Marathi,आज रविवार आहे शाळेला रजा आहे सगळे मिळून खेळूया आज खेळायचा दिवस आहे,आज रविवार आहे शाळेला रजा आहे सगळे मिळून शवया आज खेळायचा दिवस आहे,आज रविवार आहे शाळेला रजा आहे सगळे मिळून खेळूया आज खेळायचा दिवस आहे,आज रविवार आहे शाळेला रजा आहे सगळे मिळून शवया आज खेळायचा दिवस आहे
/home/hp/Indain_children_spech/ASER-Dataset/audio_processed/Marathi MH/907/MR_S4_P_1.wav,Marathi,आज रविवार आहे शाळेला रजा आहे सगळे मिळून खेळूया आज खेळायचा दिवस आहे,,आज रविवार आहे शाळेला रजा आहे सगळे मिळून खेळूया आज खेळायचा दिवस आहे,
/home/hp/Indain_children_spech/ASER-Dataset/audio_processed/Marathi MH/919/MR_S4_P_1.wav,Marathi,आज रविवार आहे शाळेला रजा आहे सगळे मिळून खेळूया आज खेळायचा दिवस आहे,हे आज रविवार आहे शाळेला रा राजू आहे सगळे मिळून खेळ आज खेळाचा दिवस आहे,आज रविवार आहे शाळेला रजा आहे सगळे मिळून खेळूया आज खेळायचा दिवस आहे,हे आज रविवार आहे शाळेला रा राजू आहे सगळे मिळून खेळ आज खेळाचा दिवस आहे
/home/hp/Indain_children_spech/ASER-Dataset/audio_processed/Marathi MH/926/MR_S3_P_1.wav,Marathi,अंगणात चिमणी येते मी तिला दाणे टाकते चिमणी दाणे खाते खाऊन उडून जाते,ंग च येते,अंगणात चिमणी येते मी तिला दाणे टाकते चिमणी दाणे खाते खाऊन उडून जाते,ंग च येते
/home/hp/Indain_children_spech/ASER-Dataset/audio_processed/Marathi MH/936/MR_S2_P_1.wav,Marathi,पावसाळा सुरु झाला आईने नवी तुळस लावली तुळस भरभर वाढली छान दिसू लागली,पावसाळा सुरू झाला आईने नवी तुळस लावली तुळस भरभर वाढली छान दिसू लागली,पावसाळा सुरु झाला आईने नवी तुळस लावली तुळस भरभर वाढली छान दिसू लागली,पावसाळा सुरू झाला आईने नवी तुळस लावली तुळस भरभर वाढली छान दिसू लागली
/home/hp/Indain_children_spech/ASER-Dataset/audio_processed/Marathi MH/936/MR_S2_S_0.wav,English,Where is your house,,where is your house,
/home/hp/Indain_children_spech/ASER-Dataset/audio_processed/Marathi MH/936/MR_S2_S_1.wav,English,This is a long road,,this is a long road,
/home/hp/Indain_children_spech/ASER-Dataset/audio_processed/Marathi MH/94/MR_S2_P_0.wav,Marathi,एकदा मी पडले सगळे मला हसले एकदा सोनल पडली मी तिला हसले,एकदा मी पडले सगळे मला हसले एकदा सोनोला पडली मी तिला हसले,एकदा मी पडले सगळे मला हसले एकदा सोनल पडली मी तिला हसले,एकदा मी पडले सगळे मला हसले एकदा सोनोला पडली मी तिला हसले
/home/hp/Indain_children_spech/ASER-Dataset/audio_processed/Marathi MH/941/MR_S1_P_1.wav,Marathi,आज रविवार आहे शाळेला रजा आहे तरी आज सकाळी मला लवकर जाग आली,शाळेला रजा आहे तरी आज सकाळी मला लवकर जान आली,आज रविवार आहे शाळेला रजा आहे तरी आज सकाळी मला लवकर जाग आली,शाळेला रजा आहे तरी आज सकाळी मला लवकर जान आली
/home/hp/Indain_children_spech/ASER-Dataset/audio_processed/Marathi MH/947/MR_S2_P_1.wav,Marathi,पावसाळा सुरु झाला आईने नवी तुळस लावली तुळस भरभर वाढली छान दिसू लागली,पावसाळा सुरू झाला आईने नवी झुळ झुळस लावली झुळस भरभर वाढली छान दिवस लागली,पावसाळा सुरु झाला आईने नवी तुळस लावली तुळस भरभर वाढली छान दिसू लागली,पावसाळा सुरू झाला आईने नवी झुळ झुळस लावली झुळस भरभर वाढली छान दिवस लागली
/home/hp/Indain_children_spech/ASER-Dataset/audio_processed/Marathi MH/996/MR_S2_P_0.wav,Marathi,एकदा मी पडले सगळे मला हसले एकदा सोनल पडली मी तिला हसले,एक कांद्या मी पडलो सग सगळे मला हसले याखांद्या सोनाला पडली मी तिला हसले,एकदा मी पडले सगळे मला हसले एकदा सोनल पडली मी तिला हसले,एक कांद्या मी पडलो सग सगळे मला हसले याखांद्या सोनाला पडली मी तिला हसले
/home/hp/Indain_children_spech/ASER-Dataset/audio_processed/Marathi MH/996/MR_S2_S_0.wav,English,Where is your house,,where is your house,
/home/hp/Indain_children_spech/ASER-Dataset/audio_processed/Marathi MH/996/MR_S2_S_1.wav,English,This is a long road,,this is a long road,
/home/hp/Indain_children_spech/ASER-Dataset/audio_processed/Marathi MH/996/MR_S2_S_2.wav,English,I like to play,,i like to play,
/home/hp/Indain_children_spech/ASER-Dataset/audio_processed/Marathi MH/996/MR_S2_S_3.wav,English,She has a green kite,,she has a green kite,
/home/hp/Indain_children_spech/ASER-Dataset/audio_processed/Hindi RJ/3707/HI_S1_P_0.wav,Hindi,राधा के पास एक तोता है उसकी चोंच लाल है वह बहुत बोलता है सब को हँसाता है,र छः छः,राधा के पास एक तोता है उसकी चोंच लाल है वह बहुत बोलता है सब को हँसाता है,र छः छः
/home/hp/Indain_children_spech/ASER-Dataset/audio_processed/Hindi RJ/4449/HI_S2_P_1.wav,Hindi,मीना पढ़ने जाती है राजू भी साथ जाता है दोनों शाम को लौटकर आते हैं घर आकर खाना खाते हैं,साथ को सुनाया कर और करने के ने को,मीना पढ़ने जाती है राजू भी साथ जाता है दोनों शाम को लौटकर आते हैं घर आकर खाना खाते हैं,साथ को सुनाया कर और करने के ने को
/home/hp/Indain_children_spech/ASER-Dataset/audio_processed/Hindi RJ/4767/HI_S3_P_0.wav,Hindi,नीतू के घर में गाय है उसका रंग सफ़ेद है गाय हरी घास खाती है वह बहुत दूध देती है,च,नीतू के घर में गाय है उसका रंग सफ़ेद है गाय हरी घास खाती है वह बहुत दूध देती है,च
/home/hp/Indain_children_spech/ASER-Dataset/audio_processed/Hindi RJ/5146/HI_S3_P_1.wav,Hindi,काले बादल छाए हैं तेज़ बारिश हो रही है मोर भी नाच रहा है सब नाच देख रहे हैं,ल आ,काले बादल छाए हैं तेज़ बारिश हो रही है मोर भी नाच रहा है सब नाच देख रहे हैं,ल आ
/home/hp/Indain_children_spech/ASER-Dataset/audio_processed/Hindi RJ/5249/HI_S3_P_0.wav,Hindi,नीतू के घर में गाय है उसका रंग सफ़ेद है गाय हरी घास खाती है वह बहुत दूध देती है,सबले वो,नीतू के घर में गाय है उसका रंग सफ़ेद है गाय हरी घास खाती है वह बहुत दूध देती है,सबले वो
/home/hp/Indain_children_spech/ASER-Dataset/audio_processed/Hindi UP/1538/HI_S3_P_0.wav,Hindi,नीतू के घर में गाय है उसका रंग सफ़ेद है गाय हरी घास खाती है वह बहुत दूध देती है,स,नीतू के घर में गाय है उसका रंग सफ़ेद है गाय हरी घास खाती है वह बहुत दूध देती है,स
/home/hp/Indain_children_spech/ASER-Dataset/audio_processed/Hindi UP/1563/HI_S4_P_0.wav,Hindi,बग़ीचे में पेड़ हैं पेड़ पर एक तोता रहता है तोते का रंग हरा है वह लाल टमाटर खाता है,बगीचे में पेड़ है पेड़ पर एक तोता रहता है तोते का रंग हरा है वह लाल मटर खाता है,बग़ीचे में पेड़ हैं पेड़ पर एक तोता रहता है तोते का रंग हरा है वह लाल टमाटर खाता है,बगीचे में पेड़ है पेड़ पर एक तोता रहता है तोते का रंग हरा है वह लाल मटर खाता है
/home/hp/Indain_children_spech/ASER-Dataset/audio_processed/Hindi UP/1803/HI_S4_P_0.wav,Hindi,बग़ीचे में पेड़ हैं पेड़ पर एक तोता रहता है तोते का रंग हरा है वह लाल टमाटर खाता है,हाँ धन्यवाद यार हम बना किितना गर्मी,बग़ीचे में पेड़ हैं पेड़ पर एक तोता रहता है तोते का रंग हरा है वह लाल टमाटर खाता है,हाँ धन्यवाद यार हम बना किितना गर्मी
/home/hp/Indain_children_spech/ASER-Dataset/audio_processed/Hindi UP/2343/HI_S1_P_0.wav,Hindi,राधा के पास एक तोता है उसकी चोंच लाल है वह बहुत बोलता है सब को हँसाता है,राजा के पास एक तोते हैं लाल है वह बहुत,राधा के पास एक तोता है उसकी चोंच लाल है वह बहुत बोलता है सब को हँसाता है,राजा के पास एक तोते हैं लाल है वह बहुत
/home/hp/Indain_children_spech/ASER-Dataset/audio_processed/Marathi MH/609/MR_S1_P_1.wav,Marathi,आज रविवार आहे शाळेला रजा आहे तरी आज सकाळी मला लवकर जाग आली,आज रविवार हा तर शाईला रविला,आज रविवार आहे शाळेला रजा आहे तरी आज सकाळी मला लवकर जाग आली,आज रविवार हा तर शाईला रविला
/home/hp/Indain_children_spech/ASER-Dataset/audio_processed/chunks/Hindi RJ/3481/HI_S4_ST_0_chunk0.wav,Hindi,रामपुर में कुछ ज़मीन ख़ाली थी वहाँ कुछ नहीं उगता था वहाँ कोई खेलने नहीं जाता था एक दिन कुछ लोग आए उन्होंने गाँव के लोगों को बुलाया सबने मिलकर तय किया कि यहाँ बग़ीचा बनाया जाए खाद मंगाकर हर तरह के पौधे लगाये गए सही समय,रामपुर में कुछ ज़मीन खाली थी वहाँ कुछ नहीं उड़ता था वहाँ कोई खेलने नहीं जाता था एक दिन कुछ लोगड आए उन्होंने गाँव के लोगडों को बुलाया सबने मिलकर तय किया कि यहाँ बगीचा बनाया जाए खाद मंडला कर हर तरह के पौधे लगाए गए सही समय,रामपुर में कुछ ज़मीन ख़ाली थी वहाँ कुछ नहीं उगता था वहाँ कोई खेलने नहीं जाता था एक दिन कुछ लोग आए उन्होंने गाँव के लोगों को बुलाया सबने मिलकर तय किया कि यहाँ बग़ीचा बनाया जाए खाद मंगाकर हर तरह के पौधे लगाये गए सही समय,रामपुर में कुछ ज़मीन खाली थी वहाँ कुछ नहीं उड़ता था वहाँ कोई खेलने नहीं जाता था एक दिन कुछ लोगड आए उन्होंने गाँव के लोगडों को बुलाया सबने मिलकर तय किया कि यहाँ बगीचा बनाया जाए खाद मंडला कर हर तरह के पौधे लगाए गए सही समय
/home/hp/Indain_children_spech/ASER-Dataset/audio_processed/chunks/Hindi RJ/3481/HI_S4_ST_0_chunk1.wav,Hindi,पर पानी दिया गया आज वहाँ एक सुंदर बग़ीचा है इसलिए वहाँ सब खेलने जाते हैं,पर पानी दिया गया आज वहाँ एक सुंदर बगीचा है इसलिए वहाँ सब खेलने जाते हैं,पर पानी दिया गया आज वहाँ एक सुंदर बग़ीचा है इसलिए वहाँ सब खेलने जाते हैं,पर पानी दिया गया आज वहाँ एक सुंदर बगीचा है इसलिए वहाँ सब खेलने जाते हैं
/home/hp/Indain_children_spech/ASER-Dataset/audio_processed/chunks/Hindi RJ/3500/HI_S4_ST_0_chunk0.wav,Hindi,रामपुर में कुछ ज़मीन ख़ाली थी वहाँ कुछ नहीं उगता था वहाँ कोई खेलने नहीं जाता था एक दिन कुछ लोग आए उन्होंने गाँव के लोगों को बुलाया सबने मिलकर तय किया कि यहाँ बग़ीचा बनाया जाए खाद मंगाकर हर,रामपुर में कुछ जमीन खाली थी वहाँ कुछ नहीं उगा उगाता उगता था वहाँ कोई खेलने नहीं जाता था एक दिन कुछ लोग लोग आए उन्होंने गाँव के लोगों को बुलाया सबने मिलकर तय किया कि यहाँ बगीचा बनाया जाए खाद मंगा कर हर,रामपुर में कुछ ज़मीन ख़ाली थी वहाँ कुछ नहीं उगता था वहाँ कोई खेलने नहीं जाता था एक दिन कुछ लोग आए उन्होंने गाँव के लोगों को बुलाया सबने मिलकर तय किया कि यहाँ बग़ीचा बनाया जाए खाद मंगाकर हर,रामपुर में कुछ जमीन खाली थी वहाँ कुछ नहीं उगा उगाता उगता था वहाँ कोई खेलने नहीं जाता था एक दिन कुछ लोग लोग आए उन्होंने गाँव के लोगों को बुलाया सबने मिलकर तय किया कि यहाँ बगीचा बनाया जाए खाद मंगा कर हर
/home/hp/Indain_children_spech/ASER-Dataset/audio_processed/chunks/Hindi RJ/3500/HI_S4_ST_0_chunk1.wav,Hindi,तरह के पौधे लगाये गए सही समय पर पानी दिया गया आज वहाँ एक सुंदर बग़ीचा है इसलिए वहाँ सब खेलने जाते हैं,तरफ के पौधे लग लगाए गए सही समय पर पानी दिया गया आज वहाँ एक सुंदर बगीचा है इसलिए वहाँ सब खेलने जाते हैं,तरह के पौधे लगाये गए सही समय पर पानी दिया गया आज वहाँ एक सुंदर बग़ीचा है इसलिए वहाँ सब खेलने जाते हैं,तरफ के पौधे लग लगाए गए सही समय पर पानी दिया गया आज वहाँ एक सुंदर बगीचा है इसलिए वहाँ सब खेलने जाते हैं
/home/hp/Indain_children_spech/ASER-Dataset/audio_processed/chunks/Hindi RJ/3526/HI_S4_ST_0_chunk0.wav,Hindi,रामपुर में कुछ ज़मीन ख़ाली थी वहाँ कुछ नहीं उगता था वहाँ कोई खेलने नहीं जाता था एक दिन कुछ लोग आए उन्होंने गाँव के लोगों को बुलाया सबने मिलकर तय किया कि यहाँ बग़ीचा,आमपुर में कुछ जमीन खाली थी वह कुछ नहीं उगता था वहाँ कोई खेलना नहीं जाता था एक दिन कुछ लोग आए उन्होंने गाँव के लोगों को बुलाया उस उसने मिलकर अड़ की कि यहाँ बगीचा,रामपुर में कुछ ज़मीन ख़ाली थी वहाँ कुछ नहीं उगता था वहाँ कोई खेलने नहीं जाता था एक दिन कुछ लोग आए उन्होंने गाँव के लोगों को बुलाया सबने मिलकर तय किया कि यहाँ बग़ीचा,आमपुर में कुछ जमीन खाली थी वह कुछ नहीं उगता था वहाँ कोई खेलना नहीं जाता था एक दिन कुछ लोग आए उन्होंने गाँव के लोगों को बुलाया उस उसने मिलकर अड़ की कि यहाँ बगीचा
/home/hp/Indain_children_spech/ASER-Dataset/audio_processed/chunks/Hindi RJ/3526/HI_S4_ST_0_chunk1.wav,Hindi,बनाया जाए खाद मंगाकर हर तरह के पौधे लगाये गए सही समय पर पानी दिया गया आज वहाँ एक सुंदर बग़ीचा है इसलिए वहाँ सब खेलने जाते हैं,बनाई जाएगा खाद मंगाकर हरे तरह के पौधे लाए गए सही समय पर पानी दिया गया आज वहाँ एक सुंदर बगीचा है इस इसलिए वहाँ सब खेलने आते हैं,बनाया जाए खाद मंगाकर हर तरह के पौधे लगाये गए सही समय पर पानी दिया गया आज वहाँ एक सुंदर बग़ीचा है इसलिए वहाँ सब खेलने जाते हैं,बनाई जाएगा खाद मंगाकर हरे तरह के पौधे लाए गए सही समय पर पानी दिया गया आज वहाँ एक सुंदर बगीचा है इस इसलिए वहाँ सब खेलने आते हैं
/home/hp/Indain_children_spech/ASER-Dataset/audio_processed/chunks/Hindi RJ/3531/HI_S1_ST_0_chunk0.wav,Hindi,बहुत दिनों से बारिश हो रही थी गाँव में सभी जगह गंदा पानी भर गया था सभी बारिश के रुकने की राह देख रहे थे अचानक एक दिन बारिश रुक गई सूरज निकल आया सब लोग खुश हो गये आसमान में चिड़ियाँ,बहुत दिनों से बारिश हो रही थी गाँव में सभी जगह गंदा पानी भर गया था सभी बारिश के र रुकने की राह देख रहे थे अचारन एक दिन बारिश रुक गई सूरज निकल आया सब लोग खुश हो गए आसमान में चिड़िया,बहुत दिनों से बारिश हो रही थी गाँव में सभी जगह गंदा पानी भर गया था सभी बारिश के रुकने की राह देख रहे थे अचानक एक दिन बारिश रुक गई सूरज निकल आया सब लोग खुश हो गये आसमान में चिड़ियाँ,बहुत दिनों से बारिश हो रही थी गाँव में सभी जगह गंदा पानी भर गया था सभी बारिश के र रुकने की राह देख रहे थे अचारन एक दिन बारिश रुक गई सूरज निकल आया सब लोग खुश हो गए आसमान में चिड़िया
/home/hp/Indain_children_spech/ASER-Dataset/audio_processed/chunks/Hindi RJ/3531/HI_S1_ST_0_chunk1.wav,Hindi,उड़ने लगीं लोग अपने कपड़े सुखाने लगे बच्चे भी घरों से बाहर निकलकर खेलने लगे,उड़ने लगी लोग अपने कपड़े सुखाने लगे बच्चों बच्चे भी घरों से बाहर निकल कर खेलने लगे,उड़ने लगीं लोग अपने कपड़े सुखाने लगे बच्चे भी घरों से बाहर निकलकर खेलने लगे,उड़ने लगी लोग अपने कपड़े सुखाने लगे बच्चों बच्चे भी घरों से बाहर निकल कर खेलने लगे
/home/hp/Indain_children_spech/ASER-Dataset/audio_processed/chunks/Hindi RJ/3538/HI_S2_ST_0_chunk0.wav,Hindi,सावन का महीना था आसमान में बहुत से काले बादल छाये थे ठंडी ठंडी हवा चल रही थी मैंने सोचा आज झूला झूलते हैं बड़े भैया एक मोटी सी रस्सी लेकर आए हमने उसे पेड़ से लटका कर झूला बनाया सब ने मिलकर खूब झूला झूला बहुत सारे बच्चे,सावण का महीना था आसमान में बहुत से काले बादल छ आे थे ठंडी ठंडी हवा चल रही थी मै सोच आज झूला झूलते है बड़े भैया एक मोटी सी रस्सी लेकर आए ह हमने उसके पेड़ पर लटकाया कर झूला झोला ले मिलकर खूब झूला झूला बहुत सारे बच्चे,सावन का महीना था आसमान में बहुत से काले बादल छाये थे ठंडी ठंडी हवा चल रही थी मैंने सोचा आज झूला झूलते हैं बड़े भैया एक मोटी सी रस्सी लेकर आए हमने उसे पेड़ से लटका कर झूला बनाया सब ने मिलकर खूब झूला झूला बहुत सारे बच्चे,सावण का महीना था आसमान में बहुत से काले बादल छ आे थे ठंडी ठंडी हवा चल रही थी मै सोच आज झूला झूलते है बड़े भैया एक मोटी सी रस्सी लेकर आए ह हमने उसके पेड़ पर लटकाया कर झूला झोला ले मिलकर खूब झूला झूला बहुत सारे बच्चे
/home/hp/Indain_children_spech/ASER-Dataset/audio_processed/chunks/Hindi RJ/3538/HI_S2_ST_0_chunk1.wav,Hindi,आकर मज़े से खेलने लगे खेलतेखेलते रात हो गई,आकर मजे से झूलने लगे झूलते झूलते रात हो गई,आकर मज़े से खेलने लगे खेलतेखेलते रात हो गई,आकर मजे से झूलने लगे झूलते झूलते रात हो गई
/home/hp/Indain_children_spech/ASER-Dataset/audio_processed/chunks/Hindi RJ/3566/HI_S4_ST_0_chunk0.wav,Hindi,रामपुर में कुछ ज़मीन ख़ाली थी वहाँ कुछ नहीं उगता था वहाँ कोई खेलने नहीं जाता था एक दिन कुछ लोग आए उन्होंने गाँव के लोगों को बुलाया सबने मिलकर तय किया कि यहाँ,रामपुर में कुछ ज़मीन खाली थी वह कुछ नहीं उगता था उगता था वहँ कोई खेलने नहीं जाता था एक दिन कुछ लोग आए उन्हें गाँव के लोग को बुलाया सबने मिलकर तय किया कि यहाँ,रामपुर में कुछ ज़मीन ख़ाली थी वहाँ कुछ नहीं उगता था वहाँ कोई खेलने नहीं जाता था एक दिन कुछ लोग आए उन्होंने गाँव के लोगों को बुलाया सबने मिलकर तय किया कि यहाँ,रामपुर में कुछ ज़मीन खाली थी वह कुछ नहीं उगता था उगता था वहँ कोई खेलने नहीं जाता था एक दिन कुछ लोग आए उन्हें गाँव के लोग को बुलाया सबने मिलकर तय किया कि यहाँ
/home/hp/Indain_children_spech/ASER-Dataset/audio_processed/chunks/Hindi RJ/3566/HI_S4_ST_0_chunk1.wav,Hindi,बग़ीचा बनाया जाए खाद मंगाकर हर तरह के पौधे लगाये गए सही समय पर पानी दिया गया आज वहाँ एक सुंदर बग़ीचा है इसलिए वहाँ सब खेलने जाते हैं,बगीचा बनाया जा खाद मांग कर हरे तरहके के पेड़ लगाए गए सही समय पर पानी दिया गया आज वह एक सुंदर बगीचा है इसलिए वह सब खेलने जाते हैं,बग़ीचा बनाया जाए खाद मंगाकर हर तरह के पौधे लगाये गए सही समय पर पानी दिया गया आज वहाँ एक सुंदर बग़ीचा है इसलिए वहाँ सब खेलने जाते हैं,बगीचा बनाया जा खाद मांग कर हरे तरहके के पेड़ लगाए गए सही समय पर पानी दिया गया आज वह एक सुंदर बगीचा है इसलिए वह सब खेलने जाते हैं
/home/hp/Indain_children_spech/ASER-Dataset/audio_processed/chunks/Hindi RJ/3578/HI_S4_ST_0_chunk0.wav,Hindi,रामपुर में कुछ ज़मीन ख़ाली थी वहाँ कुछ नहीं उगता था वहाँ कोई खेलने नहीं जाता था एक दिन कुछ लोग आए उन्होंने गाँव के लोगों को बुलाया सबने मिलकर तय किया कि यहाँ बग़ीचा बनाया जाए खाद मंगाकर हर तरह के,रामपुर में कुछ जमीन खाली थी वहाँ कुछ नहीं उगता था वहाँ कोई खेलने नहीं जाता था एक दिन कुछ लोग आए उन्होंने गाँव के लोगों को बुलाया सबने मिलकर तय किया कि यहाँ बगीचा बनाया जाए खाद खाद मंग कर हर तरह के,रामपुर में कुछ ज़मीन ख़ाली थी वहाँ कुछ नहीं उगता था वहाँ कोई खेलने नहीं जाता था एक दिन कुछ लोग आए उन्होंने गाँव के लोगों को बुलाया सबने मिलकर तय किया कि यहाँ बग़ीचा बनाया जाए खाद मंगाकर हर तरह के,रामपुर में कुछ जमीन खाली थी वहाँ कुछ नहीं उगता था वहाँ कोई खेलने नहीं जाता था एक दिन कुछ लोग आए उन्होंने गाँव के लोगों को बुलाया सबने मिलकर तय किया कि यहाँ बगीचा बनाया जाए खाद खाद मंग कर हर तरह के
/home/hp/Indain_children_spech/ASER-Dataset/audio_processed/chunks/Hindi RJ/3578/HI_S4_ST_0_chunk1.wav,Hindi,पौधे लगाये गए सही समय पर पानी दिया गया आज वहाँ एक सुंदर बग़ीचा है इसलिए वहाँ सब खेलने जाते हैं,पौधे लगाए गए सही समय पर पानी दिया गया आज वहाँ एक सुंदर बगीचा है इसलिए वहाँ सब खेलने जाते हैं,पौधे लगाये गए सही समय पर पानी दिया गया आज वहाँ एक सुंदर बग़ीचा है इसलिए वहाँ सब खेलने जाते हैं,पौधे लगाए गए सही समय पर पानी दिया गया आज वहाँ एक सुंदर बगीचा है इसलिए वहाँ सब खेलने जाते हैं
/home/hp/Indain_children_spech/ASER-Dataset/audio_processed/chunks/Hindi RJ/3617/HI_S1_P_1_chunk0.wav,Hindi,माँ ने हलवा बनाया वह बहुत मीठा था उसे सोनी ने खाया,म मा ने ह ल व ब न या व ह ब हु त बहुत मीटा मीटा था उ उसे से स्,माँ ने हलवा बनाया वह बहुत मीठा था उसे सोनी ने खाया,म मा ने ह ल व ब न या व ह ब हु त बहुत मीटा मीटा था उ उसे से स्
/home/hp/Indain_children_spech/ASER-Dataset/audio_processed/chunks/Hindi RJ/3617/HI_S1_P_1_chunk1.wav,Hindi,खाने के बाद वह सो गई,सा सी सी स ये नहीं था ये न था मुझे,खाने के बाद वह सो गई,सा सी सी स ये नहीं था ये न था मुझे
/home/hp/Indain_children_spech/ASER-Dataset/audio_processed/chunks/Hindi RJ/3623/HI_S2_ST_0_chunk0.wav,Hindi,सावन का महीना था आसमान में बहुत से काले बादल छाये थे ठंडी ठंडी हवा चल रही थी मैंने सोचा आज झूला झूलते हैं बड़े भैया एक मोटी सी रस्सी लेकर आए हमने उसे पेड़,सावन का महीना था आसमान में बहुत से काले बादल छाए थे ठंडी ठंडी हवा चल रही थी मैंने सोचा आज झूला झूलते हैं बड़े भैया भैया एक मोटी सी रस्सी लेकर आ हमने उसे पेड़,सावन का महीना था आसमान में बहुत से काले बादल छाये थे ठंडी ठंडी हवा चल रही थी मैंने सोचा आज झूला झूलते हैं बड़े भैया एक मोटी सी रस्सी लेकर आए हमने उसे पेड़,सावन का महीना था आसमान में बहुत से काले बादल छाए थे ठंडी ठंडी हवा चल रही थी मैंने सोचा आज झूला झूलते हैं बड़े भैया भैया एक मोटी सी रस्सी लेकर आ हमने उसे पेड़
/home/hp/Indain_children_spech/ASER-Dataset/audio_processed/chunks/Hindi RJ/3623/HI_S2_ST_0_chunk1.wav,Hindi,से लटका कर झूला बनाया सब ने मिलकर खूब झूला झूला बहुत सारे बच्चे आकर मज़े से खेलने लगे खेलतेखेलते रात हो गई,से लटका कर झूला बनाया जब ने मिलकर झू खूब झूला झूला बहुत सारे बच्चे आकर मज़े से खेलने लगे खेलते खेलते रात हो गई,से लटका कर झूला बनाया सब ने मिलकर खूब झूला झूला बहुत सारे बच्चे आकर मज़े से खेलने लगे खेलतेखेलते रात हो गई,से लटका कर झूला बनाया जब ने मिलकर झू खूब झूला झूला बहुत सारे बच्चे आकर मज़े से खेलने लगे खेलते खेलते रात हो गई
/home/hp/Indain_children_spech/ASER-Dataset/audio_processed/chunks/Hindi RJ/3628/HI_S4_ST_0_chunk0.wav,Hindi,रामपुर में कुछ ज़मीन ख़ाली थी वहाँ कुछ नहीं उगता था वहाँ कोई खेलने नहीं जाता था एक दिन कुछ लोग आए उन्होंने गाँव के लोगों को बुलाया सबने मिलकर तय किया कि यहाँ बग़ीचा बनाया जाए खाद मंगाकर हर,रामपुर में कुछ ज़मीन खाली थी वहाँ कुछ नहीं उगता वहाँ कोई खेलने नहीं जाता एक दिन कुछ लोग आए उन्होंने गाँव के लोगों को बुलाया सब ने मिलकर तय किया कि यहाँ बगीचा बनाया जाए खाद बनाकर मंगा कर हर,रामपुर में कुछ ज़मीन ख़ाली थी वहाँ कुछ नहीं उगता था वहाँ कोई खेलने नहीं जाता था एक दिन कुछ लोग आए उन्होंने गाँव के लोगों को बुलाया सबने मिलकर तय किया कि यहाँ बग़ीचा बनाया जाए खाद मंगाकर हर,रामपुर में कुछ ज़मीन खाली थी वहाँ कुछ नहीं उगता वहाँ कोई खेलने नहीं जाता एक दिन कुछ लोग आए उन्होंने गाँव के लोगों को बुलाया सब ने मिलकर तय किया कि यहाँ बगीचा बनाया जाए खाद बनाकर मंगा कर हर
/home/hp/Indain_children_spech/ASER-Dataset/audio_processed/chunks/Hindi RJ/3628/HI_S4_ST_0_chunk1.wav,Hindi,तरह के पौधे लगाये गए सही समय पर पानी दिया गया आज वहाँ एक सुंदर बग़ीचा है इसलिए वहाँ सब खेलने जाते हैं,तरह के पौधे लगाए गए सही समय पर पानी दिया गया जा आज वहाँ एक सुंदर बगीचा है इसलिए वहाँ सब खेलने जा,तरह के पौधे लगाये गए सही समय पर पानी दिया गया आज वहाँ एक सुंदर बग़ीचा है इसलिए वहाँ सब खेलने जाते हैं,तरह के पौधे लगाए गए सही समय पर पानी दिया गया जा आज वहाँ एक सुंदर बगीचा है इसलिए वहाँ सब खेलने जा
/home/hp/Indain_children_spech/ASER-Dataset/audio_processed/chunks/Hindi RJ/3641/HI_S4_ST_0_chunk0.wav,Hindi,रामपुर में कुछ ज़मीन ख़ाली थी वहाँ कुछ नहीं उगता था वहाँ कोई खेलने नहीं जाता था एक दिन कुछ लोग आए उन्होंने गाँव के लोगों को बुलाया सबने मिलकर तय,में कुछी खाली थी व कुछलने नहीं जा एक दिन कुछ लोग लोग आए उन्ह उन्होंने गाँव में लोगों को बुलाया सब सबने मिलकर,रामपुर में कुछ ज़मीन ख़ाली थी वहाँ कुछ नहीं उगता था वहाँ कोई खेलने नहीं जाता था एक दिन कुछ लोग आए उन्होंने गाँव के लोगों को बुलाया सबने मिलकर तय,में कुछी खाली थी व कुछलने नहीं जा एक दिन कुछ लोग लोग आए उन्ह उन्होंने गाँव में लोगों को बुलाया सब सबने मिलकर
/home/hp/Indain_children_spech/ASER-Dataset/audio_processed/chunks/Hindi RJ/3641/HI_S4_ST_0_chunk1.wav,Hindi,किया कि यहाँ बग़ीचा बनाया जाए खाद मंगाकर हर तरह के पौधे लगाये गए सही समय पर पानी दिया गया आज वहाँ एक सुंदर बग़ीचा है इसलिए वहाँ,गी के पौधे लगे गए हैं सही समय पर पानी दिया गया आज वहाँ एक सुंदर बगीचा है इसलिए वहाँ,किया कि यहाँ बग़ीचा बनाया जाए खाद मंगाकर हर तरह के पौधे लगाये गए सही समय पर पानी दिया गया आज वहाँ एक सुंदर बग़ीचा है इसलिए वहाँ,गी के पौधे लगे गए हैं सही समय पर पानी दिया गया आज वहाँ एक सुंदर बगीचा है इसलिए वहाँ
/home/hp/Indain_children_spech/ASER-Dataset/audio_processed/chunks/Hindi RJ/3641/HI_S4_ST_0_chunk2.wav,Hindi,सब खेलने जाते हैं,सब खेलने जाते हैं,सब खेलने जाते हैं,सब खेलने जाते हैं
/home/hp/Indain_children_spech/ASER-Dataset/audio_processed/chunks/Hindi RJ/3649/HI_S2_ST_0_chunk0.wav,Hindi,सावन का महीना था आसमान में बहुत से काले बादल छाये थे ठंडी ठंडी हवा चल रही थी मैंने सोचा आज झूला झूलते हैं बड़े भैया एक मोटी सी रस्सी लेकर आए हमने उसे पेड़ से लटका कर झूला बनाया सब ने मिलकर खूब झूला झूला बहुत,सावन का महीना था आसमान में बहुत से काले बादल छाए थे ठंडी ठंडी हवा चल रही थी मैंने सोचा आज झूला झूलते हैं बड़े भैया एक मोटी सी रस्सी लेकर आए हमने उसे पेड़ से लटका कर झूला बनाया सब ने मिलकर खूब झूला झूला बहुत,सावन का महीना था आसमान में बहुत से काले बादल छाये थे ठंडी ठंडी हवा चल रही थी मैंने सोचा आज झूला झूलते हैं बड़े भैया एक मोटी सी रस्सी लेकर आए हमने उसे पेड़ से लटका कर झूला बनाया सब ने मिलकर खूब झूला झूला बहुत,सावन का महीना था आसमान में बहुत से काले बादल छाए थे ठंडी ठंडी हवा चल रही थी मैंने सोचा आज झूला झूलते हैं बड़े भैया एक मोटी सी रस्सी लेकर आए हमने उसे पेड़ से लटका कर झूला बनाया सब ने मिलकर खूब झूला झूला बहुत
/home/hp/Indain_children_spech/ASER-Dataset/audio_processed/chunks/Hindi RJ/3649/HI_S2_ST_0_chunk1.wav,Hindi,सारे बच्चे आकर मज़े से खेलने लगे खेलतेखेलते रात हो गई,सारे बच्चे आकर मजे से खेलने लगे खेलते खेलते रात हो गई,सारे बच्चे आकर मज़े से खेलने लगे खेलतेखेलते रात हो गई,सारे बच्चे आकर मजे से खेलने लगे खेलते खेलते रात हो गई
/home/hp/Indain_children_spech/ASER-Dataset/audio_processed/chunks/Hindi RJ/3683/HI_S1_ST_0_chunk0.wav,Hindi,बहुत दिनों से बारिश हो रही थी गाँव में सभी जगह गंदा पानी भर गया था सभी बारिश के रुकने की राह देख रहे थे अचानक एक दिन बारिश रुक गई सूरज निकल आया सब लोग खुश हो गये आसमान में चिड़ियाँ,बहुत दिनों से बारिश हो रही थी गाव में सभी जगह गंदा पानी भर गया सभी बारिश रने की रहा देख रहे थे अचानक एक दिन बारिश रुक गई सूरज निकल आया सब लोग खुश हो गए आसमान में चिड़िया,बहुत दिनों से बारिश हो रही थी गाँव में सभी जगह गंदा पानी भर गया था सभी बारिश के रुकने की राह देख रहे थे अचानक एक दिन बारिश रुक गई सूरज निकल आया सब लोग खुश हो गये आसमान में चिड़ियाँ,बहुत दिनों से बारिश हो रही थी गाव में सभी जगह गंदा पानी भर गया सभी बारिश रने की रहा देख रहे थे अचानक एक दिन बारिश रुक गई सूरज निकल आया सब लोग खुश हो गए आसमान में चिड़िया
/home/hp/Indain_children_spech/ASER-Dataset/audio_processed/chunks/Hindi RJ/3683/HI_S1_ST_0_chunk1.wav,Hindi,उड़ने लगीं लोग अपने कपड़े सुखाने लगे बच्चे भी घरों से बाहर निकलकर खेलने लगे,कुर्ती उड़ने लगी लोग अपने कपड़े सुखाने लगे बच्चों भी घरों घरों से बाहर निकल कर खेलने लगे,उड़ने लगीं लोग अपने कपड़े सुखाने लगे बच्चे भी घरों से बाहर निकलकर खेलने लगे,कुर्ती उड़ने लगी लोग अपने कपड़े सुखाने लगे बच्चों भी घरों घरों से बाहर निकल कर खेलने लगे
/home/hp/Indain_children_spech/ASER-Dataset/audio_processed/chunks/Hindi RJ/3752/HI_S1_ST_0_chunk0.wav,Hindi,बहुत दिनों से बारिश हो रही थी गाँव में सभी जगह गंदा पानी भर गया था सभी बारिश के रुकने की राह देख रहे थे अचानक एक दिन बारिश रुक गई सूरज निकल,बहुत दिनों से बारिश हो रही थी गाँव में सभी ज जगह गंदा पानी भर गया था सभी बारिश के रुकने की राह देख रहे थे अचानक एक दिन बारिश रुक गई सूरज निकल,बहुत दिनों से बारिश हो रही थी गाँव में सभी जगह गंदा पानी भर गया था सभी बारिश के रुकने की राह देख रहे थे अचानक एक दिन बारिश रुक गई सूरज निकल,बहुत दिनों से बारिश हो रही थी गाँव में सभी ज जगह गंदा पानी भर गया था सभी बारिश के रुकने की राह देख रहे थे अचानक एक दिन बारिश रुक गई सूरज निकल
/home/hp/Indain_children_spech/ASER-Dataset/audio_processed/chunks/Hindi RJ/3752/HI_S1_ST_0_chunk1.wav,Hindi,आया सब लोग खुश हो गये आसमान में चिड़ियाँ उड़ने लगीं लोग अपने कपड़े सुखाने लगे बच्चे भी घरों से बाहर निकलकर खेलने लगे,आया सब लोग खुश हो गए आसमान में चिड़िया उड़ने लगीं लोग अपने क कपड़े सुखाने लगे बच्चे भी घरों से बाहर निकल कर खेलने लगे,आया सब लोग खुश हो गये आसमान में चिड़ियाँ उड़ने लगीं लोग अपने कपड़े सुखाने लगे बच्चे भी घरों से बाहर निकलकर खेलने लगे,आया सब लोग खुश हो गए आसमान में चिड़िया उड़ने लगीं लोग अपने क कपड़े सुखाने लगे बच्चे भी घरों से बाहर निकल कर खेलने लगे
/home/hp/Indain_children_spech/ASER-Dataset/audio_processed/chunks/Hindi RJ/3789/HI_S3_ST_0_chunk0.wav,Hindi,विमला और अजय मेला देखने गये उन्हें मेले में तरहतरह की दुकाने दिखीं मेले में बहुत झूले थे वहाँ गरमगरम हलवा और जलेबियाँ भी बिक रहीं थीं जलेबी देखकर,शिमला और अजय मेला देखने गए उन्हें मेले में तरह तरह की दुकानें दिखीं मेले में बहुत जुले थे वहाँ गरम गर्म हलवा और जलेबियाँ भी दिख रही थीं जलेबी देखकर,विमला और अजय मेला देखने गये उन्हें मेले में तरहतरह की दुकाने दिखीं मेले में बहुत झूले थे वहाँ गरमगरम हलवा और जलेबियाँ भी बिक रहीं थीं जलेबी देखकर,शिमला और अजय मेला देखने गए उन्हें मेले में तरह तरह की दुकानें दिखीं मेले में बहुत जुले थे वहाँ गरम गर्म हलवा और जलेबियाँ भी दिख रही थीं जलेबी देखकर
/home/hp/Indain_children_spech/ASER-Dataset/audio_processed/chunks/Hindi RJ/3789/HI_S3_ST_0_chunk1.wav,Hindi,दोनों के मुँह में पानी आने लगा उन्हें जलेबी खाने का मन हुआ विमला ने जलेबी खरीदी दोनों दोस्तों ने मिलकर जलेबी खाई शाम को दोनों घर लौट आये,दोनों के मु में पानी कमी हुई उन्हें जलेबी खाने का मन हुआ शिमला ने जलेबी खरीदी दोनों दोस्तों ने मिलकर जलेबी खाई श्याम को दोनों घर लौट जाए,दोनों के मुँह में पानी आने लगा उन्हें जलेबी खाने का मन हुआ विमला ने जलेबी खरीदी दोनों दोस्तों ने मिलकर जलेबी खाई शाम को दोनों घर लौट आये,दोनों के मु में पानी कमी हुई उन्हें जलेबी खाने का मन हुआ शिमला ने जलेबी खरीदी दोनों दोस्तों ने मिलकर जलेबी खाई श्याम को दोनों घर लौट जाए
/home/hp/Indain_children_spech/ASER-Dataset/audio_processed/chunks/Hindi RJ/3792/HI_S4_ST_0_chunk0.wav,Hindi,रामपुर में कुछ ज़मीन ख़ाली थी वहाँ कुछ नहीं उगता था वहाँ कोई खेलने नहीं जाता था एक दिन कुछ लोग आए उन्होंने गाँव के लोगों को बुलाया सबने मिलकर तय किया कि यहाँ बग़ीचा बनाया जाए खाद मंगाकर हर तरह के पौधे लगाये गए सही समय पर,जयपुर में कुछ जीन खाली थी वछ व कोई खेलने नहींता एक दिन कुछ लोग आए उन्होंने गाँव के लोगों को बुलाया सब सबने मिलकर तय किया कि यहाँ बगीचा बनाया जाए खाद मंग कर हर तरह के पौधे लगाए गए सभी समय पर,रामपुर में कुछ ज़मीन ख़ाली थी वहाँ कुछ नहीं उगता था वहाँ कोई खेलने नहीं जाता था एक दिन कुछ लोग आए उन्होंने गाँव के लोगों को बुलाया सबने मिलकर तय किया कि यहाँ बग़ीचा बनाया जाए खाद मंगाकर हर तरह के पौधे लगाये गए सही समय पर,जयपुर में कुछ जीन खाली थी वछ व कोई खेलने नहींता एक दिन कुछ लोग आए उन्होंने गाँव के लोगों को बुलाया सब सबने मिलकर तय किया कि यहाँ बगीचा बनाया जाए खाद मंग कर हर तरह के पौधे लगाए गए सभी समय पर
/home/hp/Indain_children_spech/ASER-Dataset/audio_processed/chunks/Hindi RJ/3792/HI_S4_ST_0_chunk1.wav,Hindi,पानी दिया गया आज वहाँ एक सुंदर बग़ीचा है इसलिए वहाँ सब खेलने जाते हैं,पानी दिया गया आज वहाँ एक सुंदर बगीचा है इसलिए वहाँ सब खेलने जाते हैं,पानी दिया गया आज वहाँ एक सुंदर बग़ीचा है इसलिए वहाँ सब खेलने जाते हैं,पानी दिया गया आज वहाँ एक सुंदर बगीचा है इसलिए वहाँ सब खेलने जाते हैं
/home/hp/Indain_children_spech/ASER-Dataset/audio_processed/chunks/Hindi RJ/3802/HI_S1_ST_0_chunk0.wav,Hindi,बहुत दिनों से बारिश हो रही थी गाँव में सभी जगह गंदा पानी भर गया था सभी बारिश के रुकने की राह देख रहे थे अचानक एक दिन बारिश रुक गई सूरज निकल आया सब लोग खुश हो,बहुत दिनों से बारिश हो रही थी गाँव में सभी शहर गंदा पानी भर गया था सभी बारिश के रने की राय देख रहे थे अचानक एक दिन बारिश रुक गई सूरज निकल आया सब लोग खुश हो,बहुत दिनों से बारिश हो रही थी गाँव में सभी जगह गंदा पानी भर गया था सभी बारिश के रुकने की राह देख रहे थे अचानक एक दिन बारिश रुक गई सूरज निकल आया सब लोग खुश हो,बहुत दिनों से बारिश हो रही थी गाँव में सभी शहर गंदा पानी भर गया था सभी बारिश के रने की राय देख रहे थे अचानक एक दिन बारिश रुक गई सूरज निकल आया सब लोग खुश हो
/home/hp/Indain_children_spech/ASER-Dataset/audio_processed/chunks/Hindi RJ/3802/HI_S1_ST_0_chunk1.wav,Hindi,गये आसमान में चिड़ियाँ उड़ने लगीं लोग अपने कपड़े सुखाने लगे बच्चे भी घरों से बाहर निकलकर खेलने लगे,गए आसमान से चिड़िया उड़ने लगी लोग अपने कपड़े सुखाने लगे बच्चे भी घरों से बाहर निकल कर खेलने लगे,गये आसमान में चिड़ियाँ उड़ने लगीं लोग अपने कपड़े सुखाने लगे बच्चे भी घरों से बाहर निकलकर खेलने लगे,गए आसमान से चिड़िया उड़ने लगी लोग अपने कपड़े सुखाने लगे बच्चे भी घरों से बाहर निकल कर खेलने लगे
/home/hp/Indain_children_spech/ASER-Dataset/audio_processed/chunks/Hindi RJ/3806/HI_S3_ST_0_chunk0.wav,Hindi,विमला और अजय मेला देखने गये उन्हें मेले में तरहतरह की दुकाने दिखीं मेले में बहुत झूले थे वहाँ गरमगरम हलवा और जलेबियाँ भी बिक रहीं थीं जलेबी देखकर दोनों,विमला और अजय मला देखने गए उन्हें मेले में तरह तरह की दुकाने दखी मेले में बहुत झूले थे वहाँ गर्म गर्म हलवा और जलेबी भी बिक रही थी जलेबी देखकर दोनों,विमला और अजय मेला देखने गये उन्हें मेले में तरहतरह की दुकाने दिखीं मेले में बहुत झूले थे वहाँ गरमगरम हलवा और जलेबियाँ भी बिक रहीं थीं जलेबी देखकर दोनों,विमला और अजय मला देखने गए उन्हें मेले में तरह तरह की दुकाने दखी मेले में बहुत झूले थे वहाँ गर्म गर्म हलवा और जलेबी भी बिक रही थी जलेबी देखकर दोनों
/home/hp/Indain_children_spech/ASER-Dataset/audio_processed/chunks/Hindi RJ/3806/HI_S3_ST_0_chunk1.wav,Hindi,के मुँह में पानी आने लगा उन्हें जलेबी खाने का मन हुआ विमला ने जलेबी खरीदी दोनों दोस्तों ने मिलकर जलेबी खाई शाम को दोनों घर लौट आये,के मुँह में पानी आने लगा उन्हें जलेबी खाने का मन हुआ विमल ने जलेबी खरीदी दोनों दोस्तों ने मिलकर जलेबी खाई शाम को दोनों घर लौट आय,के मुँह में पानी आने लगा उन्हें जलेबी खाने का मन हुआ विमला ने जलेबी खरीदी दोनों दोस्तों ने मिलकर जलेबी खाई शाम को दोनों घर लौट आये,के मुँह में पानी आने लगा उन्हें जलेबी खाने का मन हुआ विमल ने जलेबी खरीदी दोनों दोस्तों ने मिलकर जलेबी खाई शाम को दोनों घर लौट आय
/home/hp/Indain_children_spech/ASER-Dataset/audio_processed/chunks/Hindi RJ/3813/HI_S4_ST_0_chunk0.wav,Hindi,रामपुर में कुछ ज़मीन ख़ाली थी वहाँ कुछ नहीं उगता था वहाँ कोई खेलने नहीं जाता था एक दिन कुछ लोग आए उन्होंने गाँव के लोगों को बुलाया सबने मिलकर तय किया कि यहाँ बग़ीचा बनाया जाए खाद मंगाकर हर तरह के पौधे लगाये गए सही समय,कामपुरा में कुछ जमीन खाली थी वहा कुछ नहीं लगता था वहा कोई खेलने नहीं जाता था एक दिन कुछ लोग आए उन्होंने गाँव के लोगों को बुलाया सबने मिलकर तय किया कि यहाँ बगीचा बनाया जाए खाद मंगवाकर हर तरह के पौधे लगाए गए सही समय,रामपुर में कुछ ज़मीन ख़ाली थी वहाँ कुछ नहीं उगता था वहाँ कोई खेलने नहीं जाता था एक दिन कुछ लोग आए उन्होंने गाँव के लोगों को बुलाया सबने मिलकर तय किया कि यहाँ बग़ीचा बनाया जाए खाद मंगाकर हर तरह के पौधे लगाये गए सही समय,कामपुरा में कुछ जमीन खाली थी वहा कुछ नहीं लगता था वहा कोई खेलने नहीं जाता था एक दिन कुछ लोग आए उन्होंने गाँव के लोगों को बुलाया सबने मिलकर तय किया कि यहाँ बगीचा बनाया जाए खाद मंगवाकर हर तरह के पौधे लगाए गए सही समय
/home/hp/Indain_children_spech/ASER-Dataset/audio_processed/chunks/Hindi RJ/3813/HI_S4_ST_0_chunk1.wav,Hindi,पर पानी दिया गया आज वहाँ एक सुंदर बग़ीचा है इसलिए वहाँ सब खेलने जाते हैं,पर पानी दिया गया आज वहाँ एक सुंदर बगीचा है इसलिए वहाँ सब खेलने जाते,पर पानी दिया गया आज वहाँ एक सुंदर बग़ीचा है इसलिए वहाँ सब खेलने जाते हैं,पर पानी दिया गया आज वहाँ एक सुंदर बगीचा है इसलिए वहाँ सब खेलने जाते
/home/hp/Indain_children_spech/ASER-Dataset/audio_processed/chunks/Hindi RJ/3825/HI_S2_ST_0_chunk0.wav,Hindi,सावन का महीना था आसमान में बहुत से काले बादल छाये थे ठंडी ठंडी हवा चल रही थी मैंने सोचा आज झूला झूलते हैं बड़े भैया एक मोटी सी रस्सी लेकर आए हमने उसे पेड़ से लटका कर झूला बनाया सब ने मिलकर खूब झूला झूला बहुत सारे बच्चे आकर मज़े से,सावन का महीना था आसमान में बहुत से काे वाले छाए थे ठंडी ठंडी हवा चढ़ रही थी मैंने सोचा आप झूला झूलने झूलते हैं बड़े भैया एक मोटी सी रस्सी लेकर आए हमने उसे पेट से लटका कर झूला बनाया सब ने मिलकर झूला झूला झूला बहुत सारे बच्चे आकर मज़े से,सावन का महीना था आसमान में बहुत से काले बादल छाये थे ठंडी ठंडी हवा चल रही थी मैंने सोचा आज झूला झूलते हैं बड़े भैया एक मोटी सी रस्सी लेकर आए हमने उसे पेड़ से लटका कर झूला बनाया सब ने मिलकर खूब झूला झूला बहुत सारे बच्चे आकर मज़े से,सावन का महीना था आसमान में बहुत से काे वाले छाए थे ठंडी ठंडी हवा चढ़ रही थी मैंने सोचा आप झूला झूलने झूलते हैं बड़े भैया एक मोटी सी रस्सी लेकर आए हमने उसे पेट से लटका कर झूला बनाया सब ने मिलकर झूला झूला झूला बहुत सारे बच्चे आकर मज़े से
/home/hp/Indain_children_spech/ASER-Dataset/audio_processed/chunks/Hindi RJ/3825/HI_S2_ST_0_chunk1.wav,Hindi,खेलने लगे खेलतेखेलते रात हो गई,खेलने लगे बस खेलते खेलते रात हो गयी,खेलने लगे खेलतेखेलते रात हो गई,खेलने लगे बस खेलते खेलते रात हो गयी
/home/hp/Indain_children_spech/ASER-Dataset/audio_processed/chunks/Hindi RJ/3841/HI_S1_ST_0_chunk0.wav,Hindi,बहुत दिनों से बारिश हो रही थी गाँव में सभी जगह गंदा पानी भर गया था सभी बारिश के रुकने की राह देख रहे थे अचानक एक दिन बारिश रुक गई,थ बारिश हो रही थी गाँव में सभी जगह गंद पानी भरा भर गया था सभी बारिश के रुकने की राह देख रहे थे अचानक एक दिन बारिश रुक गई,बहुत दिनों से बारिश हो रही थी गाँव में सभी जगह गंदा पानी भर गया था सभी बारिश के रुकने की राह देख रहे थे अचानक एक दिन बारिश रुक गई,थ बारिश हो रही थी गाँव में सभी जगह गंद पानी भरा भर गया था सभी बारिश के रुकने की राह देख रहे थे अचानक एक दिन बारिश रुक गई
/home/hp/Indain_children_spech/ASER-Dataset/audio_processed/chunks/Hindi RJ/3841/HI_S1_ST_0_chunk1.wav,Hindi,सूरज निकल आया सब लोग खुश हो गये आसमान में चिड़ियाँ उड़ने लगीं लोग अपने कपड़े सुखाने लगे बच्चे भी घरों से बाहर निकलकर खेलने लगे,सूरज निकल आया सब लोग खुश हो गए आसमान में चिड़िया उड़ने लगीं लोग अपने कपड़े सुखाने लगे बच्चे भी घरों से बाहर निकल खेलने लगे,सूरज निकल आया सब लोग खुश हो गये आसमान में चिड़ियाँ उड़ने लगीं लोग अपने कपड़े सुखाने लगे बच्चे भी घरों से बाहर निकलकर खेलने लगे,सूरज निकल आया सब लोग खुश हो गए आसमान में चिड़िया उड़ने लगीं लोग अपने कपड़े सुखाने लगे बच्चे भी घरों से बाहर निकल खेलने लगे
/home/hp/Indain_children_spech/ASER-Dataset/audio_processed/chunks/Hindi RJ/3856/HI_S4_ST_0_chunk0.wav,Hindi,रामपुर में कुछ ज़मीन ख़ाली थी वहाँ कुछ नहीं उगता था वहाँ कोई खेलने नहीं जाता था एक दिन कुछ लोग आए उन्होंने गाँव के लोगों को बुलाया सबने मिलकर तय किया कि यहाँ बग़ीचा बनाया जाए खाद मंगाकर हर तरह के पौधे लगाये गए सही समय पर पानी दिया,रामपुर में कुछ ज़मीन खाली थी वहाँ कुछ नहीं उगता था वहाँ कोई खेलने नहीं जाता था एक दिन कुछ लोग आए उन्होंने गाँव के लोगों को बुलाया और बुलाया सबने मिलकर तय किया कि यहाँ बगीचा बनाया जाए खाद म मंगा कर हर तरह के पौधे लगाए गए हैं सही समय पर पानी दिया,रामपुर में कुछ ज़मीन ख़ाली थी वहाँ कुछ नहीं उगता था वहाँ कोई खेलने नहीं जाता था एक दिन कुछ लोग आए उन्होंने गाँव के लोगों को बुलाया सबने मिलकर तय किया कि यहाँ बग़ीचा बनाया जाए खाद मंगाकर हर तरह के पौधे लगाये गए सही समय पर पानी दिया,रामपुर में कुछ ज़मीन खाली थी वहाँ कुछ नहीं उगता था वहाँ कोई खेलने नहीं जाता था एक दिन कुछ लोग आए उन्होंने गाँव के लोगों को बुलाया और बुलाया सबने मिलकर तय किया कि यहाँ बगीचा बनाया जाए खाद म मंगा कर हर तरह के पौधे लगाए गए हैं सही समय पर पानी दिया
/home/hp/Indain_children_spech/ASER-Dataset/audio_processed/chunks/Hindi RJ/3856/HI_S4_ST_0_chunk1.wav,Hindi,गया आज वहाँ एक सुंदर बग़ीचा है इसलिए वहाँ सब खेलने जाते हैं,गया आज वहाँ एक सुंदर बगीचा इसलिए वहां सब खेलने जाते हैं,गया आज वहाँ एक सुंदर बग़ीचा है इसलिए वहाँ सब खेलने जाते हैं,गया आज वहाँ एक सुंदर बगीचा इसलिए वहां सब खेलने जाते हैं
/home/hp/Indain_children_spech/ASER-Dataset/audio_processed/chunks/Hindi RJ/3869/HI_S1_ST_0_chunk0.wav,Hindi,बहुत दिनों से बारिश हो रही थी गाँव में सभी जगह गंदा पानी भर गया था सभी बारिश के रुकने की राह देख रहे थे अचानक एक दिन बारिश रुक गई सूरज निकल आया सब लोग खुश हो गये आसमान में चिड़ियाँ उड़ने लगीं लोग अपने कपड़े सुखाने,बहुत दिनों से बारिश हो रही थी गाँव में सभी जगह गंदा पानी भर गया था सभी बारिश के रुने की राय देख रहे थे अचानक ये की दिन बारिश रुक गई सूरज निकल आया सब लोग खुश हो गए आसमान में चिड़िया उड़ने लगी लोग अपने कपड़े सुखाने,बहुत दिनों से बारिश हो रही थी गाँव में सभी जगह गंदा पानी भर गया था सभी बारिश के रुकने की राह देख रहे थे अचानक एक दिन बारिश रुक गई सूरज निकल आया सब लोग खुश हो गये आसमान में चिड़ियाँ उड़ने लगीं लोग अपने कपड़े सुखाने,बहुत दिनों से बारिश हो रही थी गाँव में सभी जगह गंदा पानी भर गया था सभी बारिश के रुने की राय देख रहे थे अचानक ये की दिन बारिश रुक गई सूरज निकल आया सब लोग खुश हो गए आसमान में चिड़िया उड़ने लगी लोग अपने कपड़े सुखाने
/home/hp/Indain_children_spech/ASER-Dataset/audio_processed/chunks/Hindi RJ/3869/HI_S1_ST_0_chunk1.wav,Hindi,लगे बच्चे भी घरों से बाहर निकलकर खेलने लगे,लग बच्चे भी घरों से बाहर निकलकर खेलने लगे,लगे बच्चे भी घरों से बाहर निकलकर खेलने लगे,लग बच्चे भी घरों से बाहर निकलकर खेलने लगे
/home/hp/Indain_children_spech/ASER-Dataset/audio_processed/chunks/Hindi RJ/3926/HI_S1_ST_0_chunk0.wav,Hindi,बहुत दिनों से बारिश हो रही थी गाँव में सभी जगह गंदा पानी भर गया था सभी बारिश के रुकने की,बहुत दिनों से बारिश हो रही थी गाव में सभी जगह गंदा पानी भर गया था सभी बारिश के रोकने की रोकने की,बहुत दिनों से बारिश हो रही थी गाँव में सभी जगह गंदा पानी भर गया था सभी बारिश के रुकने की,बहुत दिनों से बारिश हो रही थी गाव में सभी जगह गंदा पानी भर गया था सभी बारिश के रोकने की रोकने की
/home/hp/Indain_children_spech/ASER-Dataset/audio_processed/chunks/Hindi RJ/3926/HI_S1_ST_0_chunk1.wav,Hindi,राह देख रहे थे अचानक एक दिन बारिश रुक गई सूरज निकल आया सब लोग खुश हो गये आसमान में चिड़ियाँ उड़ने लगीं लोग अपने कपड़े सुखाने लगे बच्चे भी घरों से बाहर निकलकर खेलने लगे,र देख रहे थे अचानक एक दिन बारिश रुक गई सूरज निकल आया सब लोग खुश हो गए आसमान में चिड़िया उड़ने लगी लोग अपनी अपने कपड़े सुखाने लगे बच्चे भी घरों से बाहर निकल कर खेलने लगी,राह देख रहे थे अचानक एक दिन बारिश रुक गई सूरज निकल आया सब लोग खुश हो गये आसमान में चिड़ियाँ उड़ने लगीं लोग अपने कपड़े सुखाने लगे बच्चे भी घरों से बाहर निकलकर खेलने लगे,र देख रहे थे अचानक एक दिन बारिश रुक गई सूरज निकल आया सब लोग खुश हो गए आसमान में चिड़िया उड़ने लगी लोग अपनी अपने कपड़े सुखाने लगे बच्चे भी घरों से बाहर निकल कर खेलने लगी
/home/hp/Indain_children_spech/ASER-Dataset/audio_processed/chunks/Hindi RJ/3975/HI_S3_ST_0_chunk0.wav,Hindi,विमला और अजय मेला देखने गये उन्हें मेले में तरहतरह की दुकाने दिखीं मेले में बहुत झूले थे वहाँ गरमगरम हलवा और जलेबियाँ भी बिक रहीं थीं जलेबी देखकर दोनों के मुँह में पानी,विमला और अजै मेला देखने गए उन उन्हें मेले में तरह तरह की दुकानें देखीं मेले में बहुत झूले थे वहाँ गर्म हम हवा हलवा और जलेबियाँ की बिक रही थी जलेबी देख कर दोनों ने मुँहे पानी आ गया,विमला और अजय मेला देखने गये उन्हें मेले में तरहतरह की दुकाने दिखीं मेले में बहुत झूले थे वहाँ गरमगरम हलवा और जलेबियाँ भी बिक रहीं थीं जलेबी देखकर दोनों के मुँह में पानी,विमला और अजै मेला देखने गए उन उन्हें मेले में तरह तरह की दुकानें देखीं मेले में बहुत झूले थे वहाँ गर्म हम हवा हलवा और जलेबियाँ की बिक रही थी जलेबी देख कर दोनों ने मुँहे पानी आ गया
/home/hp/Indain_children_spech/ASER-Dataset/audio_processed/chunks/Hindi RJ/3975/HI_S3_ST_0_chunk1.wav,Hindi,आने लगा उन्हें जलेबी खाने का मन हुआ विमला ने जलेबी खरीदी दोनों दोस्तों ने मिलकर जलेबी खाई शाम को दोनों घर लौट आये,ने लगा उन्हें जलेबी खाने का मन हुआ विमला ने जलेबी खरीदी दोनों दोस्तों ने मिलकर जलेबी खाई शाम को दोनों घर लौटे आए,आने लगा उन्हें जलेबी खाने का मन हुआ विमला ने जलेबी खरीदी दोनों दोस्तों ने मिलकर जलेबी खाई शाम को दोनों घर लौट आये,ने लगा उन्हें जलेबी खाने का मन हुआ विमला ने जलेबी खरीदी दोनों दोस्तों ने मिलकर जलेबी खाई शाम को दोनों घर लौटे आए
/home/hp/Indain_children_spech/ASER-Dataset/audio_processed/chunks/Hindi RJ/3980/HI_S2_ST_0_chunk0.wav,Hindi,सावन का महीना था आसमान में बहुत से काले बादल छाये थे ठंडी ठंडी हवा चल रही थी मैंने सोचा आज झूला झूलते हैं बड़े भैया एक मोटी सी रस्सी लेकर आए हमने उसे पेड़ से लटका कर झूला बनाया सब,शवन का महीना था आसमान में बहुत से काले बादल छाए थे ठंडी ठंडी हवा चल रही थी मैंने सोचा आज मूला झोल झूला झोलते हैं बड़े भैया एक मोती सी मोटी सी रस्सी लेकर आए हमने उसे पेड़ से लटका कर झूला बनाया सब,सावन का महीना था आसमान में बहुत से काले बादल छाये थे ठंडी ठंडी हवा चल रही थी मैंने सोचा आज झूला झूलते हैं बड़े भैया एक मोटी सी रस्सी लेकर आए हमने उसे पेड़ से लटका कर झूला बनाया सब,शवन का महीना था आसमान में बहुत से काले बादल छाए थे ठंडी ठंडी हवा चल रही थी मैंने सोचा आज मूला झोल झूला झोलते हैं बड़े भैया एक मोती सी मोटी सी रस्सी लेकर आए हमने उसे पेड़ से लटका कर झूला बनाया सब
/home/hp/Indain_children_spech/ASER-Dataset/audio_processed/chunks/Hindi RJ/3980/HI_S2_ST_0_chunk1.wav,Hindi,ने मिलकर खूब झूला झूला बहुत सारे बच्चे आकर मज़े से खेलने लगे खेलतेखेलते रात हो गई,नै मिल कर खूब झूला झूला बहुत सारे बच्चे आकर मजे से खेलने लगे खेलते खेलते रात हो गई,ने मिलकर खूब झूला झूला बहुत सारे बच्चे आकर मज़े से खेलने लगे खेलतेखेलते रात हो गई,नै मिल कर खूब झूला झूला बहुत सारे बच्चे आकर मजे से खेलने लगे खेलते खेलते रात हो गई
/home/hp/Indain_children_spech/ASER-Dataset/audio_processed/chunks/Hindi RJ/4012/HI_S4_ST_0_chunk0.wav,Hindi,रामपुर में कुछ ज़मीन ख़ाली थी वहाँ कुछ नहीं उगता था वहाँ कोई खेलने नहीं जाता था एक दिन कुछ लोग आए उन्होंने गाँव के लोगों को बुलाया सबने मिलकर,रामपुर में कुछ जमीन जमीन खाली थी वहाँ कुछ नहीं उ उगता था वहाँ कोई खेलने नहीं जाता था एक दिन कुछ लोग आए उन्होंने गाँव के लोगों को बुलाया सबने मिलकर,रामपुर में कुछ ज़मीन ख़ाली थी वहाँ कुछ नहीं उगता था वहाँ कोई खेलने नहीं जाता था एक दिन कुछ लोग आए उन्होंने गाँव के लोगों को बुलाया सबने मिलकर,रामपुर में कुछ जमीन जमीन खाली थी वहाँ कुछ नहीं उ उगता था वहाँ कोई खेलने नहीं जाता था एक दिन कुछ लोग आए उन्होंने गाँव के लोगों को बुलाया सबने मिलकर
/home/hp/Indain_children_spech/ASER-Dataset/audio_processed/chunks/Hindi RJ/4012/HI_S4_ST_0_chunk1.wav,Hindi,तय किया कि यहाँ बग़ीचा बनाया जाए खाद मंगाकर हर तरह के पौधे लगाये गए सही समय पर पानी दिया गया आज वहाँ एक,त किया कि बगी माकर हररह के पौधे लगाए गए सही समय पर पानी दिया गया आज वहां एक,तय किया कि यहाँ बग़ीचा बनाया जाए खाद मंगाकर हर तरह के पौधे लगाये गए सही समय पर पानी दिया गया आज वहाँ एक,त किया कि बगी माकर हररह के पौधे लगाए गए सही समय पर पानी दिया गया आज वहां एक
/home/hp/Indain_children_spech/ASER-Dataset/audio_processed/chunks/Hindi RJ/4012/HI_S4_ST_0_chunk2.wav,Hindi,सुंदर बग़ीचा है इसलिए वहाँ सब खेलने जाते हैं,सुंदर बगीचा है इसलिए वहाँ सब खेल खेलने जा जाते हैं,सुंदर बग़ीचा है इसलिए वहाँ सब खेलने जाते हैं,सुंदर बगीचा है इसलिए वहाँ सब खेल खेलने जा जाते हैं
/home/hp/Indain_children_spech/ASER-Dataset/audio_processed/chunks/Hindi RJ/4049/HI_S2_ST_0_chunk0.wav,Hindi,सावन का महीना था आसमान में बहुत से काले बादल छाये थे ठंडी ठंडी हवा चल रही थी मैंने सोचा आज झूला झूलते हैं बड़े भैया एक मोटी सी रस्सी लेकर आए हमने उसे पेड़ से लटका कर झूला बनाया सब ने मिलकर खूब झूला,का महीना थाले ठंडी ठंडी हवा चल रही थी झते हैं बड़े भैया एक मोटी रस्सी लेकर आए हमने उसे पेड़ से लटका कर लटका कर झूला बनाया सबने मिलकर खूब झूला,सावन का महीना था आसमान में बहुत से काले बादल छाये थे ठंडी ठंडी हवा चल रही थी मैंने सोचा आज झूला झूलते हैं बड़े भैया एक मोटी सी रस्सी लेकर आए हमने उसे पेड़ से लटका कर झूला बनाया सब ने मिलकर खूब झूला,का महीना थाले ठंडी ठंडी हवा चल रही थी झते हैं बड़े भैया एक मोटी रस्सी लेकर आए हमने उसे पेड़ से लटका कर लटका कर झूला बनाया सबने मिलकर खूब झूला
/home/hp/Indain_children_spech/ASER-Dataset/audio_processed/chunks/Hindi RJ/4049/HI_S2_ST_0_chunk1.wav,Hindi,झूला बहुत सारे बच्चे आकर मज़े से खेलने लगे खेलतेखेलते रात हो गई,बहुत बहुत सारे बच्चे आकर मजे से खेल खेलने लगे खेलते खेलते रात हो,झूला बहुत सारे बच्चे आकर मज़े से खेलने लगे खेलतेखेलते रात हो गई,बहुत बहुत सारे बच्चे आकर मजे से खेल खेलने लगे खेलते खेलते रात हो
/home/hp/Indain_children_spech/ASER-Dataset/audio_processed/chunks/Hindi RJ/4075/HI_S4_ST_0_chunk0.wav,Hindi,रामपुर में कुछ ज़मीन ख़ाली थी वहाँ कुछ नहीं उगता था वहाँ कोई खेलने नहीं जाता था एक दिन कुछ लोग आए उन्होंने गाँव के लोगों को बुलाया सबने मिलकर तय किया कि,रामपुर में कुछ जम खाली थी वहां कुछ नहींता था वहां कोई खेलने नहीं जाता था एक दिन कुछ लोग आए उन्होंने गांव के लोगों को सबने मिलकर तय किया कि,रामपुर में कुछ ज़मीन ख़ाली थी वहाँ कुछ नहीं उगता था वहाँ कोई खेलने नहीं जाता था एक दिन कुछ लोग आए उन्होंने गाँव के लोगों को बुलाया सबने मिलकर तय किया कि,रामपुर में कुछ जम खाली थी वहां कुछ नहींता था वहां कोई खेलने नहीं जाता था एक दिन कुछ लोग आए उन्होंने गांव के लोगों को सबने मिलकर तय किया कि
/home/hp/Indain_children_spech/ASER-Dataset/audio_processed/chunks/Hindi RJ/4075/HI_S4_ST_0_chunk1.wav,Hindi,यहाँ बग़ीचा बनाया जाए खाद मंगाकर हर तरह के पौधे लगाये गए सही समय पर पानी दिया गया आज वहाँ एक सुंदर बग़ीचा है इसलिए वहाँ सब खेलने जाते हैं,यहाँ यहाँ बगीचा बनाया जाए काज बगाकर हर तरह के पौधे लगाए गए सही समय पर पानी दिया गया आज वहाँ एक सुंदर बगीचा है इसलिए वहाँ सब खेलने जाते हैं,यहाँ बग़ीचा बनाया जाए खाद मंगाकर हर तरह के पौधे लगाये गए सही समय पर पानी दिया गया आज वहाँ एक सुंदर बग़ीचा है इसलिए वहाँ सब खेलने जाते हैं,यहाँ यहाँ बगीचा बनाया जाए काज बगाकर हर तरह के पौधे लगाए गए सही समय पर पानी दिया गया आज वहाँ एक सुंदर बगीचा है इसलिए वहाँ सब खेलने जाते हैं
/home/hp/Indain_children_spech/ASER-Dataset/audio_processed/chunks/Hindi RJ/4096/HI_S2_P_0_chunk0.wav,Hindi,सोनी के पास एक माला है उसमें बहुत सारे मोती हैं मोती पीले रंग के,सोनी के पास एक माला है उस में बहुत सार मोती है मोती पीले र की,सोनी के पास एक माला है उसमें बहुत सारे मोती हैं मोती पीले रंग के,सोनी के पास एक माला है उस में बहुत सार मोती है मोती पीले र की
/home/hp/Indain_children_spech/ASER-Dataset/audio_processed/chunks/Hindi RJ/4096/HI_S2_P_0_chunk1.wav,Hindi,हैं सोनी उसे पहनती है,है सोनी  सी ते है नती है,हैं सोनी उसे पहनती है,है सोनी सी ते है नती है
/home/hp/Indain_children_spech/ASER-Dataset/audio_processed/chunks/Hindi RJ/4096/HI_S2_ST_0_chunk0.wav,Hindi,सावन का महीना था आसमान में बहुत से काले बादल छाये थे,साव ने साबन का महीना था आ समान में बती से काले बादल चू ही चुए थे,सावन का महीना था आसमान में बहुत से काले बादल छाये थे,साव ने साबन का महीना था आ समान में बती से काले बादल चू ही चुए थे
/home/hp/Indain_children_spech/ASER-Dataset/audio_processed/chunks/Hindi RJ/4096/HI_S2_ST_0_chunk1.wav,Hindi,ठंडी ठंडी हवा चल रही थी मैंने सोचा आज,दंदी ंदी हवा च ले रही थी मई में सोना आज,ठंडी ठंडी हवा चल रही थी मैंने सोचा आज,दंदी ंदी हवा च ले रही थी मई में सोना आज
/home/hp/Indain_children_spech/ASER-Dataset/audio_processed/chunks/Hindi RJ/4096/HI_S2_ST_0_chunk2.wav,Hindi,झूला झूलते हैं बड़े भैया एक मोटी सी रस्सी लेकर,शू लेती हैं बैड़ बड़ी बहुत एक मोटी सी रहसे स ले कर,झूला झूलते हैं बड़े भैया एक मोटी सी रस्सी लेकर,शू लेती हैं बैड़ बड़ी बहुत एक मोटी सी रहसे स ले कर
/home/hp/Indain_children_spech/ASER-Dataset/audio_processed/chunks/Hindi RJ/4096/HI_S2_ST_0_chunk3.wav,Hindi,आए हमने उसे पेड़ से लटका कर झूला बनाया सब,आ ही है मैंने कुस पेड़ से ले ड का कर झूला ड है ड न या बनाया सभी,आए हमने उसे पेड़ से लटका कर झूला बनाया सब,आ ही है मैंने कुस पेड़ से ले ड का कर झूला ड है ड न या बनाया सभी
/home/hp/Indain_children_spech/ASER-Dataset/audio_processed/chunks/Hindi RJ/4096/HI_S2_ST_0_chunk4.wav,Hindi,ने मिलकर खूब झूला झूला बहुत सारे बच्चे आकर मज़े से,शूला झूला बहुत सारीे बच्चे आकार मजे,ने मिलकर खूब झूला झूला बहुत सारे बच्चे आकर मज़े से,शूला झूला बहुत सारीे बच्चे आकार मजे
/home/hp/Indain_children_spech/ASER-Dataset/audio_processed/chunks/Hindi RJ/4096/HI_S2_ST_0_chunk5.wav,Hindi,खेलने लगे खेलतेखेलते रात हो गई,खेल में गई खेलते खेलते रा के राते हो गई,खेलने लगे खेलतेखेलते रात हो गई,खेल में गई खेलते खेलते रा के राते हो गई
/home/hp/Indain_children_spech/ASER-Dataset/audio_processed/chunks/Hindi RJ/4108/HI_S2_ST_0_chunk0.wav,Hindi,सावन का महीना था आसमान में बहुत से काले बादल छाये थे ठंडी ठंडी हवा चल रही थी मैंने सोचा आज झूला झूलते हैं बड़े भैया एक मोटी सी रस्सी,सावन का महीना था सावन से बहुत से काले बादल छाए थे ठंडी ठंडी हवा चल रही थी मैंने सोचा आज झूला झूलते हैं बड़े भाई से एक मोटीी,सावन का महीना था आसमान में बहुत से काले बादल छाये थे ठंडी ठंडी हवा चल रही थी मैंने सोचा आज झूला झूलते हैं बड़े भैया एक मोटी सी रस्सी,सावन का महीना था सावन से बहुत से काले बादल छाए थे ठंडी ठंडी हवा चल रही थी मैंने सोचा आज झूला झूलते हैं बड़े भाई से एक मोटीी
/home/hp/Indain_children_spech/ASER-Dataset/audio_processed/chunks/Hindi RJ/4108/HI_S2_ST_0_chunk1.wav,Hindi,लेकर आए हमने उसे पेड़ से लटका कर झूला बनाया सब ने मिलकर खूब झूला झूला बहुत सारे बच्चे आकर मज़े से खेलने लगे खेलतेखेलते रात हो गई,लेकर आए हमने उसे पेड़ से लटका कर झूला बनाया सब ने मिलकर झूला फूल झूला झूला बहुत सारे बच्चे आकर मजे से खेल गए खेले ख खेले खेले रात हो गई,लेकर आए हमने उसे पेड़ से लटका कर झूला बनाया सब ने मिलकर खूब झूला झूला बहुत सारे बच्चे आकर मज़े से खेलने लगे खेलतेखेलते रात हो गई,लेकर आए हमने उसे पेड़ से लटका कर झूला बनाया सब ने मिलकर झूला फूल झूला झूला बहुत सारे बच्चे आकर मजे से खेल गए खेले ख खेले खेले रात हो गई
/home/hp/Indain_children_spech/ASER-Dataset/audio_processed/chunks/Hindi RJ/4188/HI_S4_ST_0_chunk0.wav,Hindi,रामपुर में कुछ ज़मीन ख़ाली थी वहाँ कुछ नहीं उगता था वहाँ कोई खेलने नहीं जाता था एक दिन कुछ लोग आए उन्होंने गाँव के लोगों को बुलाया सबने मिलकर तय किया कि यहाँ बग़ीचा बनाया जाए खाद मंगाकर हर तरह के पौधे लगाये गए सही समय पर पानी दिया गया,रामपुर में कुछ जमीन खाली थी वहा कुछ नहीं उगता था व वहा कोई खेलने नहीं जाता था एक दिन कुछ लोग आए उन्होंने गाँव को लोगों को बुलाया सबको सबने मिलकर तय किया कि यहाँ बगीचा बनाया बनाया जाए खाद मंगाकर हर तरह के पौधे लगाए गए सही समय पर पानी दिया गया,रामपुर में कुछ ज़मीन ख़ाली थी वहाँ कुछ नहीं उगता था वहाँ कोई खेलने नहीं जाता था एक दिन कुछ लोग आए उन्होंने गाँव के लोगों को बुलाया सबने मिलकर तय किया कि यहाँ बग़ीचा बनाया जाए खाद मंगाकर हर तरह के पौधे लगाये गए सही समय पर पानी दिया गया,रामपुर में कुछ जमीन खाली थी वहा कुछ नहीं उगता था व वहा कोई खेलने नहीं जाता था एक दिन कुछ लोग आए उन्होंने गाँव को लोगों को बुलाया सबको सबने मिलकर तय किया कि यहाँ बगीचा बनाया बनाया जाए खाद मंगाकर हर तरह के पौधे लगाए गए सही समय पर पानी दिया गया
/home/hp/Indain_children_spech/ASER-Dataset/audio_processed/chunks/Hindi RJ/4188/HI_S4_ST_0_chunk1.wav,Hindi,आज वहाँ एक सुंदर बग़ीचा है इसलिए वहाँ सब खेलने जाते हैं,आज वहाँ एक सुंदर बगीचा है इसलिए वहाँ सब खेलने जाते हैं,आज वहाँ एक सुंदर बग़ीचा है इसलिए वहाँ सब खेलने जाते हैं,आज वहाँ एक सुंदर बगीचा है इसलिए वहाँ सब खेलने जाते हैं
/home/hp/Indain_children_spech/ASER-Dataset/audio_processed/chunks/Hindi RJ/4220/HI_S2_ST_0_chunk0.wav,Hindi,सावन का महीना था आसमान में बहुत से काले बादल छाये थे ठंडी ठंडी हवा चल रही थी मैंने सोचा आज झूला झूलते हैं बड़े भैया एक मोटी सी रस्सी लेकर आए हमने उसे पेड़ से लटका कर झूला बनाया सब ने मिलकर खूब झूला,सावन का महीना था आसमान में बहुत से काले बादल छाए थे ठंडी ठंडी हवा चल रही थी मंने सच आज झूला झू है बड़े भैया एक मोटे सी रस्सी लेकर आए हमने उसी पेड़ से लटका कर झूला बनाया सब ने मिलकर खूब झूला,सावन का महीना था आसमान में बहुत से काले बादल छाये थे ठंडी ठंडी हवा चल रही थी मैंने सोचा आज झूला झूलते हैं बड़े भैया एक मोटी सी रस्सी लेकर आए हमने उसे पेड़ से लटका कर झूला बनाया सब ने मिलकर खूब झूला,सावन का महीना था आसमान में बहुत से काले बादल छाए थे ठंडी ठंडी हवा चल रही थी मंने सच आज झूला झू है बड़े भैया एक मोटे सी रस्सी लेकर आए हमने उसी पेड़ से लटका कर झूला बनाया सब ने मिलकर खूब झूला
/home/hp/Indain_children_spech/ASER-Dataset/audio_processed/chunks/Hindi RJ/4220/HI_S2_ST_0_chunk1.wav,Hindi,झूला बहुत सारे बच्चे आकर मज़े से खेलने लगे खेलतेखेलते रात हो गई,झूला बहुत सारे बच्चे आ आकर मजे से खेले खेले खेले रात हो गई,झूला बहुत सारे बच्चे आकर मज़े से खेलने लगे खेलतेखेलते रात हो गई,झूला बहुत सारे बच्चे आ आकर मजे से खेले खेले खेले रात हो गई
/home/hp/Indain_children_spech/ASER-Dataset/audio_processed/chunks/Hindi RJ/4243/HI_S1_ST_0_chunk0.wav,Hindi,बहुत दिनों से बारिश हो रही थी गाँव में सभी जगह गंदा पानी भर गया था सभी बारिश के रुकने की राह देख रहे थे अचानक एक दिन बारिश रुक गई सूरज निकल आया सब लोग खुश हो गये आसमान,बहुत दिन बि रोकने की राय देख रहे थे अचानक एक दिन बारिश रुक गई सूरज निकल आया सब लोग खुश हो गए आसमान में,बहुत दिनों से बारिश हो रही थी गाँव में सभी जगह गंदा पानी भर गया था सभी बारिश के रुकने की राह देख रहे थे अचानक एक दिन बारिश रुक गई सूरज निकल आया सब लोग खुश हो गये आसमान,बहुत दिन बि रोकने की राय देख रहे थे अचानक एक दिन बारिश रुक गई सूरज निकल आया सब लोग खुश हो गए आसमान में
/home/hp/Indain_children_spech/ASER-Dataset/audio_processed/chunks/Hindi RJ/4243/HI_S1_ST_0_chunk1.wav,Hindi,में चिड़ियाँ उड़ने लगीं लोग अपने कपड़े सुखाने लगे बच्चे भी घरों से बाहर निकलकर खेलने लगे,में चिड़िया उड़ने लगी लोग अपने कपड़े सुखाने लगे बच्चे भी घरों से बाहर निकल कर खो खेलने लगे,में चिड़ियाँ उड़ने लगीं लोग अपने कपड़े सुखाने लगे बच्चे भी घरों से बाहर निकलकर खेलने लगे,में चिड़िया उड़ने लगी लोग अपने कपड़े सुखाने लगे बच्चे भी घरों से बाहर निकल कर खो खेलने लगे
/home/hp/Indain_children_spech/ASER-Dataset/audio_processed/chunks/Hindi RJ/4264/HI_S2_ST_0_chunk0.wav,Hindi,सावन का महीना था आसमान में बहुत से काले बादल छाये थे ठंडी ठंडी हवा चल रही थी मैंने सोचा आज झूला झूलते हैं बड़े भैया एक मोटी सी रस्सी लेकर आए हमने उसे पेड़ से लटका कर झूला बनाया सब ने मिलकर खूब झूला झूला बहुत सारे बच्चे,सावन का महीना था आसमान में बहुत काले बादल त रहे थे तंदी तंदी हवा तल रही थी मैंने तोता आज धूला ूमते हैं बदे भैया एक मोटी सी रत्ती लेकर आए हमने उसे पेड़ के ते लटक कर धूला बनाया सबने मिलकर खूब धूला धूला बहुत सारे बच्चे,सावन का महीना था आसमान में बहुत से काले बादल छाये थे ठंडी ठंडी हवा चल रही थी मैंने सोचा आज झूला झूलते हैं बड़े भैया एक मोटी सी रस्सी लेकर आए हमने उसे पेड़ से लटका कर झूला बनाया सब ने मिलकर खूब झूला झूला बहुत सारे बच्चे,सावन का महीना था आसमान में बहुत काले बादल त रहे थे तंदी तंदी हवा तल रही थी मैंने तोता आज धूला ूमते हैं बदे भैया एक मोटी सी रत्ती लेकर आए हमने उसे पेड़ के ते लटक कर धूला बनाया सबने मिलकर खूब धूला धूला बहुत सारे बच्चे
/home/hp/Indain_children_spech/ASER-Dataset/audio_processed/chunks/Hindi RJ/4264/HI_S2_ST_0_chunk1.wav,Hindi,आकर मज़े से खेलने लगे खेलतेखेलते रात हो गई,कर मजे से खेलने लगे खेलते खेलते रात हो गई,आकर मज़े से खेलने लगे खेलतेखेलते रात हो गई,कर मजे से खेलने लगे खेलते खेलते रात हो गई
/home/hp/Indain_children_spech/ASER-Dataset/audio_processed/chunks/Hindi RJ/4280/HI_S3_P_1_chunk0.wav,Hindi,काले बादल छाए हैं तेज़ बारिश हो रही है,काले बादल छा एक है तेज़ ब ब रस हो रही है,काले बादल छाए हैं तेज़ बारिश हो रही है,काले बादल छा एक है तेज़ ब ब रस हो रही है
/home/hp/Indain_children_spech/ASER-Dataset/audio_processed/chunks/Hindi RJ/4280/HI_S3_P_1_chunk1.wav,Hindi,मोर भी नाच रहा है सब नाच देख रहे हैं,मोर भीी नाच र ह है सभीी नाच देखे रहे हैं हैं,मोर भी नाच रहा है सब नाच देख रहे हैं,मोर भीी नाच र ह है सभीी नाच देखे रहे हैं हैं
/home/hp/Indain_children_spech/ASER-Dataset/audio_processed/chunks/Hindi RJ/4280/HI_S3_ST_0_chunk0.wav,Hindi,विमला और अजय मेला देखने गये,बीम ला और एजया में ला देखो ने ब ए,विमला और अजय मेला देखने गये,बीम ला और एजया में ला देखो ने ब ए
/home/hp/Indain_children_spech/ASER-Dataset/audio_processed/chunks/Hindi RJ/4280/HI_S3_ST_0_chunk1.wav,Hindi,उन्हें मेले में तरहतरह की,है ले मेले में तरह तरह की,उन्हें मेले में तरहतरह की,है ले मेले में तरह तरह की
/home/hp/Indain_children_spech/ASER-Dataset/audio_processed/chunks/Hindi RJ/4280/HI_S3_ST_0_chunk2.wav,Hindi,दुकाने दिखीं मेले में बहुत झूले थे वहाँ गरमगरम हलवा और जलेबियाँ भी बिक रहीं थीं,दुकाने दी थी मिली है में बह बहु थे,दुकाने दिखीं मेले में बहुत झूले थे वहाँ गरमगरम हलवा और जलेबियाँ भी बिक रहीं थीं,दुकाने दी थी मिली है में बह बहु थे
/home/hp/Indain_children_spech/ASER-Dataset/audio_processed/chunks/Hindi RJ/4280/HI_S3_ST_0_chunk3.wav,Hindi,जलेबी देखकर दोनों के मुँह में पानी आने लगा उन्हें जलेबी खाने का मन हुआ विमला ने जलेबी खरीदी दोनों दोस्तों ने मिलकर जलेबी खाई शाम को,जूले थे ब हा घर में घर में है ल और ज बी या,जलेबी देखकर दोनों के मुँह में पानी आने लगा उन्हें जलेबी खाने का मन हुआ विमला ने जलेबी खरीदी दोनों दोस्तों ने मिलकर जलेबी खाई शाम को,जूले थे ब हा घर में घर में है ल और ज बी या
/home/hp/Indain_children_spech/ASER-Dataset/audio_processed/chunks/Hindi RJ/4280/HI_S3_ST_0_chunk4.wav,Hindi,दोनों घर लौट आये,ी बीच,दोनों घर लौट आये,ी बीच
/home/hp/Indain_children_spech/ASER-Dataset/audio_processed/chunks/Hindi RJ/4285/HI_S3_P_1_chunk0.wav,Hindi,काले बादल छाए हैं तेज़ बारिश हो रही है,काले बादल छए हैं चजें बारल से हो रही है,काले बादल छाए हैं तेज़ बारिश हो रही है,काले बादल छए हैं चजें बारल से हो रही है
/home/hp/Indain_children_spech/ASER-Dataset/audio_processed/chunks/Hindi RJ/4285/HI_S3_P_1_chunk1.wav,Hindi,मोर भी नाच रहा है सब नाच देख,मो मोर मी नाच लेहा स नाच क देख,मोर भी नाच रहा है सब नाच देख,मो मोर मी नाच लेहा स नाच क देख
/home/hp/Indain_children_spech/ASER-Dataset/audio_processed/chunks/Hindi RJ/4285/HI_S3_P_1_chunk2.wav,Hindi,रहे हैं,जल्ी जल्द फेडी,रहे हैं,जल्ी जल्द फेडी
/home/hp/Indain_children_spech/ASER-Dataset/audio_processed/chunks/Hindi RJ/4300/HI_S3_ST_0_chunk0.wav,Hindi,विमला और अजय मेला देखने गये उन्हें मेले में तरहतरह की दुकाने दिखीं मेले में बहुत झूले थे वहाँ गरमगरम हलवा और जलेबियाँ भी बिक रहीं थीं जलेबी देखकर दोनों के मुँह में पानी आने लगा उन्हें जलेबी खाने का मन हुआ विमला ने जलेबी खरीदी,विमला और अजय मेला देखने गए उन्हें मेले में तरह तरह की दुकाने दिखी मेले में बहुत झूले थे वहाँ गर्म गर्म हलवा और जलेबियाँ भी बिक रही थीं जलेबी देखकर दोनों के मुँह में पानी आने लगा उन्हें जलेबी खाने का मन हुआ विमला ने जलेबी खरीदी,विमला और अजय मेला देखने गये उन्हें मेले में तरहतरह की दुकाने दिखीं मेले में बहुत झूले थे वहाँ गरमगरम हलवा और जलेबियाँ भी बिक रहीं थीं जलेबी देखकर दोनों के मुँह में पानी आने लगा उन्हें जलेबी खाने का मन हुआ विमला ने जलेबी खरीदी,विमला और अजय मेला देखने गए उन्हें मेले में तरह तरह की दुकाने दिखी मेले में बहुत झूले थे वहाँ गर्म गर्म हलवा और जलेबियाँ भी बिक रही थीं जलेबी देखकर दोनों के मुँह में पानी आने लगा उन्हें जलेबी खाने का मन हुआ विमला ने जलेबी खरीदी
/home/hp/Indain_children_spech/ASER-Dataset/audio_processed/chunks/Hindi RJ/4300/HI_S3_ST_0_chunk1.wav,Hindi,दोनों दोस्तों ने मिलकर जलेबी खाई शाम को दोनों घर लौट आये,दोनों दोस्तों ने मिलकर जलेबी खाई शाम को दोनों घर लौट आए,दोनों दोस्तों ने मिलकर जलेबी खाई शाम को दोनों घर लौट आये,दोनों दोस्तों ने मिलकर जलेबी खाई शाम को दोनों घर लौट आए
/home/hp/Indain_children_spech/ASER-Dataset/audio_processed/chunks/Hindi RJ/4309/HI_S4_P_0_chunk0.wav,Hindi,बग़ीचे में पेड़ हैं पेड़ पर एक तोता रहता है तोते का रंग हरा है वह,ब बगीचे में पेड़ है पेड़ पर एक तोता रहता है तोते का रंग हरा है वह,बग़ीचे में पेड़ हैं पेड़ पर एक तोता रहता है तोते का रंग हरा है वह,ब बगीचे में पेड़ है पेड़ पर एक तोता रहता है तोते का रंग हरा है वह
/home/hp/Indain_children_spech/ASER-Dataset/audio_processed/chunks/Hindi RJ/4309/HI_S4_P_0_chunk1.wav,Hindi,लाल टमाटर खाता है,लाल टमाटर खाता है,लाल टमाटर खाता है,लाल टमाटर खाता है
/home/hp/Indain_children_spech/ASER-Dataset/audio_processed/chunks/Hindi RJ/4415/HI_S4_ST_0_chunk0.wav,Hindi,रामपुर में कुछ ज़मीन ख़ाली थी वहाँ कुछ नहीं उगता था वहाँ कोई खेलने नहीं जाता था एक दिन कुछ लोग आए उन्होंने गाँव के लोगों को बुलाया सबने मिलकर तय किया कि यहाँ बग़ीचा बनाया जाए खाद मंगाकर हर तरह के पौधे,रामपुर के कुछ ज़मीन खाली थी वहाँ कुछ नहीं उ उगता था वहाँ कोई खेल खेलने नहीं जाता था एक दिन कुछ लोग लोग आए उन्होंने गाँव के लोगों को बुलाया सबने मिलकर तय किया कि यहाँ बगीचा बनाया जाए जाए खाद गाकर हर तरह के पौधों लगाएे,रामपुर में कुछ ज़मीन ख़ाली थी वहाँ कुछ नहीं उगता था वहाँ कोई खेलने नहीं जाता था एक दिन कुछ लोग आए उन्होंने गाँव के लोगों को बुलाया सबने मिलकर तय किया कि यहाँ बग़ीचा बनाया जाए खाद मंगाकर हर तरह के पौधे,रामपुर के कुछ ज़मीन खाली थी वहाँ कुछ नहीं उ उगता था वहाँ कोई खेल खेलने नहीं जाता था एक दिन कुछ लोग लोग आए उन्होंने गाँव के लोगों को बुलाया सबने मिलकर तय किया कि यहाँ बगीचा बनाया जाए जाए खाद गाकर हर तरह के पौधों लगाएे
/home/hp/Indain_children_spech/ASER-Dataset/audio_processed/chunks/Hindi RJ/4415/HI_S4_ST_0_chunk1.wav,Hindi,लगाये गए सही समय पर पानी दिया गया आज वहाँ एक सुंदर बग़ीचा है इसलिए वहाँ सब खेलने जाते हैं,लगाए गए सही समय पर पानी दिया गया आज वहाँ एक सुंदर बगीचा है इसलिए वहाँ सब खेलने जाते हैं,लगाये गए सही समय पर पानी दिया गया आज वहाँ एक सुंदर बग़ीचा है इसलिए वहाँ सब खेलने जाते हैं,लगाए गए सही समय पर पानी दिया गया आज वहाँ एक सुंदर बगीचा है इसलिए वहाँ सब खेलने जाते हैं
/home/hp/Indain_children_spech/ASER-Dataset/audio_processed/chunks/Hindi RJ/4448/HI_S3_ST_0_chunk0.wav,Hindi,विमला और अजय मेला देखने गये उन्हें मेले में तरहतरह की दुकाने दिखीं मेले में बहुत झूले थे वहाँ,ला और में तरह तरह की दुकाने दिखा दिखी मेले में बहुत झू झूले थे वहा,विमला और अजय मेला देखने गये उन्हें मेले में तरहतरह की दुकाने दिखीं मेले में बहुत झूले थे वहाँ,ला और में तरह तरह की दुकाने दिखा दिखी मेले में बहुत झू झूले थे वहा
/home/hp/Indain_children_spech/ASER-Dataset/audio_processed/chunks/Hindi RJ/4448/HI_S3_ST_0_chunk1.wav,Hindi,गरमगरम हलवा और जलेबियाँ भी बिक रहीं थीं जलेबी देखकर दोनों के मुँह में पानी आने लगा उन्हें जलेबी खाने का मन हुआ विमला ने जलेबी खरीदी,दोनों के मुह में पानी आ गया उन्हें जलेबी खाने का मन हुआ विमला ने जलेबी खरीदी दोनों,गरमगरम हलवा और जलेबियाँ भी बिक रहीं थीं जलेबी देखकर दोनों के मुँह में पानी आने लगा उन्हें जलेबी खाने का मन हुआ विमला ने जलेबी खरीदी,दोनों के मुह में पानी आ गया उन्हें जलेबी खाने का मन हुआ विमला ने जलेबी खरीदी दोनों
/home/hp/Indain_children_spech/ASER-Dataset/audio_processed/chunks/Hindi RJ/4448/HI_S3_ST_0_chunk2.wav,Hindi,दोनों दोस्तों ने मिलकर जलेबी खाई शाम को दोनों घर लौट आये,दोनों दोस्तों ने मिलकर जलेबी खाई शाम को दोनों घर लौट गए आ गए,दोनों दोस्तों ने मिलकर जलेबी खाई शाम को दोनों घर लौट आये,दोनों दोस्तों ने मिलकर जलेबी खाई शाम को दोनों घर लौट गए आ गए
/home/hp/Indain_children_spech/ASER-Dataset/audio_processed/chunks/Hindi RJ/4452/HI_S3_ST_0_chunk0.wav,Hindi,विमला और अजय मेला देखने गये उन्हें मेले में तरहतरह की दुकाने दिखीं मेले में बहुत झूले थे वहाँ गरमगरम हलवा और जलेबियाँ भी,शिमला और अजय मेले देखने गए उन्हें मेले में अलग अलग की दुकानें दिखी मेले में बहुत झूले थे वहाँ गर्म गर्म हवा और हलवा और जलेबियाँ भी,विमला और अजय मेला देखने गये उन्हें मेले में तरहतरह की दुकाने दिखीं मेले में बहुत झूले थे वहाँ गरमगरम हलवा और जलेबियाँ भी,शिमला और अजय मेले देखने गए उन्हें मेले में अलग अलग की दुकानें दिखी मेले में बहुत झूले थे वहाँ गर्म गर्म हवा और हलवा और जलेबियाँ भी
/home/hp/Indain_children_spech/ASER-Dataset/audio_processed/chunks/Hindi RJ/4452/HI_S3_ST_0_chunk1.wav,Hindi,बिक रहीं थीं जलेबी देखकर दोनों के मुँह में पानी आने लगा उन्हें जलेबी खाने का मन हुआ विमला ने जलेबी खरीदी दोनों दोस्तों ने मिलकर जलेबी खाई शाम को,बिग रही थी देखकर दोन के मुंह में पानी आ गया उन्ही खाने का मन हुआ विमला ने जलेबी खरीदी दोनों दोस्त ने मिलकर जलेबी खाई शाम को,बिक रहीं थीं जलेबी देखकर दोनों के मुँह में पानी आने लगा उन्हें जलेबी खाने का मन हुआ विमला ने जलेबी खरीदी दोनों दोस्तों ने मिलकर जलेबी खाई शाम को,बिग रही थी देखकर दोन के मुंह में पानी आ गया उन्ही खाने का मन हुआ विमला ने जलेबी खरीदी दोनों दोस्त ने मिलकर जलेबी खाई शाम को
/home/hp/Indain_children_spech/ASER-Dataset/audio_processed/chunks/Hindi RJ/4452/HI_S3_ST_0_chunk2.wav,Hindi,दोनों घर लौट आये,दोनों कार लौट गए,दोनों घर लौट आये,दोनों कार लौट गए
/home/hp/Indain_children_spech/ASER-Dataset/audio_processed/chunks/Hindi RJ/4474/HI_S3_P_1_chunk0.wav,Hindi,काले बादल छाए हैं तेज़ बारिश हो रही है मोर भी नाच रहा है,काले बादल छ क छए हैं तेज बारिश हो रही है मोर भी नाचे र ब है,काले बादल छाए हैं तेज़ बारिश हो रही है मोर भी नाच रहा है,काले बादल छ क छए हैं तेज बारिश हो रही है मोर भी नाचे र ब है
/home/hp/Indain_children_spech/ASER-Dataset/audio_processed/chunks/Hindi RJ/4474/HI_S3_P_1_chunk1.wav,Hindi,सब नाच देख रहे हैं,सब नाचे दे देख रहे हैं,सब नाच देख रहे हैं,सब नाचे दे देख रहे हैं
/home/hp/Indain_children_spech/ASER-Dataset/audio_processed/chunks/Hindi RJ/4483/HI_S3_ST_0_chunk0.wav,Hindi,विमला और अजय मेला देखने गये उन्हें मेले में तरहतरह की दुकाने दिखीं मेले में बहुत झूले थे वहाँ गरमगरम,विमला और अज मेला देखने गए मेले में तरह तरह की दुकानें दिखी मेले में बहुत झूले थे वहा गर्म गर्म,विमला और अजय मेला देखने गये उन्हें मेले में तरहतरह की दुकाने दिखीं मेले में बहुत झूले थे वहाँ गरमगरम,विमला और अज मेला देखने गए मेले में तरह तरह की दुकानें दिखी मेले में बहुत झूले थे वहा गर्म गर्म
/home/hp/Indain_children_spech/ASER-Dataset/audio_processed/chunks/Hindi RJ/4483/HI_S3_ST_0_chunk1.wav,Hindi,हलवा और जलेबियाँ भी बिक रहीं थीं जलेबी देखकर दोनों के मुँह में,हआए और जलेबिया भी बिक रही थीलेबिया देखकर दोनों के मुह में,हलवा और जलेबियाँ भी बिक रहीं थीं जलेबी देखकर दोनों के मुँह में,हआए और जलेबिया भी बिक रही थीलेबिया देखकर दोनों के मुह में
/home/hp/Indain_children_spech/ASER-Dataset/audio_processed/chunks/Hindi RJ/4483/HI_S3_ST_0_chunk2.wav,Hindi,पानी आने लगा उन्हें जलेबी खाने का मन हुआ विमला ने जलेबी खरीदी दोनों दोस्तों ने मिलकर जलेबी खाई शाम को दोनों घर लौट आये,पानी आने लगा वह जलेबी खाने का मन हुआ विमला ने जलेबी रुख खरीदी दोनों दोस्त ने मिलकर जलेबी खाई शाम को दोनों घर टल गए,पानी आने लगा उन्हें जलेबी खाने का मन हुआ विमला ने जलेबी खरीदी दोनों दोस्तों ने मिलकर जलेबी खाई शाम को दोनों घर लौट आये,पानी आने लगा वह जलेबी खाने का मन हुआ विमला ने जलेबी रुख खरीदी दोनों दोस्त ने मिलकर जलेबी खाई शाम को दोनों घर टल गए
/home/hp/Indain_children_spech/ASER-Dataset/audio_processed/chunks/Hindi RJ/4492/HI_S4_ST_0_chunk0.wav,Hindi,रामपुर में कुछ ज़मीन ख़ाली थी वहाँ कुछ नहीं उगता था वहाँ कोई खेलने नहीं जाता था एक दिन कुछ लोग आए उन्होंने गाँव के लोगों को बुलाया सबने मिलकर तय किया कि यहाँ बग़ीचा बनाया जाए खाद मंगाकर हर तरह के,रामपुर में कुछ जमीन खाली थी वह कुछ नहीं उगता था वहाह कोई खेलने नहीं जाता था एक दिन कुछ लोग आए उन्होंने गाँव के लोगों के बुलाए सामने मिलकर तय किया कि यह बगीचा मयाजाई खादर शह के,रामपुर में कुछ ज़मीन ख़ाली थी वहाँ कुछ नहीं उगता था वहाँ कोई खेलने नहीं जाता था एक दिन कुछ लोग आए उन्होंने गाँव के लोगों को बुलाया सबने मिलकर तय किया कि यहाँ बग़ीचा बनाया जाए खाद मंगाकर हर तरह के,रामपुर में कुछ जमीन खाली थी वह कुछ नहीं उगता था वहाह कोई खेलने नहीं जाता था एक दिन कुछ लोग आए उन्होंने गाँव के लोगों के बुलाए सामने मिलकर तय किया कि यह बगीचा मयाजाई खादर शह के
/home/hp/Indain_children_spech/ASER-Dataset/audio_processed/chunks/Hindi RJ/4492/HI_S4_ST_0_chunk1.wav,Hindi,पौधे लगाये गए सही समय पर पानी दिया गया आज वहाँ एक सुंदर बग़ीचा है इसलिए वहाँ सब खेलने जाते हैं,पौधे लगाए गए सही समय पर दिए गए आज वही एक सुंदर बगीचा है इसके बाहर तब खेलने जाते हैं,पौधे लगाये गए सही समय पर पानी दिया गया आज वहाँ एक सुंदर बग़ीचा है इसलिए वहाँ सब खेलने जाते हैं,पौधे लगाए गए सही समय पर दिए गए आज वही एक सुंदर बगीचा है इसके बाहर तब खेलने जाते हैं
/home/hp/Indain_children_spech/ASER-Dataset/audio_processed/chunks/Hindi RJ/4494/HI_S3_ST_0_chunk0.wav,Hindi,विमला और अजय मेला देखने गये उन्हें मेले में तरहतरह की दुकाने दिखीं मेले में बहुत झूले थे वहाँ गरमगरम हलवा और जलेबियाँ भी बिक रहीं थीं जलेबी देखकर दोनों के,अ तरह तरह मे में बुत झूले थे गम हलावा और जलेबियां भी र थ बख रही थी जलेबी देखकर दोनों के,विमला और अजय मेला देखने गये उन्हें मेले में तरहतरह की दुकाने दिखीं मेले में बहुत झूले थे वहाँ गरमगरम हलवा और जलेबियाँ भी बिक रहीं थीं जलेबी देखकर दोनों के,अ तरह तरह मे में बुत झूले थे गम हलावा और जलेबियां भी र थ बख रही थी जलेबी देखकर दोनों के
/home/hp/Indain_children_spech/ASER-Dataset/audio_processed/chunks/Hindi RJ/4494/HI_S3_ST_0_chunk1.wav,Hindi,मुँह में पानी आने लगा उन्हें जलेबी खाने का मन हुआ विमला ने जलेबी खरीदी दोनों दोस्तों ने मिलकर जलेबी खाई शाम को दोनों घर लौट आये,मूँह में पानी आ आने लगा उन्हें जलेबी खाने का मन हुआ बमला ने जलेबी खरीदी दोनों दोस्त ने मिलकर जलेबी खाई शाम को दोनों घर लौट आए,मुँह में पानी आने लगा उन्हें जलेबी खाने का मन हुआ विमला ने जलेबी खरीदी दोनों दोस्तों ने मिलकर जलेबी खाई शाम को दोनों घर लौट आये,मूँह में पानी आ आने लगा उन्हें जलेबी खाने का मन हुआ बमला ने जलेबी खरीदी दोनों दोस्त ने मिलकर जलेबी खाई शाम को दोनों घर लौट आए
/home/hp/Indain_children_spech/ASER-Dataset/audio_processed/chunks/Hindi RJ/4499/HI_S2_P_0_chunk0.wav,Hindi,सोनी के पास एक माला है उसमें बहुत सारे मोती हैं मोती पीले रंग के,सोनी के पास एक माला है उसमें बहुत सारे मोती है मोती पीले रंग के,सोनी के पास एक माला है उसमें बहुत सारे मोती हैं मोती पीले रंग के,सोनी के पास एक माला है उसमें बहुत सारे मोती है मोती पीले रंग के
/home/hp/Indain_children_spech/ASER-Dataset/audio_processed/chunks/Hindi RJ/4499/HI_S2_P_0_chunk1.wav,Hindi,हैं सोनी उसे पहनती है,है सोनी उससे उसे पहनती है,हैं सोनी उसे पहनती है,है सोनी उससे उसे पहनती है
/home/hp/Indain_children_spech/ASER-Dataset/audio_processed/chunks/Hindi RJ/4536/HI_S2_P_0_chunk0.wav,Hindi,सोनी के पास एक माला है उसमें बहुत सारे मोती हैं मोती,े पच एक है उसमें बहुत सारे मूली है मोती,सोनी के पास एक माला है उसमें बहुत सारे मोती हैं मोती,े पच एक है उसमें बहुत सारे मूली है मोती
/home/hp/Indain_children_spech/ASER-Dataset/audio_processed/chunks/Hindi RJ/4536/HI_S2_P_0_chunk1.wav,Hindi,पीले रंग के हैं सोनी उसे पहनती है,पीले हरे थे हैं सुनी उसे पहनती है,पीले रंग के हैं सोनी उसे पहनती है,पीले हरे थे हैं सुनी उसे पहनती है
/home/hp/Indain_children_spech/ASER-Dataset/audio_processed/chunks/Hindi RJ/4544/HI_S4_ST_0_chunk0.wav,Hindi,रामपुर में कुछ ज़मीन ख़ाली थी वहाँ कुछ नहीं उगता था वहाँ कोई खेलने नहीं जाता था एक दिन कुछ लोग आए उन्होंने गाँव के लोगों को बुलाया सबने मिलकर तय किया कि यहाँ बग़ीचा बनाया जाए खाद,रामपुर में कुछ जमीन खाली थी कुछ उघला था वह कोई खेने नहीं ही जाता था एक दिन कुछ लोग आए उन्हें गाँव में लोगों को बुलाया सबने मिलकर तय किया कि यहाँ बगीचा बनाया जाएगा खाद,रामपुर में कुछ ज़मीन ख़ाली थी वहाँ कुछ नहीं उगता था वहाँ कोई खेलने नहीं जाता था एक दिन कुछ लोग आए उन्होंने गाँव के लोगों को बुलाया सबने मिलकर तय किया कि यहाँ बग़ीचा बनाया जाए खाद,रामपुर में कुछ जमीन खाली थी कुछ उघला था वह कोई खेने नहीं ही जाता था एक दिन कुछ लोग आए उन्हें गाँव में लोगों को बुलाया सबने मिलकर तय किया कि यहाँ बगीचा बनाया जाएगा खाद
/home/hp/Indain_children_spech/ASER-Dataset/audio_processed/chunks/Hindi RJ/4544/HI_S4_ST_0_chunk1.wav,Hindi,मंगाकर हर तरह के पौधे लगाये गए सही समय पर पानी दिया गया आज वहाँ एक सुंदर बग़ीचा है इसलिए वहाँ सब खेलने जाते हैं,गाकर हर तरह में पौधे लगाएगे लगाएंगे गए सही समय पर पानी दिया गया गया आज वहाँ एक सुंदर बगीचा है इसलिए वहाँ सब खेल ले जाते हैं,मंगाकर हर तरह के पौधे लगाये गए सही समय पर पानी दिया गया आज वहाँ एक सुंदर बग़ीचा है इसलिए वहाँ सब खेलने जाते हैं,गाकर हर तरह में पौधे लगाएगे लगाएंगे गए सही समय पर पानी दिया गया गया आज वहाँ एक सुंदर बगीचा है इसलिए वहाँ सब खेल ले जाते हैं
/home/hp/Indain_children_spech/ASER-Dataset/audio_processed/chunks/Hindi RJ/4632/HI_S2_ST_0_chunk0.wav,Hindi,सावन का महीना था आसमान में बहुत से काले बादल छाये थे ठंडी ठंडी हवा चल रही थी मैंने,सावन का महीना था आसमान में बहुत से काले बादल हाथ हाथ छाते थे ी ठंडी ठंडी हवा चल रही थी मैंने,सावन का महीना था आसमान में बहुत से काले बादल छाये थे ठंडी ठंडी हवा चल रही थी मैंने,सावन का महीना था आसमान में बहुत से काले बादल हाथ हाथ छाते थे ी ठंडी ठंडी हवा चल रही थी मैंने
/home/hp/Indain_children_spech/ASER-Dataset/audio_processed/chunks/Hindi RJ/4632/HI_S2_ST_0_chunk1.wav,Hindi,सोचा आज झूला झूलते हैं बड़े भैया एक मोटी सी रस्सी लेकर आए हमने उसे पेड़ से,सोचा आज झूला झूलते है बड़े भैया एक मोटी सी रस्सी लेकर आए हमने उसे पेड़ से,सोचा आज झूला झूलते हैं बड़े भैया एक मोटी सी रस्सी लेकर आए हमने उसे पेड़ से,सोचा आज झूला झूलते है बड़े भैया एक मोटी सी रस्सी लेकर आए हमने उसे पेड़ से
/home/hp/Indain_children_spech/ASER-Dataset/audio_processed/chunks/Hindi RJ/4632/HI_S2_ST_0_chunk2.wav,Hindi,लटका कर झूला बनाया सब ने मिलकर खूब झूला झूला बहुत सारे बच्चे आकर मज़े से,झूला खूब झूला झूला बहुत सारे बच्चे आकर अप आकर मजे से,लटका कर झूला बनाया सब ने मिलकर खूब झूला झूला बहुत सारे बच्चे आकर मज़े से,झूला खूब झूला झूला बहुत सारे बच्चे आकर अप आकर मजे से
/home/hp/Indain_children_spech/ASER-Dataset/audio_processed/chunks/Hindi RJ/4632/HI_S2_ST_0_chunk3.wav,Hindi,खेलने लगे खेलतेखेलते रात हो गई,खेलने गए खेलते खेलते रात हो गई,खेलने लगे खेलतेखेलते रात हो गई,खेलने गए खेलते खेलते रात हो गई
/home/hp/Indain_children_spech/ASER-Dataset/audio_processed/chunks/Hindi RJ/4668/HI_S1_P_0_chunk0.wav,Hindi,राधा के पास एक तोता है,हसे हसेदा के सा पास एक तोता है,राधा के पास एक तोता है,हसे हसेदा के सा पास एक तोता है
/home/hp/Indain_children_spech/ASER-Dataset/audio_processed/chunks/Hindi RJ/4668/HI_S1_P_0_chunk1.wav,Hindi,उसकी चोंच लाल है वह बहुत बोलता है सब को हँसाता है,उसकी टोच लाल है वह बहुत बोलता है सबक सबको हँसाता है,उसकी चोंच लाल है वह बहुत बोलता है सब को हँसाता है,उसकी टोच लाल है वह बहुत बोलता है सबक सबको हँसाता है
/home/hp/Indain_children_spech/ASER-Dataset/audio_processed/chunks/Hindi RJ/4668/HI_S1_ST_0_chunk0.wav,Hindi,बहुत दिनों से बारिश हो रही थी गाँव में सभी जगह गंदा,बहुत दिनों से बारिश हो रही थी गाँव में सभी जगह गदा,बहुत दिनों से बारिश हो रही थी गाँव में सभी जगह गंदा,बहुत दिनों से बारिश हो रही थी गाँव में सभी जगह गदा
/home/hp/Indain_children_spech/ASER-Dataset/audio_processed/chunks/Hindi RJ/4668/HI_S1_ST_0_chunk1.wav,Hindi,पानी भर गया था सभी बारिश के रुकने की राह,पानी भर गया था सभी बारिश के चुकने की राहत,पानी भर गया था सभी बारिश के रुकने की राह,पानी भर गया था सभी बारिश के चुकने की राहत
/home/hp/Indain_children_spech/ASER-Dataset/audio_processed/chunks/Hindi RJ/4668/HI_S1_ST_0_chunk2.wav,Hindi,देख रहे थे,देख हैे,देख रहे थे,देख हैे
/home/hp/Indain_children_spech/ASER-Dataset/audio_processed/chunks/Hindi RJ/4668/HI_S1_ST_0_chunk3.wav,Hindi,अचानक एक दिन बारिश रुक गई सूरज निकल आया सब लोग,अचक एक दिन बारिश रुक गई सूरज निकल आया सब लोग,अचानक एक दिन बारिश रुक गई सूरज निकल आया सब लोग,अचक एक दिन बारिश रुक गई सूरज निकल आया सब लोग
/home/hp/Indain_children_spech/ASER-Dataset/audio_processed/chunks/Hindi RJ/4668/HI_S1_ST_0_chunk4.wav,Hindi,खुश हो गये आसमान में चिड़ियाँ उड़ने लगीं,खुश हो गए आसमान में सिढ़ियाँ उठने लगीं,खुश हो गये आसमान में चिड़ियाँ उड़ने लगीं,खुश हो गए आसमान में सिढ़ियाँ उठने लगीं
/home/hp/Indain_children_spech/ASER-Dataset/audio_processed/chunks/Hindi RJ/4668/HI_S1_ST_0_chunk5.wav,Hindi,लोग अपने कपड़े सुखाने लगे बच्चे भी घरों से,लोग अपने कपड़े सुखाने लगे बच्चे भी हलो से,लोग अपने कपड़े सुखाने लगे बच्चे भी घरों से,लोग अपने कपड़े सुखाने लगे बच्चे भी हलो से
/home/hp/Indain_children_spech/ASER-Dataset/audio_processed/chunks/Hindi RJ/4668/HI_S1_ST_0_chunk6.wav,Hindi,बाहर निकलकर,कार निकालकर,बाहर निकलकर,कार निकालकर
/home/hp/Indain_children_spech/ASER-Dataset/audio_processed/chunks/Hindi RJ/4668/HI_S1_ST_0_chunk7.wav,Hindi,खेलने लगे,खेलने लगे,खेलने लगे,खेलने लगे
/home/hp/Indain_children_spech/ASER-Dataset/audio_processed/chunks/Hindi RJ/4684/HI_S4_ST_0_chunk0.wav,Hindi,रामपुर में कुछ ज़मीन ख़ाली थी वहाँ कुछ नहीं उगता था वहाँ कोई खेलने नहीं जाता था एक दिन कुछ लोग आए उन्होंने गाँव के लोगों को,रामपुर में कुछ जमीन खाली थी वहा कुछ नहींगेलता था वहां कोई खेलने नहीं जाता था एक दिन कुछ लोग आए उन्होंने गांव के लोगों को,रामपुर में कुछ ज़मीन ख़ाली थी वहाँ कुछ नहीं उगता था वहाँ कोई खेलने नहीं जाता था एक दिन कुछ लोग आए उन्होंने गाँव के लोगों को,रामपुर में कुछ जमीन खाली थी वहा कुछ नहींगेलता था वहां कोई खेलने नहीं जाता था एक दिन कुछ लोग आए उन्होंने गांव के लोगों को
/home/hp/Indain_children_spech/ASER-Dataset/audio_processed/chunks/Hindi RJ/4684/HI_S4_ST_0_chunk1.wav,Hindi,बुलाया सबने मिलकर तय किया कि यहाँ बग़ीचा बनाया जाए खाद मंगाकर हर तरह के पौधे लगाये गए सही समय पर पानी दिया गया आज वहाँ एक सुंदर बग़ीचा है इसलिए वहाँ सब खेलने जाते,बनाया जाए खाद मनगार कर हर तरह के पौधे लगाए गए सही समय पर पानी दिया गया आज वहाँ एक सुंदर बगीचा है इसलिए वहाँ सभी खेलने जाते हैं,बुलाया सबने मिलकर तय किया कि यहाँ बग़ीचा बनाया जाए खाद मंगाकर हर तरह के पौधे लगाये गए सही समय पर पानी दिया गया आज वहाँ एक सुंदर बग़ीचा है इसलिए वहाँ सब खेलने जाते,बनाया जाए खाद मनगार कर हर तरह के पौधे लगाए गए सही समय पर पानी दिया गया आज वहाँ एक सुंदर बगीचा है इसलिए वहाँ सभी खेलने जाते हैं
/home/hp/Indain_children_spech/ASER-Dataset/audio_processed/chunks/Hindi RJ/4716/HI_S4_ST_0_chunk0.wav,Hindi,रामपुर में कुछ ज़मीन ख़ाली थी वहाँ कुछ नहीं उगता था वहाँ कोई खेलने नहीं जाता था एक दिन कुछ लोग आए उन्होंने गाँव के लोगों को बुलाया सबने मिलकर तय किया कि यहाँ बग़ीचा बनाया जाए खाद मंगाकर हर तरह के पौधे लगाये गए सही समय पर पानी दिया गया आज वहाँ एक सुंदर बग़ीचा है,रामपुर में कुछ जमीन खाली थी वहाँ कुछ नहीं उगता था वहाँ कोई खेलने नहीं जाता था एक दिन कुछ लोग आए उन्होंने गाँव के लोगों को बुलाया सबने मिलकर तय किया कि यहाँ बगीचा बनाया जाए खाद मंगा कर हर तरह के पौधे लगाए गए सही समय पर पानी दिया गया आज वहाँ एक सुंदर बगीचा है,रामपुर में कुछ ज़मीन ख़ाली थी वहाँ कुछ नहीं उगता था वहाँ कोई खेलने नहीं जाता था एक दिन कुछ लोग आए उन्होंने गाँव के लोगों को बुलाया सबने मिलकर तय किया कि यहाँ बग़ीचा बनाया जाए खाद मंगाकर हर तरह के पौधे लगाये गए सही समय पर पानी दिया गया आज वहाँ एक सुंदर बग़ीचा है,रामपुर में कुछ जमीन खाली थी वहाँ कुछ नहीं उगता था वहाँ कोई खेलने नहीं जाता था एक दिन कुछ लोग आए उन्होंने गाँव के लोगों को बुलाया सबने मिलकर तय किया कि यहाँ बगीचा बनाया जाए खाद मंगा कर हर तरह के पौधे लगाए गए सही समय पर पानी दिया गया आज वहाँ एक सुंदर बगीचा है
/home/hp/Indain_children_spech/ASER-Dataset/audio_processed/chunks/Hindi RJ/4716/HI_S4_ST_0_chunk1.wav,Hindi,इसलिए वहाँ सब खेलने जाते हैं,इसलिए वहाँ सब खेलने जाते हैं,इसलिए वहाँ सब खेलने जाते हैं,इसलिए वहाँ सब खेलने जाते हैं
/home/hp/Indain_children_spech/ASER-Dataset/audio_processed/chunks/Hindi RJ/4729/HI_S2_ST_0_chunk0.wav,Hindi,सावन का महीना था आसमान में बहुत से काले बादल छाये थे ठंडी ठंडी हवा चल रही थी मैंने सोचा आज झूला झूलते हैं बड़े भैया एक मोटी सी रस्सी लेकर आए हमने उसे पेड़ से,सावन का महीना था आसमान में बहुत से काले बादल छाए थे ठंडी ठंडी हवा च रही थी मैंने सोचा आज झूला झूलने है झूलते हैं बड़े भैया एक मोती की सी रस्सी लेकर आए हमने उसे पेड़ में,सावन का महीना था आसमान में बहुत से काले बादल छाये थे ठंडी ठंडी हवा चल रही थी मैंने सोचा आज झूला झूलते हैं बड़े भैया एक मोटी सी रस्सी लेकर आए हमने उसे पेड़ से,सावन का महीना था आसमान में बहुत से काले बादल छाए थे ठंडी ठंडी हवा च रही थी मैंने सोचा आज झूला झूलने है झूलते हैं बड़े भैया एक मोती की सी रस्सी लेकर आए हमने उसे पेड़ में
/home/hp/Indain_children_spech/ASER-Dataset/audio_processed/chunks/Hindi RJ/4729/HI_S2_ST_0_chunk1.wav,Hindi,लटका कर झूला बनाया सब ने मिलकर खूब झूला झूला बहुत सारे बच्चे आकर मज़े से खेलने लगे खेलतेखेलते रात हो गई,लटका कर झूला बनाया सब ने मिलकर खूब झूला झूला बहुत सारे बच्चे आकर मजे से खेलने लगे खेलते खेलते रात हो गई,लटका कर झूला बनाया सब ने मिलकर खूब झूला झूला बहुत सारे बच्चे आकर मज़े से खेलने लगे खेलतेखेलते रात हो गई,लटका कर झूला बनाया सब ने मिलकर खूब झूला झूला बहुत सारे बच्चे आकर मजे से खेलने लगे खेलते खेलते रात हो गई
/home/hp/Indain_children_spech/ASER-Dataset/audio_processed/chunks/Hindi RJ/4732/HI_S4_ST_0_chunk0.wav,Hindi,रामपुर में कुछ ज़मीन ख़ाली थी वहाँ कुछ नहीं उगता था वहाँ कोई खेलने नहीं जाता था एक दिन कुछ लोग आए उन्होंने गाँव के लोगों को बुलाया सबने,र राम रामपुर में कुछन खाली थी यहा कुछ नहीं होता था वहाँ कोई खेने नहीं जाते थे एक दिन कुछ लोग आए उन्होंने गाव के लोगों को बुलाया सब ने,रामपुर में कुछ ज़मीन ख़ाली थी वहाँ कुछ नहीं उगता था वहाँ कोई खेलने नहीं जाता था एक दिन कुछ लोग आए उन्होंने गाँव के लोगों को बुलाया सबने,र राम रामपुर में कुछन खाली थी यहा कुछ नहीं होता था वहाँ कोई खेने नहीं जाते थे एक दिन कुछ लोग आए उन्होंने गाव के लोगों को बुलाया सब ने
/home/hp/Indain_children_spech/ASER-Dataset/audio_processed/chunks/Hindi RJ/4732/HI_S4_ST_0_chunk1.wav,Hindi,मिलकर तय किया कि यहाँ बग़ीचा बनाया जाए खाद मंगाकर हर तरह के पौधे लगाये गए सही समय पर पानी दिया गया आज वहाँ एक सुंदर बग़ीचा है इसलिए,मिलकर तय की कि यहां बगीचा बनाए जाए खाद मंग कर हर तरह के पौधे लगाए सही समय पर पानी दिया गया आज वहां एक सुंदर बगीचा है इसलिए,मिलकर तय किया कि यहाँ बग़ीचा बनाया जाए खाद मंगाकर हर तरह के पौधे लगाये गए सही समय पर पानी दिया गया आज वहाँ एक सुंदर बग़ीचा है इसलिए,मिलकर तय की कि यहां बगीचा बनाए जाए खाद मंग कर हर तरह के पौधे लगाए सही समय पर पानी दिया गया आज वहां एक सुंदर बगीचा है इसलिए
/home/hp/Indain_children_spech/ASER-Dataset/audio_processed/chunks/Hindi RJ/4732/HI_S4_ST_0_chunk2.wav,Hindi,वहाँ सब खेलने जाते हैं,वहाँ स ठीक नहीं जाता है,वहाँ सब खेलने जाते हैं,वहाँ स ठीक नहीं जाता है
/home/hp/Indain_children_spech/ASER-Dataset/audio_processed/chunks/Hindi RJ/4834/HI_S4_ST_0_chunk0.wav,Hindi,रामपुर में कुछ ज़मीन ख़ाली थी वहाँ कुछ नहीं उगता था वहाँ कोई खेलने नहीं जाता था एक दिन कुछ लोग आए उन्होंने गाँव के लोगों को बुलाया सबने मिलकर तय किया कि यहाँ बग़ीचा बनाया जाए खाद मंगाकर हर तरह के पौधे लगाये गए,रामपुर में कुछ जमीन खाली थी वहाँ कुछ नहीं उगता था वहाहँ कोई खेलने नहीं जाता था एक दिन कुछ लोग आए उन्होंने गाँव के लोगों को बुलाया सबने मिलकर क्याक किया कि यह बगीचा बनाया जाए खाद मंगा कर हर तरह के पौधे लगाए गए,रामपुर में कुछ ज़मीन ख़ाली थी वहाँ कुछ नहीं उगता था वहाँ कोई खेलने नहीं जाता था एक दिन कुछ लोग आए उन्होंने गाँव के लोगों को बुलाया सबने मिलकर तय किया कि यहाँ बग़ीचा बनाया जाए खाद मंगाकर हर तरह के पौधे लगाये गए,रामपुर में कुछ जमीन खाली थी वहाँ कुछ नहीं उगता था वहाहँ कोई खेलने नहीं जाता था एक दिन कुछ लोग आए उन्होंने गाँव के लोगों को बुलाया सबने मिलकर क्याक किया कि यह बगीचा बनाया जाए खाद मंगा कर हर तरह के पौधे लगाए गए
/home/hp/Indain_children_spech/ASER-Dataset/audio_processed/chunks/Hindi RJ/4834/HI_S4_ST_0_chunk1.wav,Hindi,सही समय पर पानी दिया गया आज वहाँ एक सुंदर बग़ीचा है इसलिए वहाँ सब खेलने जाते हैं,सही समय पर पानी दिया गया आज वहाँ एक सुंदर बगीचे है इसलिए वहाँ सब खेलने जाते हैं,सही समय पर पानी दिया गया आज वहाँ एक सुंदर बग़ीचा है इसलिए वहाँ सब खेलने जाते हैं,सही समय पर पानी दिया गया आज वहाँ एक सुंदर बगीचे है इसलिए वहाँ सब खेलने जाते हैं
/home/hp/Indain_children_spech/ASER-Dataset/audio_processed/chunks/Hindi RJ/4866/HI_S4_ST_0_chunk0.wav,Hindi,रामपुर में कुछ ज़मीन ख़ाली थी वहाँ कुछ नहीं उगता था वहाँ कोई खेलने नहीं जाता था एक दिन कुछ लोग आए उन्होंने गाँव के लोगों को बुलाया सबने मिलकर तय किया कि यहाँ बग़ीचा बनाया जाए खाद मंगाकर हर तरह के पौधे,रामपुर में कुछ जमीन खाली थी वहाँ कुछ नहीं उगता था वहाँ कोई खेलने नहीं जाता था एक दिन कुछ लोग आए उन्होंने गाँव के लोगों को बुलाया सबने मिलकर तय किया कि यहाँ बगीचा बनाया जाता है खाद महगाा हर तरह के पौधे,रामपुर में कुछ ज़मीन ख़ाली थी वहाँ कुछ नहीं उगता था वहाँ कोई खेलने नहीं जाता था एक दिन कुछ लोग आए उन्होंने गाँव के लोगों को बुलाया सबने मिलकर तय किया कि यहाँ बग़ीचा बनाया जाए खाद मंगाकर हर तरह के पौधे,रामपुर में कुछ जमीन खाली थी वहाँ कुछ नहीं उगता था वहाँ कोई खेलने नहीं जाता था एक दिन कुछ लोग आए उन्होंने गाँव के लोगों को बुलाया सबने मिलकर तय किया कि यहाँ बगीचा बनाया जाता है खाद महगाा हर तरह के पौधे
/home/hp/Indain_children_spech/ASER-Dataset/audio_processed/chunks/Hindi RJ/4866/HI_S4_ST_0_chunk1.wav,Hindi,लगाये गए सही समय पर पानी दिया गया आज वहाँ एक सुंदर बग़ीचा है इसलिए वहाँ सब खेलने जाते हैं,लगाए गए सही समय पर पानी दिया गया आज वहाँ एक सुंदर बगीचा है इसलिए वहाँ सब खेल खेलने जाते हैं,लगाये गए सही समय पर पानी दिया गया आज वहाँ एक सुंदर बग़ीचा है इसलिए वहाँ सब खेलने जाते हैं,लगाए गए सही समय पर पानी दिया गया आज वहाँ एक सुंदर बगीचा है इसलिए वहाँ सब खेल खेलने जाते हैं
/home/hp/Indain_children_spech/ASER-Dataset/audio_processed/chunks/Hindi RJ/4905/HI_S1_ST_0_chunk0.wav,Hindi,बहुत दिनों से बारिश हो रही थी गाँव में सभी जगह गंदा पानी भर गया था सभी बारिश के रुकने की,बहुत दिनों से बारिश हो रही थी गाँव में सभीगर गदा पानी भर गया था सभी बत्रश के रुकने की,बहुत दिनों से बारिश हो रही थी गाँव में सभी जगह गंदा पानी भर गया था सभी बारिश के रुकने की,बहुत दिनों से बारिश हो रही थी गाँव में सभीगर गदा पानी भर गया था सभी बत्रश के रुकने की
/home/hp/Indain_children_spech/ASER-Dataset/audio_processed/chunks/Hindi RJ/4905/HI_S1_ST_0_chunk1.wav,Hindi,राह देख रहे थे अचानक एक दिन बारिश रुक गई सूरज निकल आया सब लोग,दे रहे थे अच एक पर बारिश रुक गई स सूरज निकल आया सब लोग,राह देख रहे थे अचानक एक दिन बारिश रुक गई सूरज निकल आया सब लोग,दे रहे थे अच एक पर बारिश रुक गई स सूरज निकल आया सब लोग
/home/hp/Indain_children_spech/ASER-Dataset/audio_processed/chunks/Hindi RJ/4905/HI_S1_ST_0_chunk2.wav,Hindi,खुश हो गये आसमान में चिड़ियाँ उड़ने लगीं लोग अपने कपड़े सुखाने लगे बच्चे भी घरों से बाहर निकलकर खेलने,खुश हो गए आसमान में चिड़ियों लौड़ने लगी बाहर निकलकर खेलने,खुश हो गये आसमान में चिड़ियाँ उड़ने लगीं लोग अपने कपड़े सुखाने लगे बच्चे भी घरों से बाहर निकलकर खेलने,खुश हो गए आसमान में चिड़ियों लौड़ने लगी बाहर निकलकर खेलने
/home/hp/Indain_children_spech/ASER-Dataset/audio_processed/chunks/Hindi RJ/4905/HI_S1_ST_0_chunk3.wav,Hindi,लगे,ज पल,लगे,ज पल
/home/hp/Indain_children_spech/ASER-Dataset/audio_processed/chunks/Hindi RJ/4944/HI_S2_ST_0_chunk0.wav,Hindi,सावन का महीना था आसमान में बहुत से काले बादल छाये थे ठंडी ठंडी हवा चल रही थी मैंने सोचा आज झूला झूलते हैं बड़े भैया एक मोटी सी रस्सी लेकर आए हमने उसे पेड़ से लटका कर झूला बनाया सब ने मिलकर खूब झूला झूला बहुत सारे बच्चे आकर मज़े से खेलने लगे,सावन का महीना था आसमान में बहुत से काले बादल छाए थे ठंडी ठंडी हवा चल रही थी मैंने सोचा आज झूला झूलते हैं बड़े भैया एक मोटी सी रस्सी लेकर आए हमने उसे पेड़ से लटका कर झूला बनाया सब ने मिलकर खूब झूला झूला बहुत सारे बच्चे आकर मज़े से खेलने लगे,सावन का महीना था आसमान में बहुत से काले बादल छाये थे ठंडी ठंडी हवा चल रही थी मैंने सोचा आज झूला झूलते हैं बड़े भैया एक मोटी सी रस्सी लेकर आए हमने उसे पेड़ से लटका कर झूला बनाया सब ने मिलकर खूब झूला झूला बहुत सारे बच्चे आकर मज़े से खेलने लगे,सावन का महीना था आसमान में बहुत से काले बादल छाए थे ठंडी ठंडी हवा चल रही थी मैंने सोचा आज झूला झूलते हैं बड़े भैया एक मोटी सी रस्सी लेकर आए हमने उसे पेड़ से लटका कर झूला बनाया सब ने मिलकर खूब झूला झूला बहुत सारे बच्चे आकर मज़े से खेलने लगे
/home/hp/Indain_children_spech/ASER-Dataset/audio_processed/chunks/Hindi RJ/4944/HI_S2_ST_0_chunk1.wav,Hindi,खेलतेखेलते रात हो गई,खेलते खेलते रात हो गई,खेलतेखेलते रात हो गई,खेलते खेलते रात हो गई
/home/hp/Indain_children_spech/ASER-Dataset/audio_processed/chunks/Hindi RJ/4984/HI_S3_ST_0_chunk0.wav,Hindi,विमला और अजय मेला देखने गये उन्हें मेले में तरहतरह की दुकाने दिखीं मेले में बहुत झूले थे वहाँ गरमगरम हलवा और जलेबियाँ भी बिक रहीं थीं जलेबी देखकर दोनों के मुँह में पानी आने लगा उन्हें जलेबी खाने का मन हुआ,विमला और अजय मेले मेला देखने गए उन्हें मेले में तरह तरह की दुकाने दिखी मेले में बहुत ूले थे वहा गर्म गर्म हलवा और जलेबिया भी बिक रही थी जलेबी देख कर दोनों के मुँह में पानी आने लगा उन्हें जलेबी खाने का मन हुआ,विमला और अजय मेला देखने गये उन्हें मेले में तरहतरह की दुकाने दिखीं मेले में बहुत झूले थे वहाँ गरमगरम हलवा और जलेबियाँ भी बिक रहीं थीं जलेबी देखकर दोनों के मुँह में पानी आने लगा उन्हें जलेबी खाने का मन हुआ,विमला और अजय मेले मेला देखने गए उन्हें मेले में तरह तरह की दुकाने दिखी मेले में बहुत ूले थे वहा गर्म गर्म हलवा और जलेबिया भी बिक रही थी जलेबी देख कर दोनों के मुँह में पानी आने लगा उन्हें जलेबी खाने का मन हुआ
/home/hp/Indain_children_spech/ASER-Dataset/audio_processed/chunks/Hindi RJ/4984/HI_S3_ST_0_chunk1.wav,Hindi,विमला ने जलेबी खरीदी दोनों दोस्तों ने मिलकर जलेबी खाई शाम को दोनों घर लौट आये,वििमला ने जलेबी खरीदी दोनों दोस्तों ने मिलकर जलेबी खाई शाम को दोनों घर लौट आए,विमला ने जलेबी खरीदी दोनों दोस्तों ने मिलकर जलेबी खाई शाम को दोनों घर लौट आये,वििमला ने जलेबी खरीदी दोनों दोस्तों ने मिलकर जलेबी खाई शाम को दोनों घर लौट आए
/home/hp/Indain_children_spech/ASER-Dataset/audio_processed/chunks/Hindi RJ/4989/HI_S4_ST_0_chunk0.wav,Hindi,रामपुर में कुछ ज़मीन ख़ाली थी वहाँ कुछ नहीं उगता था वहाँ कोई खेलने नहीं जाता था एक दिन कुछ लोग आए उन्होंने गाँव के लोगों को बुलाया सबने मिलकर तय किया कि यहाँ बग़ीचा बनाया जाए,रामपुर में कुछ ज़मीन खाली थी वहाँ कुछ नहीं उगता था वहाँ कोई खेलने नहीं जाता था एक दिन कुछ लोग आए उन्होंने गाँव के लोगों को बुलाया सबने मिलकर तय किया कि यहाँ बगीचा बनाया जाए,रामपुर में कुछ ज़मीन ख़ाली थी वहाँ कुछ नहीं उगता था वहाँ कोई खेलने नहीं जाता था एक दिन कुछ लोग आए उन्होंने गाँव के लोगों को बुलाया सबने मिलकर तय किया कि यहाँ बग़ीचा बनाया जाए,रामपुर में कुछ ज़मीन खाली थी वहाँ कुछ नहीं उगता था वहाँ कोई खेलने नहीं जाता था एक दिन कुछ लोग आए उन्होंने गाँव के लोगों को बुलाया सबने मिलकर तय किया कि यहाँ बगीचा बनाया जाए
/home/hp/Indain_children_spech/ASER-Dataset/audio_processed/chunks/Hindi RJ/4989/HI_S4_ST_0_chunk1.wav,Hindi,खाद मंगाकर हर तरह के पौधे लगाये गए सही समय पर पानी दिया गया आज वहाँ एक सुंदर बग़ीचा है इसलिए वहाँ सब खेलने जाते हैं,खाद मंगा कर हर तरह के पौधे बनाए गए सही समय पर पानी दिया गया आज वहाँ एक सुंदर बगीचा है इसलिए वहाँ सब खेलने जाते हैं,खाद मंगाकर हर तरह के पौधे लगाये गए सही समय पर पानी दिया गया आज वहाँ एक सुंदर बग़ीचा है इसलिए वहाँ सब खेलने जाते हैं,खाद मंगा कर हर तरह के पौधे बनाए गए सही समय पर पानी दिया गया आज वहाँ एक सुंदर बगीचा है इसलिए वहाँ सब खेलने जाते हैं
/home/hp/Indain_children_spech/ASER-Dataset/audio_processed/chunks/Hindi RJ/5015/HI_S1_ST_0_chunk0.wav,Hindi,बहुत दिनों से बारिश हो रही थी गाँव में सभी जगह गंदा पानी भर गया था सभी बारिश के रुकने की राह देख रहे थे अचानक एक दिन,बहुत दिनों से बारिश हो रही थी गाँव में सभी जगह गंदा पानी भर गया था सभी बारिश के कहते हैं कि रात देख रहे थे अचानक एक दिन,बहुत दिनों से बारिश हो रही थी गाँव में सभी जगह गंदा पानी भर गया था सभी बारिश के रुकने की राह देख रहे थे अचानक एक दिन,बहुत दिनों से बारिश हो रही थी गाँव में सभी जगह गंदा पानी भर गया था सभी बारिश के कहते हैं कि रात देख रहे थे अचानक एक दिन
/home/hp/Indain_children_spech/ASER-Dataset/audio_processed/chunks/Hindi RJ/5015/HI_S1_ST_0_chunk1.wav,Hindi,बारिश रुक गई सूरज निकल आया सब लोग खुश हो गये आसमान में चिड़ियाँ उड़ने लगीं लोग अपने कपड़े सुखाने लगे बच्चे भी घरों से बाहर,बारिश रुक गई सुबह निकल आया सब लोग खुश हो गए आसमान में चिड़िया उड़ने लगी लोग अपने कपड़े सुखाने लगे बच्चे भी घरों से बाहर,बारिश रुक गई सूरज निकल आया सब लोग खुश हो गये आसमान में चिड़ियाँ उड़ने लगीं लोग अपने कपड़े सुखाने लगे बच्चे भी घरों से बाहर,बारिश रुक गई सुबह निकल आया सब लोग खुश हो गए आसमान में चिड़िया उड़ने लगी लोग अपने कपड़े सुखाने लगे बच्चे भी घरों से बाहर
/home/hp/Indain_children_spech/ASER-Dataset/audio_processed/chunks/Hindi RJ/5015/HI_S1_ST_0_chunk2.wav,Hindi,निकलकर खेलने लगे,एक कल कर खेल में लगे,निकलकर खेलने लगे,एक कल कर खेल में लगे
/home/hp/Indain_children_spech/ASER-Dataset/audio_processed/chunks/Hindi RJ/5080/HI_S1_ST_0_chunk0.wav,Hindi,बहुत दिनों से बारिश हो रही थी गाँव में सभी जगह गंदा पानी भर गया था सभी बारिश के रुकने की राह देख रहे थे अचानक एक दिन बारिश रुक गई सूरज निकल आया सब लोग खुश हो गये,बहुत दिनों से बारिश हो रही थी गाँव में सभी जगह गंदा पानी भर गया था सभी बारिशों के रुकने रुकने की राह देख रहे थे अचानक एक दिन बारिश रुक गई सूरज निकल आया सब लोग खुश हो गए,बहुत दिनों से बारिश हो रही थी गाँव में सभी जगह गंदा पानी भर गया था सभी बारिश के रुकने की राह देख रहे थे अचानक एक दिन बारिश रुक गई सूरज निकल आया सब लोग खुश हो गये,बहुत दिनों से बारिश हो रही थी गाँव में सभी जगह गंदा पानी भर गया था सभी बारिशों के रुकने रुकने की राह देख रहे थे अचानक एक दिन बारिश रुक गई सूरज निकल आया सब लोग खुश हो गए
/home/hp/Indain_children_spech/ASER-Dataset/audio_processed/chunks/Hindi RJ/5080/HI_S1_ST_0_chunk1.wav,Hindi,आसमान में चिड़ियाँ उड़ने लगीं लोग अपने कपड़े सुखाने लगे बच्चे भी घरों से बाहर निकलकर खेलने लगे,आसमान आसमान में चिड़िया उड़ने लगी लोग लोग लोग अपने कपड़े सुखाने लगे बच्चे बच्चे भी भी बच्चे भी घरों में बाहर निकल कर खे खेलने की लगे,आसमान में चिड़ियाँ उड़ने लगीं लोग अपने कपड़े सुखाने लगे बच्चे भी घरों से बाहर निकलकर खेलने लगे,आसमान आसमान में चिड़िया उड़ने लगी लोग लोग लोग अपने कपड़े सुखाने लगे बच्चे बच्चे भी भी बच्चे भी घरों में बाहर निकल कर खे खेलने की लगे
/home/hp/Indain_children_spech/ASER-Dataset/audio_processed/chunks/Hindi RJ/5169/HI_S1_P_0_chunk0.wav,Hindi,राधा के पास एक तोता है,राधा पास पासता चेता चेता है,राधा के पास एक तोता है,राधा पास पासता चेता चेता है
/home/hp/Indain_children_spech/ASER-Dataset/audio_processed/chunks/Hindi RJ/5169/HI_S1_P_0_chunk1.wav,Hindi,उसकी चोंच लाल है वह बहुत बोलता है सब को,उसकी चींच लिसलाल है भूलता है समय को,उसकी चोंच लाल है वह बहुत बोलता है सब को,उसकी चींच लिसलाल है भूलता है समय को
/home/hp/Indain_children_spech/ASER-Dataset/audio_processed/chunks/Hindi RJ/5169/HI_S1_P_0_chunk2.wav,Hindi,हँसाता है,बरसात में,हँसाता है,बरसात में
/home/hp/Indain_children_spech/ASER-Dataset/audio_processed/chunks/Hindi RJ/5204/HI_S3_P_1_chunk0.wav,Hindi,काले बादल छाए हैं तेज़ बारिश हो रही है मोर भी नाच रहा है सब,काले बादल छाए हैं तेज बारिश हो रही है मोर भी नाच रहा है सब,काले बादल छाए हैं तेज़ बारिश हो रही है मोर भी नाच रहा है सब,काले बादल छाए हैं तेज बारिश हो रही है मोर भी नाच रहा है सब
/home/hp/Indain_children_spech/ASER-Dataset/audio_processed/chunks/Hindi RJ/5204/HI_S3_P_1_chunk1.wav,Hindi,नाच देख रहे हैं,नाच देख रहे हैं,नाच देख रहे हैं,नाच देख रहे हैं
/home/hp/Indain_children_spech/ASER-Dataset/audio_processed/chunks/Hindi RJ/5219/HI_S2_ST_0_chunk0.wav,Hindi,सावन का महीना था आसमान में बहुत से काले बादल छाये थे ठंडी ठंडी हवा चल रही थी मैंने सोचा आज झूला झूलते हैं बड़े भैया एक मोटी सी रस्सी,सावन का महीना था आसमान में बहुत से काले बादल छ थे अठी हवा चल रही थी मैंने सोचा आज झूला झूलते हैं बड़े भैया बड़े भैया एक छोटी सी रस्सी,सावन का महीना था आसमान में बहुत से काले बादल छाये थे ठंडी ठंडी हवा चल रही थी मैंने सोचा आज झूला झूलते हैं बड़े भैया एक मोटी सी रस्सी,सावन का महीना था आसमान में बहुत से काले बादल छ थे अठी हवा चल रही थी मैंने सोचा आज झूला झूलते हैं बड़े भैया बड़े भैया एक छोटी सी रस्सी
/home/hp/Indain_children_spech/ASER-Dataset/audio_processed/chunks/Hindi RJ/5219/HI_S2_ST_0_chunk1.wav,Hindi,लेकर आए हमने उसे पेड़ से लटका कर झूला बनाया सब ने मिलकर खूब झूला झूला बहुत सारे बच्चे आकर मज़े से खेलने लगे खेलतेखेलते रात हो गई,लेकर आए हमने उसे पेड़ से लटका कर झूला बनाया सबने मिलकर खूब झूला झूला बहुत सारे बच्चे आकर मजे से खेलने लगे खेलते खेलते रात हो गई,लेकर आए हमने उसे पेड़ से लटका कर झूला बनाया सब ने मिलकर खूब झूला झूला बहुत सारे बच्चे आकर मज़े से खेलने लगे खेलतेखेलते रात हो गई,लेकर आए हमने उसे पेड़ से लटका कर झूला बनाया सबने मिलकर खूब झूला झूला बहुत सारे बच्चे आकर मजे से खेलने लगे खेलते खेलते रात हो गई
/home/hp/Indain_children_spech/ASER-Dataset/audio_processed/chunks/Hindi RJ/5233/HI_S4_ST_0_chunk0.wav,Hindi,रामपुर में कुछ ज़मीन ख़ाली थी वहाँ कुछ नहीं उगता था वहाँ कोई खेलने नहीं जाता था एक दिन कुछ लोग आए,रामपुरा में कुछ जमीन खाली थी व कुछ नहींगा उगता था वहाँ कोई खेलने नहीं जाता था एक दिन कुछ लोग आए,रामपुर में कुछ ज़मीन ख़ाली थी वहाँ कुछ नहीं उगता था वहाँ कोई खेलने नहीं जाता था एक दिन कुछ लोग आए,रामपुरा में कुछ जमीन खाली थी व कुछ नहींगा उगता था वहाँ कोई खेलने नहीं जाता था एक दिन कुछ लोग आए
/home/hp/Indain_children_spech/ASER-Dataset/audio_processed/chunks/Hindi RJ/5233/HI_S4_ST_0_chunk1.wav,Hindi,उन्होंने गाँव के लोगों को बुलाया सबने मिलकर तय किया कि यहाँ बग़ीचा बनाया जाए खाद मंगाकर हर तरह के पौधे लगाये गए सही,उन्होंने गांव के लोगों को बुलाया सबने मिलकर तय किया कि यह बगीचा बनाया जाए खाद मंगकर क,उन्होंने गाँव के लोगों को बुलाया सबने मिलकर तय किया कि यहाँ बग़ीचा बनाया जाए खाद मंगाकर हर तरह के पौधे लगाये गए सही,उन्होंने गांव के लोगों को बुलाया सबने मिलकर तय किया कि यह बगीचा बनाया जाए खाद मंगकर क
/home/hp/Indain_children_spech/ASER-Dataset/audio_processed/chunks/Hindi RJ/5233/HI_S4_ST_0_chunk2.wav,Hindi,समय पर पानी दिया गया आज वहाँ एक सुंदर बग़ीचा है इसलिए वहाँ सब खेलने जाते हैं,औरकर हर तरह के,समय पर पानी दिया गया आज वहाँ एक सुंदर बग़ीचा है इसलिए वहाँ सब खेलने जाते हैं,औरकर हर तरह के
/home/hp/Indain_children_spech/ASER-Dataset/audio_processed/chunks/Hindi RJ/5241/HI_S4_P_1_chunk0.wav,Hindi,रूपा बाहर खेल रही थी,पा बा है ट्रे बाहर क का की ल किला रा ही राही,रूपा बाहर खेल रही थी,पा बा है ट्रे बाहर क का की ल किला रा ही राही
/home/hp/Indain_children_spech/ASER-Dataset/audio_processed/chunks/Hindi RJ/5241/HI_S4_P_1_chunk1.wav,Hindi,खेलतेखेलते रात हो गई वह,क्या ला त कलात स ल त सत त रत है ग की तगीगी भी है,खेलतेखेलते रात हो गई वह,क्या ला त कलात स ल त सत त रत है ग की तगीगी भी है
/home/hp/Indain_children_spech/ASER-Dataset/audio_processed/chunks/Hindi RJ/5241/HI_S4_P_1_chunk2.wav,Hindi,अपने घर चली गई रूपा खाना खाकर,अपनी गरघर च ला चलाग की गईपा सिपा ख नखन ख के रखकर,अपने घर चली गई रूपा खाना खाकर,अपनी गरघर च ला चलाग की गईपा सिपा ख नखन ख के रखकर
/home/hp/Indain_children_spech/ASER-Dataset/audio_processed/chunks/Hindi RJ/5241/HI_S4_P_1_chunk3.wav,Hindi,सो गई,सी ग की सी,सो गई,सी ग की सी
/home/hp/Indain_children_spech/ASER-Dataset/audio_processed/chunks/Hindi RJ/5255/HI_S1_P_0_chunk0.wav,Hindi,राधा के पास एक तोता है,राधा के पास एक तोता है,राधा के पास एक तोता है,राधा के पास एक तोता है
/home/hp/Indain_children_spech/ASER-Dataset/audio_processed/chunks/Hindi RJ/5255/HI_S1_P_0_chunk1.wav,Hindi,उसकी चोंच लाल है वह बहुत बोलता है सब को हँसाता है,उसकी चोच लाल है वह बहत बोलता है सब के अस्था है,उसकी चोंच लाल है वह बहुत बोलता है सब को हँसाता है,उसकी चोच लाल है वह बहत बोलता है सब के अस्था है
/home/hp/Indain_children_spech/ASER-Dataset/audio_processed/chunks/Hindi RJ/5256/HI_S2_ST_0_chunk0.wav,Hindi,सावन का महीना था आसमान में बहुत से काले बादल छाये थे ठंडी ठंडी हवा चल रही थी मैंने सोचा आज झूला झूलते हैं बड़े भैया एक,सावन का महीना था आसम पास में बहुत से खाले बादल छाए थे ठंडी ठंडी हवा चल रही थी मैंने सोचा आज झूला झूलते हैं बेटे भ बाह के,सावन का महीना था आसमान में बहुत से काले बादल छाये थे ठंडी ठंडी हवा चल रही थी मैंने सोचा आज झूला झूलते हैं बड़े भैया एक,सावन का महीना था आसम पास में बहुत से खाले बादल छाए थे ठंडी ठंडी हवा चल रही थी मैंने सोचा आज झूला झूलते हैं बेटे भ बाह के
/home/hp/Indain_children_spech/ASER-Dataset/audio_processed/chunks/Hindi RJ/5256/HI_S2_ST_0_chunk1.wav,Hindi,मोटी सी रस्सी लेकर आए हमने उसे पेड़ से लटका कर झूला बनाया सब ने मिलकर खूब झूला झूला बहुत सारे बच्चे आकर मज़े से,मोटी से रसी लेकर आई हमने उसे पड़े से लेटका कर सूला बनाए सब ने मिलकर खूब ख झूला झूला बहुत सारे बच्चों आकर मुझे से,मोटी सी रस्सी लेकर आए हमने उसे पेड़ से लटका कर झूला बनाया सब ने मिलकर खूब झूला झूला बहुत सारे बच्चे आकर मज़े से,मोटी से रसी लेकर आई हमने उसे पड़े से लेटका कर सूला बनाए सब ने मिलकर खूब ख झूला झूला बहुत सारे बच्चों आकर मुझे से
/home/hp/Indain_children_spech/ASER-Dataset/audio_processed/chunks/Hindi RJ/5256/HI_S2_ST_0_chunk2.wav,Hindi,खेलने लगे खेलतेखेलते रात हो गई,खेलने लगे झूलते झूलते रात हो गई,खेलने लगे खेलतेखेलते रात हो गई,खेलने लगे झूलते झूलते रात हो गई
/home/hp/Indain_children_spech/ASER-Dataset/audio_processed/chunks/Hindi UP/1354/HI_S4_ST_0_chunk0.wav,Hindi,रामपुर में कुछ ज़मीन ख़ाली थी वहाँ कुछ नहीं उगता था वहाँ कोई खेलने नहीं जाता था एक दिन कुछ लोग आए उन्होंने गाँव के लोगों को बुलाया सबने मिलकर तय किया कि यहाँ बग़ीचा बनाया जाए,रामपुर में कुछ जमीन जमीन खाली थी वहाँ कुछ नहीं उगता था वहाँ कोई खेलने नहीं जाता था एक दिन कुछ लोग आए उन्होंने गाँव के लोगों को बुलाया सबने मिलकर तय किया कि यहाँ बगीचा बनाया जाए,रामपुर में कुछ ज़मीन ख़ाली थी वहाँ कुछ नहीं उगता था वहाँ कोई खेलने नहीं जाता था एक दिन कुछ लोग आए उन्होंने गाँव के लोगों को बुलाया सबने मिलकर तय किया कि यहाँ बग़ीचा बनाया जाए,रामपुर में कुछ जमीन जमीन खाली थी वहाँ कुछ नहीं उगता था वहाँ कोई खेलने नहीं जाता था एक दिन कुछ लोग आए उन्होंने गाँव के लोगों को बुलाया सबने मिलकर तय किया कि यहाँ बगीचा बनाया जाए
/home/hp/Indain_children_spech/ASER-Dataset/audio_processed/chunks/Hindi UP/1354/HI_S4_ST_0_chunk1.wav,Hindi,खाद मंगाकर हर तरह के पौधे लगाये गए सही समय पर पानी दिया गया आज वहाँ एक सुंदर बग़ीचा है इसलिए वहाँ सब खेलने जाते हैं,खाद मा खाद मंगवा मंग कर खाद मंगा कर तरह के पौधे लगाए गए सही समय पर पानी दिया गया आज वहाँ एक सुंदर बगीचा है इसलिए वहाँ सब खेलने जाते हैं,खाद मंगाकर हर तरह के पौधे लगाये गए सही समय पर पानी दिया गया आज वहाँ एक सुंदर बग़ीचा है इसलिए वहाँ सब खेलने जाते हैं,खाद मा खाद मंगवा मंग कर खाद मंगा कर तरह के पौधे लगाए गए सही समय पर पानी दिया गया आज वहाँ एक सुंदर बगीचा है इसलिए वहाँ सब खेलने जाते हैं
/home/hp/Indain_children_spech/ASER-Dataset/audio_processed/chunks/Hindi UP/1357/HI_S3_P_0_chunk0.wav,Hindi,नीतू के घर में गाय है उसका रंग सफ़ेद है गाय,केका रंगेब सफेद है गाय,नीतू के घर में गाय है उसका रंग सफ़ेद है गाय,केका रंगेब सफेद है गाय
/home/hp/Indain_children_spech/ASER-Dataset/audio_processed/chunks/Hindi UP/1357/HI_S3_P_0_chunk1.wav,Hindi,हरी घास खाती है वह बहुत दूध देती है,हरी घासाती खाती है दूध देती है व वह बहुत दूध देती है,हरी घास खाती है वह बहुत दूध देती है,हरी घासाती खाती है दूध देती है व वह बहुत दूध देती है
/home/hp/Indain_children_spech/ASER-Dataset/audio_processed/chunks/Hindi UP/1357/HI_S3_ST_0_chunk0.wav,Hindi,विमला और अजय मेला देखने गये उन्हें मेले में तरहतरह,मंगमा का,विमला और अजय मेला देखने गये उन्हें मेले में तरहतरह,मंगमा का
/home/hp/Indain_children_spech/ASER-Dataset/audio_processed/chunks/Hindi UP/1357/HI_S3_ST_0_chunk1.wav,Hindi,की दुकाने दिखीं मेले में बहुत झूले थे वहाँ गरमगरम हलवा और जलेबियाँ भी बिक रहीं थीं जलेबी देखकर दोनों के मुँह में पानी आने लगा उन्हें जलेबी खाने का मन हुआ विमला ने जलेबी खरीदी दोनों दोस्तों ने मिलकर जलेबी खाई शाम को दोनों घर लौट आये,एक य माल,की दुकाने दिखीं मेले में बहुत झूले थे वहाँ गरमगरम हलवा और जलेबियाँ भी बिक रहीं थीं जलेबी देखकर दोनों के मुँह में पानी आने लगा उन्हें जलेबी खाने का मन हुआ विमला ने जलेबी खरीदी दोनों दोस्तों ने मिलकर जलेबी खाई शाम को दोनों घर लौट आये,एक य माल
/home/hp/Indain_children_spech/ASER-Dataset/audio_processed/chunks/Hindi UP/1363/HI_S1_ST_0_chunk0.wav,Hindi,बहुत दिनों से बारिश हो रही थी गाँव में सभी जगह गंदा पानी भर गया था सभी बारिश के रुकने की राह देख रहे थे,बहुत दिन से बारिश बारिश हो रही थी गाँव में सभी जह जगह गह पानी भर गया था सभी बारिश के उ की राह देख रहे थे,बहुत दिनों से बारिश हो रही थी गाँव में सभी जगह गंदा पानी भर गया था सभी बारिश के रुकने की राह देख रहे थे,बहुत दिन से बारिश बारिश हो रही थी गाँव में सभी जह जगह गह पानी भर गया था सभी बारिश के उ की राह देख रहे थे
/home/hp/Indain_children_spech/ASER-Dataset/audio_processed/chunks/Hindi UP/1363/HI_S1_ST_0_chunk1.wav,Hindi,अचानक एक दिन बारिश रुक गई सूरज निकल आया सब लोग खुश हो गये आसमान में चिड़ियाँ उड़ने लगीं लोग अपने कपड़े सुखाने लगे बच्चे भी घरों से बाहर निकलकर खेलने लगे,अचानक एक दिन बारिश भीग हो सूरज किले आ आया सब लग खुशी,अचानक एक दिन बारिश रुक गई सूरज निकल आया सब लोग खुश हो गये आसमान में चिड़ियाँ उड़ने लगीं लोग अपने कपड़े सुखाने लगे बच्चे भी घरों से बाहर निकलकर खेलने लगे,अचानक एक दिन बारिश भीग हो सूरज किले आ आया सब लग खुशी
/home/hp/Indain_children_spech/ASER-Dataset/audio_processed/chunks/Hindi UP/1426/HI_S2_ST_0_chunk0.wav,Hindi,सावन का महीना था आसमान में बहुत से काले बादल छाये थे ठंडी ठंडी हवा चल रही थी मैंने सोचा आज झूला,सवन का महीना था आसमान में बहुत से कालेे बादल छाए थे ठंडी ठंडी हवा चल रही थी मैंने सोचा आज झूला,सावन का महीना था आसमान में बहुत से काले बादल छाये थे ठंडी ठंडी हवा चल रही थी मैंने सोचा आज झूला,सवन का महीना था आसमान में बहुत से कालेे बादल छाए थे ठंडी ठंडी हवा चल रही थी मैंने सोचा आज झूला
/home/hp/Indain_children_spech/ASER-Dataset/audio_processed/chunks/Hindi UP/1426/HI_S2_ST_0_chunk1.wav,Hindi,झूलते हैं बड़े भैया एक मोटी सी रस्सी लेकर आए हमने उसे पेड़ से लटका कर झूला बनाया सब ने मिलकर खूब झूला झूला बहुत सारे बच्चे आकर मज़े से,झूलते हैं बड़े बहन एक मोटी कर झूला बनाया सब ने मिलकर खूब झूला झूला बहुत सारे बच्चे आकर मजे से,झूलते हैं बड़े भैया एक मोटी सी रस्सी लेकर आए हमने उसे पेड़ से लटका कर झूला बनाया सब ने मिलकर खूब झूला झूला बहुत सारे बच्चे आकर मज़े से,झूलते हैं बड़े बहन एक मोटी कर झूला बनाया सब ने मिलकर खूब झूला झूला बहुत सारे बच्चे आकर मजे से
/home/hp/Indain_children_spech/ASER-Dataset/audio_processed/chunks/Hindi UP/1426/HI_S2_ST_0_chunk2.wav,Hindi,खेलने लगे खेलतेखेलते रात हो गई,खेलने लगे खेलते खेलते रात हो गई,खेलने लगे खेलतेखेलते रात हो गई,खेलने लगे खेलते खेलते रात हो गई
/home/hp/Indain_children_spech/ASER-Dataset/audio_processed/chunks/Hindi UP/1431/HI_S4_ST_0_chunk0.wav,Hindi,रामपुर में कुछ ज़मीन ख़ाली थी वहाँ कुछ नहीं उगता था वहाँ कोई खेलने नहीं जाता था एक दिन कुछ लोग आए उन्होंने गाँव के लोगों को बुलाया सबने मिलकर तय किया कि यहाँ बग़ीचा बनाया जाए खाद मंगाकर,जामपुर में कुछ जमीन खाली थी वहाँ कुछ नहीं उगता था वहाँ कोई खेलने नहीं जाता था एक दिन कुछ लोग आए उन्होंने गाँव के लोगों को बुलाया सबने मिलकर तय किया कि यहँ बगीचा बनाया जाए खाद मंगा कर,रामपुर में कुछ ज़मीन ख़ाली थी वहाँ कुछ नहीं उगता था वहाँ कोई खेलने नहीं जाता था एक दिन कुछ लोग आए उन्होंने गाँव के लोगों को बुलाया सबने मिलकर तय किया कि यहाँ बग़ीचा बनाया जाए खाद मंगाकर,जामपुर में कुछ जमीन खाली थी वहाँ कुछ नहीं उगता था वहाँ कोई खेलने नहीं जाता था एक दिन कुछ लोग आए उन्होंने गाँव के लोगों को बुलाया सबने मिलकर तय किया कि यहँ बगीचा बनाया जाए खाद मंगा कर
/home/hp/Indain_children_spech/ASER-Dataset/audio_processed/chunks/Hindi UP/1431/HI_S4_ST_0_chunk1.wav,Hindi,हर तरह के पौधे लगाये गए सही समय पर पानी दिया गया आज वहाँ एक सुंदर बग़ीचा है इसलिए वहाँ सब खेलने जाते हैं,हर तर तरह के पौधे लगाए गए सही सही समय पर दिया गया आज वहाँ के सुंदर बगीचा है इसलिए वहाँ सब खेलने जाते हैं,हर तरह के पौधे लगाये गए सही समय पर पानी दिया गया आज वहाँ एक सुंदर बग़ीचा है इसलिए वहाँ सब खेलने जाते हैं,हर तर तरह के पौधे लगाए गए सही सही समय पर दिया गया आज वहाँ के सुंदर बगीचा है इसलिए वहाँ सब खेलने जाते हैं
/home/hp/Indain_children_spech/ASER-Dataset/audio_processed/chunks/Hindi UP/1437/HI_S1_ST_0_chunk0.wav,Hindi,बहुत दिनों से बारिश हो रही थी गाँव में सभी जगह गंदा पानी भर गया था सभी बारिश के रुकने की राह देख रहे थे अचानक एक दिन बारिश रुक गई सूरज निकल आया सब लोग खुश हो,बहुत दिनों से बारिश हो रही थी गाँव में सभी जगह गंगा पानी भर गया था सभी बारिश से रुकने की वजा देख रहे थे अचानक एक दिन बारिश रुक गई सूरज निकल आया सब लोग खुश हो,बहुत दिनों से बारिश हो रही थी गाँव में सभी जगह गंदा पानी भर गया था सभी बारिश के रुकने की राह देख रहे थे अचानक एक दिन बारिश रुक गई सूरज निकल आया सब लोग खुश हो,बहुत दिनों से बारिश हो रही थी गाँव में सभी जगह गंगा पानी भर गया था सभी बारिश से रुकने की वजा देख रहे थे अचानक एक दिन बारिश रुक गई सूरज निकल आया सब लोग खुश हो
/home/hp/Indain_children_spech/ASER-Dataset/audio_processed/chunks/Hindi UP/1437/HI_S1_ST_0_chunk1.wav,Hindi,गये आसमान में चिड़ियाँ उड़ने लगीं लोग अपने कपड़े सुखाने लगे बच्चे भी घरों से बाहर निकलकर खेलने लगे,कई आसमान में चिड़िया उ उड़ने लगीं लोग अपने कपड़े सुखाने लगे बच्चे भी घरों से बाहर निकल कर खेलने लगे,गये आसमान में चिड़ियाँ उड़ने लगीं लोग अपने कपड़े सुखाने लगे बच्चे भी घरों से बाहर निकलकर खेलने लगे,कई आसमान में चिड़िया उ उड़ने लगीं लोग अपने कपड़े सुखाने लगे बच्चे भी घरों से बाहर निकल कर खेलने लगे
/home/hp/Indain_children_spech/ASER-Dataset/audio_processed/chunks/Hindi UP/1445/HI_S4_ST_0_chunk0.wav,Hindi,रामपुर में कुछ ज़मीन ख़ाली थी वहाँ कुछ नहीं उगता था वहाँ कोई खेलने नहीं जाता था एक दिन कुछ लोग आए उन्होंने गाँव के लोगों को बुलाया सबने मिलकर तय किया कि यहाँ बग़ीचा बनाया जाए खाद मंगाकर हर तरह के पौधे,रामपुर में कुछ ज़मीन खाली थी वहाँ कुछ नहीं उगता है था वहाँ कोई छेलने नहीं जाता था एक दिन में कुछ लोग आए उन्होंने गाँव के लोगों को बुलाया सबने मिलकर तय किया कि ह यहाँ बगीचा बना बनाया गया जाए खाद मंग कर मंगाकर हर तरह के पौधे,रामपुर में कुछ ज़मीन ख़ाली थी वहाँ कुछ नहीं उगता था वहाँ कोई खेलने नहीं जाता था एक दिन कुछ लोग आए उन्होंने गाँव के लोगों को बुलाया सबने मिलकर तय किया कि यहाँ बग़ीचा बनाया जाए खाद मंगाकर हर तरह के पौधे,रामपुर में कुछ ज़मीन खाली थी वहाँ कुछ नहीं उगता है था वहाँ कोई छेलने नहीं जाता था एक दिन में कुछ लोग आए उन्होंने गाँव के लोगों को बुलाया सबने मिलकर तय किया कि ह यहाँ बगीचा बना बनाया गया जाए खाद मंग कर मंगाकर हर तरह के पौधे
/home/hp/Indain_children_spech/ASER-Dataset/audio_processed/chunks/Hindi UP/1445/HI_S4_ST_0_chunk1.wav,Hindi,लगाये गए सही समय पर पानी दिया गया आज वहाँ एक सुंदर बग़ीचा है इसलिए वहाँ सब खेलने जाते हैं,लगाए गए सही समय पर पानी दिया गया आज वहाँ एक सुबलह बगीचा है इसलिए वहाँ सब फैलिए जाते हैं,लगाये गए सही समय पर पानी दिया गया आज वहाँ एक सुंदर बग़ीचा है इसलिए वहाँ सब खेलने जाते हैं,लगाए गए सही समय पर पानी दिया गया आज वहाँ एक सुबलह बगीचा है इसलिए वहाँ सब फैलिए जाते हैं
/home/hp/Indain_children_spech/ASER-Dataset/audio_processed/chunks/Hindi UP/1453/HI_S3_P_0_chunk0.wav,Hindi,नीतू के घर में गाय है उसका रंग सफ़ेद है गाय हरी घास खाती,नीतू के घर में है उसका रंग सफेद है गाय हरी घर घास खाती,नीतू के घर में गाय है उसका रंग सफ़ेद है गाय हरी घास खाती,नीतू के घर में है उसका रंग सफेद है गाय हरी घर घास खाती
/home/hp/Indain_children_spech/ASER-Dataset/audio_processed/chunks/Hindi UP/1453/HI_S3_P_0_chunk1.wav,Hindi,है वह बहुत,है वाह बहुत,है वह बहुत,है वाह बहुत
/home/hp/Indain_children_spech/ASER-Dataset/audio_processed/chunks/Hindi UP/1453/HI_S3_P_0_chunk2.wav,Hindi,दूध देती है,दूध देती है,दूध देती है,दूध देती है
/home/hp/Indain_children_spech/ASER-Dataset/audio_processed/chunks/Hindi UP/1453/HI_S3_ST_0_chunk0.wav,Hindi,विमला और अजय मेला देखने गये उन्हें मेले,विमल और अजय मेला देखनेए गए उन्हें मेले,विमला और अजय मेला देखने गये उन्हें मेले,विमल और अजय मेला देखनेए गए उन्हें मेले
/home/hp/Indain_children_spech/ASER-Dataset/audio_processed/chunks/Hindi UP/1453/HI_S3_ST_0_chunk1.wav,Hindi,में तरहतरह की दुकाने दिखीं मेले में बहुत झूले थे वहाँ,तरह तरह की दुकानें दिखाई मेले में बहुत झूले थे वहां,में तरहतरह की दुकाने दिखीं मेले में बहुत झूले थे वहाँ,तरह तरह की दुकानें दिखाई मेले में बहुत झूले थे वहां
/home/hp/Indain_children_spech/ASER-Dataset/audio_processed/chunks/Hindi UP/1453/HI_S3_ST_0_chunk2.wav,Hindi,गरमगरम,गरम गरम,गरमगरम,गरम गरम
/home/hp/Indain_children_spech/ASER-Dataset/audio_processed/chunks/Hindi UP/1453/HI_S3_ST_0_chunk3.wav,Hindi,हलवा और जलेबियाँ भी बिक रहीं थीं जलेबी देखकर दोनों के मुँह में,हलवा और जलेबियाँ भी बिक रही थीबी खेलकर दोनों के मुँह में,हलवा और जलेबियाँ भी बिक रहीं थीं जलेबी देखकर दोनों के मुँह में,हलवा और जलेबियाँ भी बिक रही थीबी खेलकर दोनों के मुँह में
/home/hp/Indain_children_spech/ASER-Dataset/audio_processed/chunks/Hindi UP/1453/HI_S3_ST_0_chunk4.wav,Hindi,पानी आने लगा उन्हें जलेबी खाने का मन हुआ विमला,पानी आने लगा उन्हें जलेबी खाने का मन ब हुआ विमल ने,पानी आने लगा उन्हें जलेबी खाने का मन हुआ विमला,पानी आने लगा उन्हें जलेबी खाने का मन ब हुआ विमल ने
/home/hp/Indain_children_spech/ASER-Dataset/audio_processed/chunks/Hindi UP/1453/HI_S3_ST_0_chunk5.wav,Hindi,ने जलेबी खरीदी दोनों दोस्तों ने मिलकर जलेबी,ी खरीदीों ने मिलकर जलेबी,ने जलेबी खरीदी दोनों दोस्तों ने मिलकर जलेबी,ी खरीदीों ने मिलकर जलेबी
/home/hp/Indain_children_spech/ASER-Dataset/audio_processed/chunks/Hindi UP/1453/HI_S3_ST_0_chunk6.wav,Hindi,खाई शाम को दोनों घर लौट आये,खाई श शाम को दोनों घर लौट आइए,खाई शाम को दोनों घर लौट आये,खाई श शाम को दोनों घर लौट आइए
/home/hp/Indain_children_spech/ASER-Dataset/audio_processed/chunks/Hindi UP/1499/HI_S1_ST_0_chunk0.wav,Hindi,बहुत दिनों से बारिश हो रही थी गाँव में सभी जगह गंदा पानी भर गया था सभी बारिश के रुकने की राह देख रहे थे अचानक एक दिन बारिश रुक गई सूरज निकल आया सब लोग खुश हो गये आसमान में चिड़ियाँ उड़ने लगीं लोग अपने कपड़े,बहुत दिनों से बारिश हो रही थी गाँव में सभी जगह गंदा पानी भर गया था सभी बारिश के रुकने की राह देख रहे थे अचानक एक दिन बारिश रुक गई सुबह निकल आए सब लोग हो गए आसमान में चिड़िया उड़ने लगी लोग अपने कपड़े,बहुत दिनों से बारिश हो रही थी गाँव में सभी जगह गंदा पानी भर गया था सभी बारिश के रुकने की राह देख रहे थे अचानक एक दिन बारिश रुक गई सूरज निकल आया सब लोग खुश हो गये आसमान में चिड़ियाँ उड़ने लगीं लोग अपने कपड़े,बहुत दिनों से बारिश हो रही थी गाँव में सभी जगह गंदा पानी भर गया था सभी बारिश के रुकने की राह देख रहे थे अचानक एक दिन बारिश रुक गई सुबह निकल आए सब लोग हो गए आसमान में चिड़िया उड़ने लगी लोग अपने कपड़े
/home/hp/Indain_children_spech/ASER-Dataset/audio_processed/chunks/Hindi UP/1499/HI_S1_ST_0_chunk1.wav,Hindi,सुखाने लगे बच्चे भी घरों से बाहर निकलकर खेलने लगे,सूखने लगे बच्चे भी घरों से बाहर निकल कर खेलने लगे,सुखाने लगे बच्चे भी घरों से बाहर निकलकर खेलने लगे,सूखने लगे बच्चे भी घरों से बाहर निकल कर खेलने लगे
/home/hp/Indain_children_spech/ASER-Dataset/audio_processed/chunks/Hindi UP/1539/HI_S1_ST_0_chunk0.wav,Hindi,बहुत दिनों से बारिश हो रही थी गाँव में सभी जगह गंदा पानी भर गया था सभी बारिश के रुकने की राह देख रहे थे अचानक एक दिन बारिश रुक गई सूरज निकल आया सब लोग,बहुत दिनों से बारिश हो रही है गाँव गाँव में सभी जगह गंदा पानी भर गया था सभी बारिश के रकने की तवाह देख रहे थे अचानक एक दिन बारिश हुई हु गई सूरज निकल आया सब लोग,बहुत दिनों से बारिश हो रही थी गाँव में सभी जगह गंदा पानी भर गया था सभी बारिश के रुकने की राह देख रहे थे अचानक एक दिन बारिश रुक गई सूरज निकल आया सब लोग,बहुत दिनों से बारिश हो रही है गाँव गाँव में सभी जगह गंदा पानी भर गया था सभी बारिश के रकने की तवाह देख रहे थे अचानक एक दिन बारिश हुई हु गई सूरज निकल आया सब लोग
/home/hp/Indain_children_spech/ASER-Dataset/audio_processed/chunks/Hindi UP/1539/HI_S1_ST_0_chunk1.wav,Hindi,खुश हो गये आसमान में चिड़ियाँ उड़ने लगीं लोग अपने कपड़े सुखाने लगे बच्चे भी घरों से बाहर निकलकर खेलने लगे,सुख हो गए आसमान में चिड़िया उगने लगी लोग अपने कपड़े सुखाने लगे बच्चों बच्चे भी घरों से बाहर निकलने निकल कर खेलने लगे,खुश हो गये आसमान में चिड़ियाँ उड़ने लगीं लोग अपने कपड़े सुखाने लगे बच्चे भी घरों से बाहर निकलकर खेलने लगे,सुख हो गए आसमान में चिड़िया उगने लगी लोग अपने कपड़े सुखाने लगे बच्चों बच्चे भी घरों से बाहर निकलने निकल कर खेलने लगे
/home/hp/Indain_children_spech/ASER-Dataset/audio_processed/chunks/Hindi UP/1553/HI_S4_ST_0_chunk0.wav,Hindi,रामपुर में कुछ ज़मीन ख़ाली थी वहाँ कुछ नहीं उगता था वहाँ कोई खेलने नहीं जाता था एक दिन कुछ लोग आए उन्होंने गाँव के लोगों को बुलाया,रामपुर में कुछ ज़मीन खाली थी वह कुछ नहीं उगाती था उगाता था वह कोई खेलने नहीं जाता था एक दिन कुछ लोग आ उन्हें गाँव के लोग को बुलाया,रामपुर में कुछ ज़मीन ख़ाली थी वहाँ कुछ नहीं उगता था वहाँ कोई खेलने नहीं जाता था एक दिन कुछ लोग आए उन्होंने गाँव के लोगों को बुलाया,रामपुर में कुछ ज़मीन खाली थी वह कुछ नहीं उगाती था उगाता था वह कोई खेलने नहीं जाता था एक दिन कुछ लोग आ उन्हें गाँव के लोग को बुलाया
/home/hp/Indain_children_spech/ASER-Dataset/audio_processed/chunks/Hindi UP/1553/HI_S4_ST_0_chunk1.wav,Hindi,सबने मिलकर तय किया कि यहाँ बग़ीचा बनाया जाए खाद मंगाकर हर तरह के पौधे लगाये गए सही,सबने मिलकर की यह बगीच बनाया जाए खद मंगल कर हर तरह के पौधे लगाए गएही,सबने मिलकर तय किया कि यहाँ बग़ीचा बनाया जाए खाद मंगाकर हर तरह के पौधे लगाये गए सही,सबने मिलकर की यह बगीच बनाया जाए खद मंगल कर हर तरह के पौधे लगाए गएही
/home/hp/Indain_children_spech/ASER-Dataset/audio_processed/chunks/Hindi UP/1553/HI_S4_ST_0_chunk2.wav,Hindi,समय पर पानी दिया गया आज वहाँ एक सुंदर बग़ीचा है इसलिए वहाँ सब खेलने जाते हैं,समय पर प पानी दिया गया आज वहाँ एक सुंदर बगीचे हैं इसलिए वह सब खेलने जाते हैं,समय पर पानी दिया गया आज वहाँ एक सुंदर बग़ीचा है इसलिए वहाँ सब खेलने जाते हैं,समय पर प पानी दिया गया आज वहाँ एक सुंदर बगीचे हैं इसलिए वह सब खेलने जाते हैं
/home/hp/Indain_children_spech/ASER-Dataset/audio_processed/chunks/Hindi UP/1563/HI_S4_ST_0_chunk0.wav,Hindi,रामपुर में कुछ ज़मीन ख़ाली थी वहाँ कुछ नहीं उगता था वहाँ कोई खेलने नहीं जाता था एक दिन,राम में कुछी खी थीछ नहीं आ गलत आगता है वह कोई खेलना खेलना नहीं जाता है एक दिन,रामपुर में कुछ ज़मीन ख़ाली थी वहाँ कुछ नहीं उगता था वहाँ कोई खेलने नहीं जाता था एक दिन,राम में कुछी खी थीछ नहीं आ गलत आगता है वह कोई खेलना खेलना नहीं जाता है एक दिन
/home/hp/Indain_children_spech/ASER-Dataset/audio_processed/chunks/Hindi UP/1563/HI_S4_ST_0_chunk1.wav,Hindi,कुछ लोग आए उन्होंने गाँव के लोगों को बुलाया सबने मिलकर तय किया कि यहाँ बग़ीचा बनाया जाए खाद मंगाकर हर तरह के पौधे लगाये गए सही समय,कुछ लोग आएें गांव के लोग बुलाया सब ने मिलकर तुमने किया कि यह बगीचे बने,कुछ लोग आए उन्होंने गाँव के लोगों को बुलाया सबने मिलकर तय किया कि यहाँ बग़ीचा बनाया जाए खाद मंगाकर हर तरह के पौधे लगाये गए सही समय,कुछ लोग आएें गांव के लोग बुलाया सब ने मिलकर तुमने किया कि यह बगीचे बने
/home/hp/Indain_children_spech/ASER-Dataset/audio_processed/chunks/Hindi UP/1563/HI_S4_ST_0_chunk2.wav,Hindi,पर पानी दिया गया आज वहाँ एक सुंदर बग़ीचा है इसलिए वहाँ सब खेलने जाते हैं,न जाए खाद मंगवाकर,पर पानी दिया गया आज वहाँ एक सुंदर बग़ीचा है इसलिए वहाँ सब खेलने जाते हैं,न जाए खाद मंगवाकर
/home/hp/Indain_children_spech/ASER-Dataset/audio_processed/chunks/Hindi UP/1566/HI_S1_ST_0_chunk0.wav,Hindi,बहुत दिनों से बारिश हो रही थी गाँव में सभी जगह गंदा पानी भर गया था सभी बारिश के रुकने की राह देख,बहुत दिनों से बारिश हो रही है थी गांव में सभी जगह बाधा पानी भर गया था सभी बारिश के रुकने की कहा रहा देख,बहुत दिनों से बारिश हो रही थी गाँव में सभी जगह गंदा पानी भर गया था सभी बारिश के रुकने की राह देख,बहुत दिनों से बारिश हो रही है थी गांव में सभी जगह बाधा पानी भर गया था सभी बारिश के रुकने की कहा रहा देख
/home/hp/Indain_children_spech/ASER-Dataset/audio_processed/chunks/Hindi UP/1566/HI_S1_ST_0_chunk1.wav,Hindi,रहे थे अचानक एक दिन बारिश रुक गई सूरज निकल आया सब लोग खुश हो गये आसमान में चिड़ियाँ उड़ने लगीं लोग अपने कपड़े सुखाने लगे बच्चे भी घरों,अचानक एक दिन बारिश रुक गय सूज निकल आय सब लोग खुश हो गए आसमान में चिड़िया उड़ने लगी लोगने पकड़ने सखने लगे बच्चों की घरों,रहे थे अचानक एक दिन बारिश रुक गई सूरज निकल आया सब लोग खुश हो गये आसमान में चिड़ियाँ उड़ने लगीं लोग अपने कपड़े सुखाने लगे बच्चे भी घरों,अचानक एक दिन बारिश रुक गय सूज निकल आय सब लोग खुश हो गए आसमान में चिड़िया उड़ने लगी लोगने पकड़ने सखने लगे बच्चों की घरों
/home/hp/Indain_children_spech/ASER-Dataset/audio_processed/chunks/Hindi UP/1566/HI_S1_ST_0_chunk2.wav,Hindi,से बाहर निकलकर खेलने लगे,में बाहर निकाल कर खेलने लगे,से बाहर निकलकर खेलने लगे,में बाहर निकाल कर खेलने लगे
/home/hp/Indain_children_spech/ASER-Dataset/audio_processed/chunks/Hindi UP/1573/HI_S3_P_0_chunk0.wav,Hindi,नीतू के घर में गाय है उसका रंग सफ़ेद है गाय हरी घास खाती है वह बहुत दूध,ता न सुन का फोटो बड़ोटार पाप स सर ब जा आए कााल सुख नए,नीतू के घर में गाय है उसका रंग सफ़ेद है गाय हरी घास खाती है वह बहुत दूध,ता न सुन का फोटो बड़ोटार पाप स सर ब जा आए कााल सुख नए
/home/hp/Indain_children_spech/ASER-Dataset/audio_processed/chunks/Hindi UP/1573/HI_S3_P_0_chunk1.wav,Hindi,देती है,,देती है,
/home/hp/Indain_children_spech/ASER-Dataset/audio_processed/chunks/Hindi UP/1604/HI_S1_ST_0_chunk0.wav,Hindi,बहुत दिनों से बारिश हो रही थी गाँव में सभी जगह गंदा पानी भर गया था सभी बारिश के रुकने,बहुत दिन से बारिश हो रही है गाव में गंदा पानी भर गया था सभी बारिश से रुकने,बहुत दिनों से बारिश हो रही थी गाँव में सभी जगह गंदा पानी भर गया था सभी बारिश के रुकने,बहुत दिन से बारिश हो रही है गाव में गंदा पानी भर गया था सभी बारिश से रुकने
/home/hp/Indain_children_spech/ASER-Dataset/audio_processed/chunks/Hindi UP/1604/HI_S1_ST_0_chunk1.wav,Hindi,की राह देख रहे थे अचानक एक दिन बारिश रुक गई सूरज निकल आया सब लोग खुश हो गये आसमान में चिड़ियाँ उड़ने लगीं लोग,की देख रहे थे अचानक एक दिन बारिश रुक गई सूरज निकल आएे तब लोग खुी खुश हो गए आसमान चिड़िया उड़ने लगी लोग,की राह देख रहे थे अचानक एक दिन बारिश रुक गई सूरज निकल आया सब लोग खुश हो गये आसमान में चिड़ियाँ उड़ने लगीं लोग,की देख रहे थे अचानक एक दिन बारिश रुक गई सूरज निकल आएे तब लोग खुी खुश हो गए आसमान चिड़िया उड़ने लगी लोग
/home/hp/Indain_children_spech/ASER-Dataset/audio_processed/chunks/Hindi UP/1604/HI_S1_ST_0_chunk2.wav,Hindi,अपने कपड़े सुखाने लगे बच्चे भी घरों से बाहर निकलकर खेलने लगे,अपने कपड़े कपड़ा सुखाने लगे बच्चे भी घर से बाहर निकलने लगे,अपने कपड़े सुखाने लगे बच्चे भी घरों से बाहर निकलकर खेलने लगे,अपने कपड़े कपड़ा सुखाने लगे बच्चे भी घर से बाहर निकलने लगे
/home/hp/Indain_children_spech/ASER-Dataset/audio_processed/chunks/Hindi UP/1628/HI_S4_ST_0_chunk0.wav,Hindi,रामपुर में कुछ ज़मीन ख़ाली थी वहाँ कुछ नहीं उगता था वहाँ कोई खेलने नहीं जाता था एक दिन कुछ लोग आए उन्होंने गाँव के लोगों को बुलाया सबने मिलकर तय किया कि यहाँ बग़ीचा,रामपुर में कुछन खाली थी कुछ उगता वहाँ कोई खेलने नहीं जाता था एक दिन कुछ लोग आए उन्होंने गाँव में गाँव के लोगों को बुलाया सबने मिलकर तय किया कि यहाँ बगीचा,रामपुर में कुछ ज़मीन ख़ाली थी वहाँ कुछ नहीं उगता था वहाँ कोई खेलने नहीं जाता था एक दिन कुछ लोग आए उन्होंने गाँव के लोगों को बुलाया सबने मिलकर तय किया कि यहाँ बग़ीचा,रामपुर में कुछन खाली थी कुछ उगता वहाँ कोई खेलने नहीं जाता था एक दिन कुछ लोग आए उन्होंने गाँव में गाँव के लोगों को बुलाया सबने मिलकर तय किया कि यहाँ बगीचा
/home/hp/Indain_children_spech/ASER-Dataset/audio_processed/chunks/Hindi UP/1628/HI_S4_ST_0_chunk1.wav,Hindi,बनाया जाए खाद मंगाकर हर तरह के पौधे लगाये गए सही समय पर पानी दिया गया आज वहाँ एक सुंदर बग़ीचा है इसलिए वहाँ सब खेलने जाते हैं,बनाया जाए खाद मांगा कर हर तरह के पौधे लगाए गए सही समय पर पानी दिया गया आज वहाँ एक सुंदर बगीचा है इसलिए वहाँ सब खेलते जाते हैं,बनाया जाए खाद मंगाकर हर तरह के पौधे लगाये गए सही समय पर पानी दिया गया आज वहाँ एक सुंदर बग़ीचा है इसलिए वहाँ सब खेलने जाते हैं,बनाया जाए खाद मांगा कर हर तरह के पौधे लगाए गए सही समय पर पानी दिया गया आज वहाँ एक सुंदर बगीचा है इसलिए वहाँ सब खेलते जाते हैं
/home/hp/Indain_children_spech/ASER-Dataset/audio_processed/chunks/Hindi UP/1654/HI_S4_ST_0_chunk0.wav,Hindi,रामपुर में कुछ ज़मीन ख़ाली थी वहाँ कुछ नहीं उगता था वहाँ कोई खेलने नहीं जाता था एक दिन कुछ लोग आए,रामपुर में कुछ जमीन खाली थी कुछ नहीं उगता था वह कोई खेल खेलने नहीं जाता था एक दिन कुछ लोग आए,रामपुर में कुछ ज़मीन ख़ाली थी वहाँ कुछ नहीं उगता था वहाँ कोई खेलने नहीं जाता था एक दिन कुछ लोग आए,रामपुर में कुछ जमीन खाली थी कुछ नहीं उगता था वह कोई खेल खेलने नहीं जाता था एक दिन कुछ लोग आए
/home/hp/Indain_children_spech/ASER-Dataset/audio_processed/chunks/Hindi UP/1654/HI_S4_ST_0_chunk1.wav,Hindi,उन्होंने गाँव के लोगों को बुलाया सबने मिलकर तय किया कि यहाँ बग़ीचा बनाया जाए खाद मंगाकर हर तरह के पौधे लगाये गए सही समय पर पानी दिया गया,उन्हने गांव के लोग को मकर तो किया कि यह बगीचेयाएत,उन्होंने गाँव के लोगों को बुलाया सबने मिलकर तय किया कि यहाँ बग़ीचा बनाया जाए खाद मंगाकर हर तरह के पौधे लगाये गए सही समय पर पानी दिया गया,उन्हने गांव के लोग को मकर तो किया कि यह बगीचेयाएत
/home/hp/Indain_children_spech/ASER-Dataset/audio_processed/chunks/Hindi UP/1654/HI_S4_ST_0_chunk2.wav,Hindi,आज वहाँ एक सुंदर बग़ीचा है इसलिए वहाँ सब खेलने जाते हैं,कर हर तरह के पौधों लगाए गए,आज वहाँ एक सुंदर बग़ीचा है इसलिए वहाँ सब खेलने जाते हैं,कर हर तरह के पौधों लगाए गए
/home/hp/Indain_children_spech/ASER-Dataset/audio_processed/chunks/Hindi UP/1661/HI_S4_ST_0_chunk0.wav,Hindi,रामपुर में कुछ ज़मीन ख़ाली थी वहाँ कुछ नहीं उगता था वहाँ कोई खेलने नहीं जाता था एक दिन कुछ लोग आए उन्होंने गाँव के लोगों को बुलाया,रामपुर में कुछ जमीन खाली थी वहाँ कुछ नहीं उगता उगता था वहाँ कोई खेल खेलने नहीं जाता था एक दिन कुछ लोग आए उन्होंने गाँव में गाँव के लोगों लोगों को बुलाया,रामपुर में कुछ ज़मीन ख़ाली थी वहाँ कुछ नहीं उगता था वहाँ कोई खेलने नहीं जाता था एक दिन कुछ लोग आए उन्होंने गाँव के लोगों को बुलाया,रामपुर में कुछ जमीन खाली थी वहाँ कुछ नहीं उगता उगता था वहाँ कोई खेल खेलने नहीं जाता था एक दिन कुछ लोग आए उन्होंने गाँव में गाँव के लोगों लोगों को बुलाया
/home/hp/Indain_children_spech/ASER-Dataset/audio_processed/chunks/Hindi UP/1661/HI_S4_ST_0_chunk1.wav,Hindi,सबने मिलकर तय किया कि यहाँ बग़ीचा बनाया जाए खाद मंगाकर हर तरह के पौधे लगाये गए सही समय पर पानी दिया गया,सने सबने मिलकर तय किया तय किया कि यहाँ बगीचा बनाया जाए खाद खाद मंगाकर हर तरह के पौधे लगाए लगाए सही समय पर पानी दिया गया,सबने मिलकर तय किया कि यहाँ बग़ीचा बनाया जाए खाद मंगाकर हर तरह के पौधे लगाये गए सही समय पर पानी दिया गया,सने सबने मिलकर तय किया तय किया कि यहाँ बगीचा बनाया जाए खाद खाद मंगाकर हर तरह के पौधे लगाए लगाए सही समय पर पानी दिया गया
/home/hp/Indain_children_spech/ASER-Dataset/audio_processed/chunks/Hindi UP/1661/HI_S4_ST_0_chunk2.wav,Hindi,आज वहाँ एक सुंदर बग़ीचा है इसलिए वहाँ सब खेलने जाते हैं,आज वहाँ एक सुंदर सुंदर बगीचा है इसलिए वहाँ वहाँ सब खान खेलने जाते हैं,आज वहाँ एक सुंदर बग़ीचा है इसलिए वहाँ सब खेलने जाते हैं,आज वहाँ एक सुंदर सुंदर बगीचा है इसलिए वहाँ वहाँ सब खान खेलने जाते हैं
/home/hp/Indain_children_spech/ASER-Dataset/audio_processed/chunks/Hindi UP/1674/HI_S3_ST_0_chunk0.wav,Hindi,विमला और अजय मेला देखने गये उन्हें मेले में तरहतरह की दुकाने दिखीं मेले में बहुत झूले थे वहाँ गरमगरम हलवा और जलेबियाँ भी बिक रहीं थीं जलेबी देखकर दोनों के मुँह में पानी आने,त झूले थे व वह गरम गरम हलवा और जलेबिया भी बिक रही थी जलेबी देखकर दोनों के मुँह में पानी आने,विमला और अजय मेला देखने गये उन्हें मेले में तरहतरह की दुकाने दिखीं मेले में बहुत झूले थे वहाँ गरमगरम हलवा और जलेबियाँ भी बिक रहीं थीं जलेबी देखकर दोनों के मुँह में पानी आने,त झूले थे व वह गरम गरम हलवा और जलेबिया भी बिक रही थी जलेबी देखकर दोनों के मुँह में पानी आने
/home/hp/Indain_children_spech/ASER-Dataset/audio_processed/chunks/Hindi UP/1674/HI_S3_ST_0_chunk1.wav,Hindi,लगा उन्हें जलेबी खाने का मन हुआ विमला ने जलेबी खरीदी दोनों दोस्तों ने मिलकर जलेबी खाई शाम को दोनों घर लौट आये,लगा उन्हें जलेबी खाने का मन हुआ बमला ने जलेबी खरीदनी खरीदी खरीदनी दोनों दोस्तों ने मिलकर जलेबी खाई शाम को दोनों घर लौट आएे,लगा उन्हें जलेबी खाने का मन हुआ विमला ने जलेबी खरीदी दोनों दोस्तों ने मिलकर जलेबी खाई शाम को दोनों घर लौट आये,लगा उन्हें जलेबी खाने का मन हुआ बमला ने जलेबी खरीदनी खरीदी खरीदनी दोनों दोस्तों ने मिलकर जलेबी खाई शाम को दोनों घर लौट आएे
/home/hp/Indain_children_spech/ASER-Dataset/audio_processed/chunks/Hindi UP/1711/HI_S4_ST_0_chunk0.wav,Hindi,रामपुर में कुछ ज़मीन ख़ाली थी वहाँ कुछ नहीं उगता था वहाँ कोई खेलने नहीं जाता था एक दिन कुछ लोग आए,रामपुर में कुछीन खाली थी वह कुछ नहीं उगाता था वह कोई खेलने नहीं जाता था एक दिन कुछ लोग आए,रामपुर में कुछ ज़मीन ख़ाली थी वहाँ कुछ नहीं उगता था वहाँ कोई खेलने नहीं जाता था एक दिन कुछ लोग आए,रामपुर में कुछीन खाली थी वह कुछ नहीं उगाता था वह कोई खेलने नहीं जाता था एक दिन कुछ लोग आए
/home/hp/Indain_children_spech/ASER-Dataset/audio_processed/chunks/Hindi UP/1711/HI_S4_ST_0_chunk1.wav,Hindi,उन्होंने गाँव के लोगों को बुलाया सबने मिलकर तय,उन्हें गांव के लोगों को बुलाया सबने मिलकर तय,उन्होंने गाँव के लोगों को बुलाया सबने मिलकर तय,उन्हें गांव के लोगों को बुलाया सबने मिलकर तय
/home/hp/Indain_children_spech/ASER-Dataset/audio_processed/chunks/Hindi UP/1711/HI_S4_ST_0_chunk2.wav,Hindi,किया कि यहाँ बग़ीचा बनाया जाए खाद मंगाकर हर तरह के पौधे लगाये गए सही,किया कि यहा बागीचा बनाया जाए खाद मंगाकर हर तरह के पेड़ लगाए गए सही,किया कि यहाँ बग़ीचा बनाया जाए खाद मंगाकर हर तरह के पौधे लगाये गए सही,किया कि यहा बागीचा बनाया जाए खाद मंगाकर हर तरह के पेड़ लगाए गए सही
/home/hp/Indain_children_spech/ASER-Dataset/audio_processed/chunks/Hindi UP/1711/HI_S4_ST_0_chunk3.wav,Hindi,समय पर पानी दिया गया आज वहाँ एक सुंदर बग़ीचा है इसलिए वहाँ सब खेलने जाते हैं,समय पर पानी दिया गया आज वह एक सुंदर बगीचा है इसालिए वह सब ले ले लेके खेलने जाते हैं,समय पर पानी दिया गया आज वहाँ एक सुंदर बग़ीचा है इसलिए वहाँ सब खेलने जाते हैं,समय पर पानी दिया गया आज वह एक सुंदर बगीचा है इसालिए वह सब ले ले लेके खेलने जाते हैं
/home/hp/Indain_children_spech/ASER-Dataset/audio_processed/chunks/Hindi UP/1715/HI_S4_ST_0_chunk0.wav,Hindi,रामपुर में कुछ ज़मीन ख़ाली थी वहाँ कुछ नहीं उगता था वहाँ कोई खेलने नहीं जाता,रामपुर में कुछ जमीनी थी व कु नहीं जके बाद हमारा वह कोई खेलने नहीं जाता,रामपुर में कुछ ज़मीन ख़ाली थी वहाँ कुछ नहीं उगता था वहाँ कोई खेलने नहीं जाता,रामपुर में कुछ जमीनी थी व कु नहीं जके बाद हमारा वह कोई खेलने नहीं जाता
/home/hp/Indain_children_spech/ASER-Dataset/audio_processed/chunks/Hindi UP/1715/HI_S4_ST_0_chunk1.wav,Hindi,था एक दिन कुछ लोग आए उन्होंने गाँव के लोगों को बुलाया सबने मिलकर तय किया कि यहाँ बग़ीचा बनाया जाए खाद मंगाकर हर तरह के पौधे लगाये गए सही समय पर पानी,आसे उन्हनेया दादी न ब कर म मम्मी तोता,था एक दिन कुछ लोग आए उन्होंने गाँव के लोगों को बुलाया सबने मिलकर तय किया कि यहाँ बग़ीचा बनाया जाए खाद मंगाकर हर तरह के पौधे लगाये गए सही समय पर पानी,आसे उन्हनेया दादी न ब कर म मम्मी तोता
/home/hp/Indain_children_spech/ASER-Dataset/audio_processed/chunks/Hindi UP/1715/HI_S4_ST_0_chunk2.wav,Hindi,दिया गया आज वहाँ एक सुंदर बग़ीचा है इसलिए वहाँ सब खेलने जाते हैं,सताि,दिया गया आज वहाँ एक सुंदर बग़ीचा है इसलिए वहाँ सब खेलने जाते हैं,सताि
/home/hp/Indain_children_spech/ASER-Dataset/audio_processed/chunks/Hindi UP/1748/HI_S1_ST_0_chunk0.wav,Hindi,बहुत दिनों से बारिश हो रही थी गाँव में सभी जगह गंदा पानी भर गया था सभी बारिश के रुकने की राह देख रहे थे अचानक एक दिन बारिश रुक गई सूरज निकल आया सब लोग खुश हो गये आसमान में चिड़ियाँ,बहुत दिनों से बारिश हो रही थी गाँव में सभी जगह गंदा पानी भर गया था सभी बारिश के रुकने की राह देख रहे थे अचानक एक दिन बारिश रुक गई सूरज निकल आया सब लोग खुश हो गए आसमान ने चिड़िया,बहुत दिनों से बारिश हो रही थी गाँव में सभी जगह गंदा पानी भर गया था सभी बारिश के रुकने की राह देख रहे थे अचानक एक दिन बारिश रुक गई सूरज निकल आया सब लोग खुश हो गये आसमान में चिड़ियाँ,बहुत दिनों से बारिश हो रही थी गाँव में सभी जगह गंदा पानी भर गया था सभी बारिश के रुकने की राह देख रहे थे अचानक एक दिन बारिश रुक गई सूरज निकल आया सब लोग खुश हो गए आसमान ने चिड़िया
/home/hp/Indain_children_spech/ASER-Dataset/audio_processed/chunks/Hindi UP/1748/HI_S1_ST_0_chunk1.wav,Hindi,उड़ने लगीं लोग अपने कपड़े सुखाने लगे बच्चे भी घरों से बाहर निकलकर खेलने लगे,उड़ने लगी लोग अपने कपड़े सुखाने लगे बच्चों भी बच्चे भी घरों से बाहर निकल कर खेलने लगे,उड़ने लगीं लोग अपने कपड़े सुखाने लगे बच्चे भी घरों से बाहर निकलकर खेलने लगे,उड़ने लगी लोग अपने कपड़े सुखाने लगे बच्चों भी बच्चे भी घरों से बाहर निकल कर खेलने लगे
/home/hp/Indain_children_spech/ASER-Dataset/audio_processed/chunks/Hindi UP/1796/HI_S4_ST_0_chunk0.wav,Hindi,रामपुर में कुछ ज़मीन ख़ाली थी वहाँ कुछ नहीं उगता था वहाँ कोई खेलने नहीं जाता था एक दिन कुछ लोग आए उन्होंने गाँव के लोगों को बुलाया सबने मिलकर तय किया कि यहाँ बग़ीचा बनाया जाए खाद मंगाकर हर तरह के पौधे लगाये गए सही समय पर पानी,रामपुर में कुछ ज़मीन खाली थी वहाँ कुछ नहीं उगता था वहाँ कोई खेलने नहीं जाता था एक दिन कुछ लोग आए उन्होंने गाँव के लोगों को बुलाया सबने मिलकर तय कि यहाँ बगीचा बनाया जाएा खाद मांग मंगा कर हर तरह के पौधे लगाए गए सही समय पर पानी,रामपुर में कुछ ज़मीन ख़ाली थी वहाँ कुछ नहीं उगता था वहाँ कोई खेलने नहीं जाता था एक दिन कुछ लोग आए उन्होंने गाँव के लोगों को बुलाया सबने मिलकर तय किया कि यहाँ बग़ीचा बनाया जाए खाद मंगाकर हर तरह के पौधे लगाये गए सही समय पर पानी,रामपुर में कुछ ज़मीन खाली थी वहाँ कुछ नहीं उगता था वहाँ कोई खेलने नहीं जाता था एक दिन कुछ लोग आए उन्होंने गाँव के लोगों को बुलाया सबने मिलकर तय कि यहाँ बगीचा बनाया जाएा खाद मांग मंगा कर हर तरह के पौधे लगाए गए सही समय पर पानी
/home/hp/Indain_children_spech/ASER-Dataset/audio_processed/chunks/Hindi UP/1796/HI_S4_ST_0_chunk1.wav,Hindi,दिया गया आज वहाँ एक सुंदर बग़ीचा है इसलिए वहाँ सब खेलने जाते हैं,दिया गया आज वहाँ एक सुंदर बगीचा है इसीलिए वहाँ सब खिल खेलने जाते हैं,दिया गया आज वहाँ एक सुंदर बग़ीचा है इसलिए वहाँ सब खेलने जाते हैं,दिया गया आज वहाँ एक सुंदर बगीचा है इसीलिए वहाँ सब खिल खेलने जाते हैं
/home/hp/Indain_children_spech/ASER-Dataset/audio_processed/chunks/Hindi UP/1812/HI_S1_ST_0_chunk0.wav,Hindi,बहुत दिनों से बारिश हो रही थी गाँव में सभी जगह गंदा पानी भर गया था सभी बारिश के रुकने की राह देख रहे थे अचानक एक दिन बारिश रुक गई सूरज निकल,बहुत दिन दिनों से बारिश हो रही थी गाँव में सभी जगह गंदा पानी भरा गया था सभी बारिश के रुकने की तरह राह देख रहे थे अचानक एक दिन बारिश रुक गई सूरज निकल,बहुत दिनों से बारिश हो रही थी गाँव में सभी जगह गंदा पानी भर गया था सभी बारिश के रुकने की राह देख रहे थे अचानक एक दिन बारिश रुक गई सूरज निकल,बहुत दिन दिनों से बारिश हो रही थी गाँव में सभी जगह गंदा पानी भरा गया था सभी बारिश के रुकने की तरह राह देख रहे थे अचानक एक दिन बारिश रुक गई सूरज निकल
/home/hp/Indain_children_spech/ASER-Dataset/audio_processed/chunks/Hindi UP/1812/HI_S1_ST_0_chunk1.wav,Hindi,आया सब लोग खुश हो गये आसमान में चिड़ियाँ उड़ने लगीं लोग अपने कपड़े सुखाने लगे बच्चे भी घरों से बाहर निकलकर खेलने लगे,आया सब लोग खुश हो गए आसमान में चिड़ियाँ उड़ने लगीं लोग अपने कपड़े सूखने लगे बच्चों भी घरों से बाहर निकल कर खेलने लगे,आया सब लोग खुश हो गये आसमान में चिड़ियाँ उड़ने लगीं लोग अपने कपड़े सुखाने लगे बच्चे भी घरों से बाहर निकलकर खेलने लगे,आया सब लोग खुश हो गए आसमान में चिड़ियाँ उड़ने लगीं लोग अपने कपड़े सूखने लगे बच्चों भी घरों से बाहर निकल कर खेलने लगे
/home/hp/Indain_children_spech/ASER-Dataset/audio_processed/chunks/Hindi UP/1814/HI_S2_ST_0_chunk0.wav,Hindi,सावन का महीना था आसमान में बहुत से काले बादल छाये थे ठंडी ठंडी हवा चल रही थी मैंने सोचा आज झूला झूलते हैं बड़े भैया एक मोटी सी रस्सी लेकर आए हमने उसे पेड़ से लटका कर झूला,सावन का महीना था आसमान में बहुत से काले बादल छाए थे ठंडी ठंडी हवा चल रही थी मैंने सोचा आज झूला झूलते हैं बड़े भाया एक मोटी सी रस्सी लेकर आए हमने उसे पेड़ से लटका कर झूल झूला,सावन का महीना था आसमान में बहुत से काले बादल छाये थे ठंडी ठंडी हवा चल रही थी मैंने सोचा आज झूला झूलते हैं बड़े भैया एक मोटी सी रस्सी लेकर आए हमने उसे पेड़ से लटका कर झूला,सावन का महीना था आसमान में बहुत से काले बादल छाए थे ठंडी ठंडी हवा चल रही थी मैंने सोचा आज झूला झूलते हैं बड़े भाया एक मोटी सी रस्सी लेकर आए हमने उसे पेड़ से लटका कर झूल झूला
/home/hp/Indain_children_spech/ASER-Dataset/audio_processed/chunks/Hindi UP/1814/HI_S2_ST_0_chunk1.wav,Hindi,बनाया सब ने मिलकर खूब झूला झूला बहुत सारे बच्चे आकर मज़े से खेलने लगे खेलतेखेलते रात हो गई,बनाया सब ने मिलकर खूब झूला झूला झला बहुत सारे बच्चे आकाश आकर मजे से खेलने लगे खेलते खेलते रात हो गई,बनाया सब ने मिलकर खूब झूला झूला बहुत सारे बच्चे आकर मज़े से खेलने लगे खेलतेखेलते रात हो गई,बनाया सब ने मिलकर खूब झूला झूला झला बहुत सारे बच्चे आकाश आकर मजे से खेलने लगे खेलते खेलते रात हो गई
/home/hp/Indain_children_spech/ASER-Dataset/audio_processed/chunks/Hindi UP/1826/HI_S1_ST_0_chunk0.wav,Hindi,बहुत दिनों से बारिश हो रही थी गाँव में सभी जगह गंदा पानी भर गया था सभी बारिश के रुकने की राह देख रहे थे अचानक एक दिन बारिश रुक गई सूरज निकल आया सब लोग खुश,बहुत दिनों से बारिश हो रही थी गाव में सभी जदा पानी सभी बारिश रनेी र देख रहे थे अचानक एक दिन बारिश रुत गई सूरज निकल आया सब लोगोस,बहुत दिनों से बारिश हो रही थी गाँव में सभी जगह गंदा पानी भर गया था सभी बारिश के रुकने की राह देख रहे थे अचानक एक दिन बारिश रुक गई सूरज निकल आया सब लोग खुश,बहुत दिनों से बारिश हो रही थी गाव में सभी जदा पानी सभी बारिश रनेी र देख रहे थे अचानक एक दिन बारिश रुत गई सूरज निकल आया सब लोगोस
/home/hp/Indain_children_spech/ASER-Dataset/audio_processed/chunks/Hindi UP/1826/HI_S1_ST_0_chunk1.wav,Hindi,हो गये आसमान में चिड़ियाँ उड़ने लगीं लोग अपने कपड़े सुखाने लगे बच्चे भी घरों से बाहर निकलकर खेलने लगे,हो दए आसमान में चिड़िया उड़ने लगी लोध अपने तपड़े सुथाने लगे बच्चे भी घरों से बाहर निकल कर खेलने लगे,हो गये आसमान में चिड़ियाँ उड़ने लगीं लोग अपने कपड़े सुखाने लगे बच्चे भी घरों से बाहर निकलकर खेलने लगे,हो दए आसमान में चिड़िया उड़ने लगी लोध अपने तपड़े सुथाने लगे बच्चे भी घरों से बाहर निकल कर खेलने लगे
/home/hp/Indain_children_spech/ASER-Dataset/audio_processed/chunks/Hindi UP/1838/HI_S2_ST_0_chunk0.wav,Hindi,सावन का महीना था आसमान में बहुत से काले बादल छाये थे ठंडी ठंडी हवा चल रही थी मैंने सोचा आज झूला झूलते हैं बड़े,सावन का महीना है महीना था आसमान में बहुत से काले बादल छाए थे ठंडी ठंडी हवा चल रही थी मैंने सोचा आज झूला झूलते हैं बहड़,सावन का महीना था आसमान में बहुत से काले बादल छाये थे ठंडी ठंडी हवा चल रही थी मैंने सोचा आज झूला झूलते हैं बड़े,सावन का महीना है महीना था आसमान में बहुत से काले बादल छाए थे ठंडी ठंडी हवा चल रही थी मैंने सोचा आज झूला झूलते हैं बहड़
/home/hp/Indain_children_spech/ASER-Dataset/audio_processed/chunks/Hindi UP/1838/HI_S2_ST_0_chunk1.wav,Hindi,भैया एक मोटी सी रस्सी लेकर आए हमने उसे पेड़ से लटका कर झूला बनाया सब ने,भ एक मोटी सी रस्सी लेकर आए हमने उसे पेड़ से लटका कर झूला बनाया सब ने,भैया एक मोटी सी रस्सी लेकर आए हमने उसे पेड़ से लटका कर झूला बनाया सब ने,भ एक मोटी सी रस्सी लेकर आए हमने उसे पेड़ से लटका कर झूला बनाया सब ने
/home/hp/Indain_children_spech/ASER-Dataset/audio_processed/chunks/Hindi UP/1838/HI_S2_ST_0_chunk2.wav,Hindi,मिलकर खूब झूला झूला बहुत सारे बच्चे आकर मज़े से खेलने लगे खेलतेखेलते रात हो गई,मिलकर खूब झूला झूला बहुत सारे बच्चे आकर मजे से खेलने लगे खेलते खेलते रात हो गई,मिलकर खूब झूला झूला बहुत सारे बच्चे आकर मज़े से खेलने लगे खेलतेखेलते रात हो गई,मिलकर खूब झूला झूला बहुत सारे बच्चे आकर मजे से खेलने लगे खेलते खेलते रात हो गई
/home/hp/Indain_children_spech/ASER-Dataset/audio_processed/chunks/Hindi UP/1852/HI_S3_ST_0_chunk0.wav,Hindi,विमला और अजय मेला देखने गये उन्हें मेले में तरहतरह की दुकाने दिखीं मेले में बहुत झूले थे वहाँ गरमगरम हलवा और जलेबियाँ,वििमल और अजय मेला देखने गए उन्होंने मेले में तरह तरह की दुकानों देखी मेले में बहुत झूले थे वह गर्म गर्म हलवा और जलेबियाँ,विमला और अजय मेला देखने गये उन्हें मेले में तरहतरह की दुकाने दिखीं मेले में बहुत झूले थे वहाँ गरमगरम हलवा और जलेबियाँ,वििमल और अजय मेला देखने गए उन्होंने मेले में तरह तरह की दुकानों देखी मेले में बहुत झूले थे वह गर्म गर्म हलवा और जलेबियाँ
/home/hp/Indain_children_spech/ASER-Dataset/audio_processed/chunks/Hindi UP/1852/HI_S3_ST_0_chunk1.wav,Hindi,भी बिक रहीं थीं जलेबी देखकर दोनों के मुँह में पानी आने लगा उन्हें जलेबी खाने का मन हुआ विमला ने जलेबी खरीदी दोनों दोस्तों ने मिलकर जलेबी खाई शाम को,ी आ उन्ह जलेबी खाने का मन हुआ विमल ने जलेबी खरीदी दोनों दोस्तों ने मिलकर जलेबी खाई शाम को,भी बिक रहीं थीं जलेबी देखकर दोनों के मुँह में पानी आने लगा उन्हें जलेबी खाने का मन हुआ विमला ने जलेबी खरीदी दोनों दोस्तों ने मिलकर जलेबी खाई शाम को,ी आ उन्ह जलेबी खाने का मन हुआ विमल ने जलेबी खरीदी दोनों दोस्तों ने मिलकर जलेबी खाई शाम को
/home/hp/Indain_children_spech/ASER-Dataset/audio_processed/chunks/Hindi UP/1852/HI_S3_ST_0_chunk2.wav,Hindi,दोनों घर लौट आये,दोनों घर लौट आए,दोनों घर लौट आये,दोनों घर लौट आए
/home/hp/Indain_children_spech/ASER-Dataset/audio_processed/chunks/Hindi UP/1856/HI_S4_ST_0_chunk0.wav,Hindi,रामपुर में कुछ ज़मीन ख़ाली थी वहाँ कुछ नहीं उगता था वहाँ कोई खेलने नहीं जाता था एक दिन कुछ लोग आए उन्होंने गाँव के लोगों को बुलाया सबने मिलकर,रामपुर में कुछ जमीन खाली थी वह कुछ नहींता था वह कोई खेलने नहीं जाता था एक दिन कुछ लोग आए उन्ह उन्होंने गाँव के लोगों को बुलाया सबने मिल मिलकर,रामपुर में कुछ ज़मीन ख़ाली थी वहाँ कुछ नहीं उगता था वहाँ कोई खेलने नहीं जाता था एक दिन कुछ लोग आए उन्होंने गाँव के लोगों को बुलाया सबने मिलकर,रामपुर में कुछ जमीन खाली थी वह कुछ नहींता था वह कोई खेलने नहीं जाता था एक दिन कुछ लोग आए उन्ह उन्होंने गाँव के लोगों को बुलाया सबने मिल मिलकर
/home/hp/Indain_children_spech/ASER-Dataset/audio_processed/chunks/Hindi UP/1856/HI_S4_ST_0_chunk1.wav,Hindi,तय किया कि यहाँ बग़ीचा बनाया जाए खाद मंगाकर हर तरह के पौधे लगाये गए सही समय पर पानी दिया गया आज वहाँ एक सुंदर बग़ीचा है इसलिए,तय किया कि यह बगीचा बनाया जाएगा याद मंगलकार है तैयार के पौधे लगाए गए हैं सही समय पर अपनी पानी दिया गया आज वह एक सुंदर बगीचा है इसीलिए,तय किया कि यहाँ बग़ीचा बनाया जाए खाद मंगाकर हर तरह के पौधे लगाये गए सही समय पर पानी दिया गया आज वहाँ एक सुंदर बग़ीचा है इसलिए,तय किया कि यह बगीचा बनाया जाएगा याद मंगलकार है तैयार के पौधे लगाए गए हैं सही समय पर अपनी पानी दिया गया आज वह एक सुंदर बगीचा है इसीलिए
/home/hp/Indain_children_spech/ASER-Dataset/audio_processed/chunks/Hindi UP/1856/HI_S4_ST_0_chunk2.wav,Hindi,वहाँ सब खेलने जाते हैं,वह सब खेलने जाते थे,वहाँ सब खेलने जाते हैं,वह सब खेलने जाते थे
/home/hp/Indain_children_spech/ASER-Dataset/audio_processed/chunks/Hindi UP/1876/HI_S4_ST_0_chunk0.wav,Hindi,रामपुर में कुछ ज़मीन ख़ाली थी वहाँ कुछ नहीं उगता था वहाँ कोई खेलने नहीं जाता था एक दिन कुछ लोग आए उन्होंने गाँव के लोगों को बुलाया सबने मिलकर तय किया कि यहाँ,रामपुर में कुछ जामीन खाली थी वहाँ कुछ नहीं उगता था वहाँ कोई खेलने नहीं आ जाता था एक दिन कुछ लोग आए उन्होंने गाँव के लोगों को बुलाया स ने मिलकर तय किया कि यहाँ,रामपुर में कुछ ज़मीन ख़ाली थी वहाँ कुछ नहीं उगता था वहाँ कोई खेलने नहीं जाता था एक दिन कुछ लोग आए उन्होंने गाँव के लोगों को बुलाया सबने मिलकर तय किया कि यहाँ,रामपुर में कुछ जामीन खाली थी वहाँ कुछ नहीं उगता था वहाँ कोई खेलने नहीं आ जाता था एक दिन कुछ लोग आए उन्होंने गाँव के लोगों को बुलाया स ने मिलकर तय किया कि यहाँ
/home/hp/Indain_children_spech/ASER-Dataset/audio_processed/chunks/Hindi UP/1876/HI_S4_ST_0_chunk1.wav,Hindi,बग़ीचा बनाया जाए खाद मंगाकर हर तरह के पौधे लगाये गए सही समय पर पानी दिया गया आज वहाँ एक सुंदर बग़ीचा है इसलिए वहाँ सब खेलने जाते हैं,बगीचा बनाया जाए खाद म कर हर तरह के पौधे लगाए जा गए सही समय पर पानी दिया जाए गया आज वहाँ एक सुंदर बगीचा है इसलिए वहाँ सब खेलने आ जाते हैं,बग़ीचा बनाया जाए खाद मंगाकर हर तरह के पौधे लगाये गए सही समय पर पानी दिया गया आज वहाँ एक सुंदर बग़ीचा है इसलिए वहाँ सब खेलने जाते हैं,बगीचा बनाया जाए खाद म कर हर तरह के पौधे लगाए जा गए सही समय पर पानी दिया जाए गया आज वहाँ एक सुंदर बगीचा है इसलिए वहाँ सब खेलने आ जाते हैं
/home/hp/Indain_children_spech/ASER-Dataset/audio_processed/chunks/Hindi UP/1958/HI_S1_P_0_chunk0.wav,Hindi,राधा के पास एक तोता है उसकी,राधा के पास एक तोता है उसकी,राधा के पास एक तोता है उसकी,राधा के पास एक तोता है उसकी
/home/hp/Indain_children_spech/ASER-Dataset/audio_processed/chunks/Hindi UP/1958/HI_S1_P_0_chunk1.wav,Hindi,चोंच लाल है वह बहुत बोलता है सब को हँसाता है,चोंच ला लाल है वह बहुत बोलता है सबक हसा हँसाता है,चोंच लाल है वह बहुत बोलता है सब को हँसाता है,चोंच ला लाल है वह बहुत बोलता है सबक हसा हँसाता है
/home/hp/Indain_children_spech/ASER-Dataset/audio_processed/chunks/Hindi UP/1958/HI_S1_ST_0_chunk0.wav,Hindi,बहुत दिनों से बारिश हो रही थी गाँव में सभी जगह गंदा पानी भर गया था सभी बारिश के रुकने की राह देख रहे थे अचानक,बहुत दिनों से बारिश हो रही थी गाँव में सभी जगह गंदा पानी भरा गया था सभी बारिश इस के रुकने की राह देख रहे थे अचानक,बहुत दिनों से बारिश हो रही थी गाँव में सभी जगह गंदा पानी भर गया था सभी बारिश के रुकने की राह देख रहे थे अचानक,बहुत दिनों से बारिश हो रही थी गाँव में सभी जगह गंदा पानी भरा गया था सभी बारिश इस के रुकने की राह देख रहे थे अचानक
/home/hp/Indain_children_spech/ASER-Dataset/audio_processed/chunks/Hindi UP/1958/HI_S1_ST_0_chunk1.wav,Hindi,एक दिन बारिश रुक गई सूरज निकल आया सब लोग खुश हो गये आसमान में चिड़ियाँ उड़ने लगीं लोग अपने कपड़े,एक दिन बारिश रुक गई सूरज निकला आया सब लोग खुश हो गए आसमान में चिड़ियाड़ उड़ने लगी लोग अपने कपड़ों,एक दिन बारिश रुक गई सूरज निकल आया सब लोग खुश हो गये आसमान में चिड़ियाँ उड़ने लगीं लोग अपने कपड़े,एक दिन बारिश रुक गई सूरज निकला आया सब लोग खुश हो गए आसमान में चिड़ियाड़ उड़ने लगी लोग अपने कपड़ों
/home/hp/Indain_children_spech/ASER-Dataset/audio_processed/chunks/Hindi UP/1958/HI_S1_ST_0_chunk2.wav,Hindi,सुखाने लगे बच्चे भी घरों से बाहर निकलकर खेलने लगे,सुखाने लगे बच्चे भी घरों से बाहर निकल कर खेलने लगे,सुखाने लगे बच्चे भी घरों से बाहर निकलकर खेलने लगे,सुखाने लगे बच्चे भी घरों से बाहर निकल कर खेलने लगे
/home/hp/Indain_children_spech/ASER-Dataset/audio_processed/chunks/Hindi UP/1971/HI_S1_ST_0_chunk0.wav,Hindi,बहुत दिनों से बारिश हो रही थी गाँव में सभी जगह गंदा पानी भर गया था सभी बारिश के रुकने की राह देख रहे थे अचानक एक दिन बारिश रुक गई सूरज निकल आया सब लोग खुश हो गये आसमान में चिड़ियाँ उड़ने लगीं,बहुत दिनों से बारिश हो रही थी गाँव में सभी जगह गंदा पानी भर गया था सभी बारिश के रुकने की राह देख रहे थे अचानक एक दिन बारिश रुक गई सूरज निकल गए आया सब लोग खुश हो गए आसमान में चिड़िया उड़ने लगी,बहुत दिनों से बारिश हो रही थी गाँव में सभी जगह गंदा पानी भर गया था सभी बारिश के रुकने की राह देख रहे थे अचानक एक दिन बारिश रुक गई सूरज निकल आया सब लोग खुश हो गये आसमान में चिड़ियाँ उड़ने लगीं,बहुत दिनों से बारिश हो रही थी गाँव में सभी जगह गंदा पानी भर गया था सभी बारिश के रुकने की राह देख रहे थे अचानक एक दिन बारिश रुक गई सूरज निकल गए आया सब लोग खुश हो गए आसमान में चिड़िया उड़ने लगी
/home/hp/Indain_children_spech/ASER-Dataset/audio_processed/chunks/Hindi UP/1971/HI_S1_ST_0_chunk1.wav,Hindi,लोग अपने कपड़े सुखाने लगे बच्चे भी घरों से बाहर निकलकर खेलने लगे,लोग अपने कपड़े सुखाने लगे बच्चे भी घरों से बाहर निकल कर खेलने लगे,लोग अपने कपड़े सुखाने लगे बच्चे भी घरों से बाहर निकलकर खेलने लगे,लोग अपने कपड़े सुखाने लगे बच्चे भी घरों से बाहर निकल कर खेलने लगे
/home/hp/Indain_children_spech/ASER-Dataset/audio_processed/chunks/Hindi UP/1998/HI_S3_ST_0_chunk0.wav,Hindi,विमला और अजय मेला देखने गये उन्हें मेले में तरहतरह की दुकाने दिखीं मेले में बहुत झूले,ममल और आ मेला देखने गए उन्हें मेले में तरह तरह की दुकाने देखी मेले में बहुत झूले,विमला और अजय मेला देखने गये उन्हें मेले में तरहतरह की दुकाने दिखीं मेले में बहुत झूले,ममल और आ मेला देखने गए उन्हें मेले में तरह तरह की दुकाने देखी मेले में बहुत झूले
/home/hp/Indain_children_spech/ASER-Dataset/audio_processed/chunks/Hindi UP/1998/HI_S3_ST_0_chunk1.wav,Hindi,थे वहाँ गरमगरम हलवा और जलेबियाँ भी बिक रहीं थीं,थे वहाँ गरम गर्म हवा और जलेबियाँ भी बिक रही थी,थे वहाँ गरमगरम हलवा और जलेबियाँ भी बिक रहीं थीं,थे वहाँ गरम गर्म हवा और जलेबियाँ भी बिक रही थी
/home/hp/Indain_children_spech/ASER-Dataset/audio_processed/chunks/Hindi UP/1998/HI_S3_ST_0_chunk2.wav,Hindi,जलेबी देखकर दोनों के मुँह में पानी आने लगा उन्हें जलेबी खाने का मन हुआ विमला ने जलेबी खरीदी दोनों दोस्तों ने,जलेबी देखकर दोनों के मुँह में पानी आने लगा वहाँ जलेबी खाने का मन हुआ बमल ने जलेबी खरीद दोनों दोस्त ने,जलेबी देखकर दोनों के मुँह में पानी आने लगा उन्हें जलेबी खाने का मन हुआ विमला ने जलेबी खरीदी दोनों दोस्तों ने,जलेबी देखकर दोनों के मुँह में पानी आने लगा वहाँ जलेबी खाने का मन हुआ बमल ने जलेबी खरीद दोनों दोस्त ने
/home/hp/Indain_children_spech/ASER-Dataset/audio_processed/chunks/Hindi UP/1998/HI_S3_ST_0_chunk3.wav,Hindi,मिलकर जलेबी खाई शाम को दोनों घर लौट आये,मिल कर जलेबी खा खाएँ शाम को दोनों का घर लौट आए,मिलकर जलेबी खाई शाम को दोनों घर लौट आये,मिल कर जलेबी खा खाएँ शाम को दोनों का घर लौट आए
/home/hp/Indain_children_spech/ASER-Dataset/audio_processed/chunks/Hindi UP/2040/HI_S3_ST_0_chunk0.wav,Hindi,विमला और अजय मेला देखने गये उन्हें मेले में तरहतरह की दुकाने दिखीं मेले में बहुत झूले थे वहाँ गरमगरम हलवा और जलेबियाँ भी बिक रहीं थीं जलेबी देखकर दोनों के मुँह में पानी आने लगा उन्हें जलेबी,विमला और अजय मेल मेला देखने गए उन्हें मेले में तरह तरह की दुकाने दिखीं मेले में बहुत झूले थे वहाँ गरम गर्म हलवा और जलेबियाँ भी बिक रही थीं जलेबी देखकर दोनों के मुँह में पानी आने लगा उन्हें जलेबी,विमला और अजय मेला देखने गये उन्हें मेले में तरहतरह की दुकाने दिखीं मेले में बहुत झूले थे वहाँ गरमगरम हलवा और जलेबियाँ भी बिक रहीं थीं जलेबी देखकर दोनों के मुँह में पानी आने लगा उन्हें जलेबी,विमला और अजय मेल मेला देखने गए उन्हें मेले में तरह तरह की दुकाने दिखीं मेले में बहुत झूले थे वहाँ गरम गर्म हलवा और जलेबियाँ भी बिक रही थीं जलेबी देखकर दोनों के मुँह में पानी आने लगा उन्हें जलेबी
/home/hp/Indain_children_spech/ASER-Dataset/audio_processed/chunks/Hindi UP/2040/HI_S3_ST_0_chunk1.wav,Hindi,खाने का मन हुआ विमला ने जलेबी खरीदी दोनों दोस्तों ने मिलकर जलेबी खाई शाम को दोनों घर लौट आये,खाने का मन हुआ बिमला ने जलेबी खरीदी दोनों दोस्तों ने मिलकर जलेबी खाई शाम को दोनों घर लौट आई,खाने का मन हुआ विमला ने जलेबी खरीदी दोनों दोस्तों ने मिलकर जलेबी खाई शाम को दोनों घर लौट आये,खाने का मन हुआ बिमला ने जलेबी खरीदी दोनों दोस्तों ने मिलकर जलेबी खाई शाम को दोनों घर लौट आई
/home/hp/Indain_children_spech/ASER-Dataset/audio_processed/chunks/Hindi UP/2108/HI_S3_ST_0_chunk0.wav,Hindi,विमला और अजय मेला देखने गये उन्हें मेले में तरहतरह की दुकाने दिखीं मेले में बहुत झूले थे वहाँ गरमगरम हलवा और जलेबियाँ भी बिक रहीं थीं जलेबी देखकर दोनों के,विमल और अजय मेला देखने गए उन्हें मेले में तरह तरह के दुने दिखीं मेले में बहुत झूले थे वह वहाँ मगर गर्म गरम ह लवाई हलवाई और जलेबियाँ भी बिक रही थीं जलेबी देखकर दोनों दोनों के,विमला और अजय मेला देखने गये उन्हें मेले में तरहतरह की दुकाने दिखीं मेले में बहुत झूले थे वहाँ गरमगरम हलवा और जलेबियाँ भी बिक रहीं थीं जलेबी देखकर दोनों के,विमल और अजय मेला देखने गए उन्हें मेले में तरह तरह के दुने दिखीं मेले में बहुत झूले थे वह वहाँ मगर गर्म गरम ह लवाई हलवाई और जलेबियाँ भी बिक रही थीं जलेबी देखकर दोनों दोनों के
/home/hp/Indain_children_spech/ASER-Dataset/audio_processed/chunks/Hindi UP/2108/HI_S3_ST_0_chunk1.wav,Hindi,मुँह में पानी आने लगा उन्हें जलेबी खाने का मन हुआ विमला ने जलेबी खरीदी दोनों दोस्तों ने मिलकर जलेबी खाई शाम को दोनों घर लौट आये,मु में पानी आने लगा जबी खाने का मन हुआला ने जलेबी खरीदती दोनों दोस्त दोस्त ने मिलकर जलेबी खाई शाम शाम को दोनों घर लौट आए,मुँह में पानी आने लगा उन्हें जलेबी खाने का मन हुआ विमला ने जलेबी खरीदी दोनों दोस्तों ने मिलकर जलेबी खाई शाम को दोनों घर लौट आये,मु में पानी आने लगा जबी खाने का मन हुआला ने जलेबी खरीदती दोनों दोस्त दोस्त ने मिलकर जलेबी खाई शाम शाम को दोनों घर लौट आए
/home/hp/Indain_children_spech/ASER-Dataset/audio_processed/chunks/Hindi UP/2234/HI_S4_P_0_chunk0.wav,Hindi,बग़ीचे में पेड़ हैं पेड़ पर एक तोता रहता है,बगाची मेंी पेड़ ह पेड़ पर एकी पीता तोता रहत हरे,बग़ीचे में पेड़ हैं पेड़ पर एक तोता रहता है,बगाची मेंी पेड़ ह पेड़ पर एकी पीता तोता रहत हरे
/home/hp/Indain_children_spech/ASER-Dataset/audio_processed/chunks/Hindi UP/2234/HI_S4_P_0_chunk1.wav,Hindi,तोते का रंग हरा है वह लाल टमाटर खाता है,तता कााग वह लाल टमाटर खाता है,तोते का रंग हरा है वह लाल टमाटर खाता है,तता कााग वह लाल टमाटर खाता है
/home/hp/Indain_children_spech/ASER-Dataset/audio_processed/chunks/Hindi UP/2259/HI_S4_ST_0_chunk0.wav,Hindi,रामपुर में कुछ ज़मीन ख़ाली थी वहाँ कुछ नहीं उगता था वहाँ कोई खेलने नहीं जाता था एक दिन कुछ लोग आए उन्होंने गाँव के लोगों को बुलाया सबने मिलकर तय किया,रामपुर में कुछ जमीन खाली है व वहा कुछ नहीं उगता व खेलने नहीं वहा कोई खेलने नहीं जाता था एक दिन कुछ लोग आए उन्होंने गाँव के लोगों को बुलाया सबने मिलकर तय किया,रामपुर में कुछ ज़मीन ख़ाली थी वहाँ कुछ नहीं उगता था वहाँ कोई खेलने नहीं जाता था एक दिन कुछ लोग आए उन्होंने गाँव के लोगों को बुलाया सबने मिलकर तय किया,रामपुर में कुछ जमीन खाली है व वहा कुछ नहीं उगता व खेलने नहीं वहा कोई खेलने नहीं जाता था एक दिन कुछ लोग आए उन्होंने गाँव के लोगों को बुलाया सबने मिलकर तय किया
/home/hp/Indain_children_spech/ASER-Dataset/audio_processed/chunks/Hindi UP/2259/HI_S4_ST_0_chunk1.wav,Hindi,कि यहाँ बग़ीचा बनाया जाए खाद मंगाकर हर तरह के पौधे लगाये गए सही समय पर पानी दिया गया आज वहाँ एक सुंदर बग़ीचा है इसलिए वहाँ सब खेलने जाते हैं,की यँ बगीचा बनाया जाए खाद मांग कर हर तरह से पौधे लगाएे गए सही समय पर पानी दिया गया आज वहाँ एक सुंदर बगीचा है इसलिए वहाँ सब खेलने जाते है,कि यहाँ बग़ीचा बनाया जाए खाद मंगाकर हर तरह के पौधे लगाये गए सही समय पर पानी दिया गया आज वहाँ एक सुंदर बग़ीचा है इसलिए वहाँ सब खेलने जाते हैं,की यँ बगीचा बनाया जाए खाद मांग कर हर तरह से पौधे लगाएे गए सही समय पर पानी दिया गया आज वहाँ एक सुंदर बगीचा है इसलिए वहाँ सब खेलने जाते है
/home/hp/Indain_children_spech/ASER-Dataset/audio_processed/chunks/Hindi UP/2302/HI_S1_ST_0_chunk0.wav,Hindi,बहुत दिनों से बारिश हो रही थी गाँव में सभी जगह गंदा पानी भर गया था सभी बारिश के रुकने की राह देख रहे थे अचानक,बहुत दिनों से बारिश हो रही है बारिश बारिश हो बारिश हो रही थी गाँव में सभी जगह गंदा पानी भर गया था सभी बारिश के रु रुकने की राह देखा रहे थे अचानक अचानक,बहुत दिनों से बारिश हो रही थी गाँव में सभी जगह गंदा पानी भर गया था सभी बारिश के रुकने की राह देख रहे थे अचानक,बहुत दिनों से बारिश हो रही है बारिश बारिश हो बारिश हो रही थी गाँव में सभी जगह गंदा पानी भर गया था सभी बारिश के रु रुकने की राह देखा रहे थे अचानक अचानक
/home/hp/Indain_children_spech/ASER-Dataset/audio_processed/chunks/Hindi UP/2302/HI_S1_ST_0_chunk1.wav,Hindi,एक दिन बारिश रुक गई सूरज निकल आया सब लोग खुश हो गये आसमान में चिड़ियाँ उड़ने लगीं लोग अपने कपड़े सुखाने लगे बच्चे भी,एक दिन बारिश रुक गई सूरज निकला आ या आया सब लोग खूब हो खूब खुश हो गए आसमान में चिड़िया उड़ने लगी लोगों अपने कपड़े सुखाने लगे बच्चे भी,एक दिन बारिश रुक गई सूरज निकल आया सब लोग खुश हो गये आसमान में चिड़ियाँ उड़ने लगीं लोग अपने कपड़े सुखाने लगे बच्चे भी,एक दिन बारिश रुक गई सूरज निकला आ या आया सब लोग खूब हो खूब खुश हो गए आसमान में चिड़िया उड़ने लगी लोगों अपने कपड़े सुखाने लगे बच्चे भी
/home/hp/Indain_children_spech/ASER-Dataset/audio_processed/chunks/Hindi UP/2302/HI_S1_ST_0_chunk2.wav,Hindi,घरों से बाहर निकलकर खेलने लगे,घरों से बाहर निकले ख खेलने लगे,घरों से बाहर निकलकर खेलने लगे,घरों से बाहर निकले ख खेलने लगे
/home/hp/Indain_children_spech/ASER-Dataset/audio_processed/chunks/Hindi UP/2349/HI_S4_ST_0_chunk0.wav,Hindi,रामपुर में कुछ ज़मीन ख़ाली थी वहाँ कुछ नहीं उगता था वहाँ कोई खेलने नहीं जाता था एक दिन कुछ लोग आए उन्होंने गाँव के लोगों को बुलाया सबने मिलकर,रामपुर में कुछ जमीन खाली थी वहाँ कुछ नहीं उगता था वहाँ कोई खेलने नहीं जाते थे था एक दिन कुछ लोग आए उन्होंने गाँव के लोग को बुलाएंसब सबने मिलकर,रामपुर में कुछ ज़मीन ख़ाली थी वहाँ कुछ नहीं उगता था वहाँ कोई खेलने नहीं जाता था एक दिन कुछ लोग आए उन्होंने गाँव के लोगों को बुलाया सबने मिलकर,रामपुर में कुछ जमीन खाली थी वहाँ कुछ नहीं उगता था वहाँ कोई खेलने नहीं जाते थे था एक दिन कुछ लोग आए उन्होंने गाँव के लोग को बुलाएंसब सबने मिलकर
/home/hp/Indain_children_spech/ASER-Dataset/audio_processed/chunks/Hindi UP/2349/HI_S4_ST_0_chunk1.wav,Hindi,तय किया कि यहाँ बग़ीचा बनाया जाए खाद मंगाकर हर तरह के पौधे लगाये गए सही समय पर पानी दिया गया आज वहाँ एक सुंदर बग़ीचा है इसलिए वहाँ सब खेलने जाते हैं,तय किया कि यहाँ बगीचा बनाएँ पाए खाद मा माकर खाद माँकर हर बनाए इ तरह के पौधे लगाए गए सही समय पर पानी दिए गए आज वहाँ एक सुंदर बगीचा है इसलिए वहाँ सब खेलने जाते हैं,तय किया कि यहाँ बग़ीचा बनाया जाए खाद मंगाकर हर तरह के पौधे लगाये गए सही समय पर पानी दिया गया आज वहाँ एक सुंदर बग़ीचा है इसलिए वहाँ सब खेलने जाते हैं,तय किया कि यहाँ बगीचा बनाएँ पाए खाद मा माकर खाद माँकर हर बनाए इ तरह के पौधे लगाए गए सही समय पर पानी दिए गए आज वहाँ एक सुंदर बगीचा है इसलिए वहाँ सब खेलने जाते हैं
/home/hp/Indain_children_spech/ASER-Dataset/audio_processed/chunks/Hindi UP/2383/HI_S1_P_0_chunk0.wav,Hindi,राधा के पास एक तोता है उसकी चोंच लाल है वह बहुत,राजा के पास एक तोता था उसकी चोंच लाल थी वह बहुत,राधा के पास एक तोता है उसकी चोंच लाल है वह बहुत,राजा के पास एक तोता था उसकी चोंच लाल थी वह बहुत
/home/hp/Indain_children_spech/ASER-Dataset/audio_processed/chunks/Hindi UP/2383/HI_S1_P_0_chunk1.wav,Hindi,बोलता है,बोलता था,बोलता है,बोलता था
/home/hp/Indain_children_spech/ASER-Dataset/audio_processed/chunks/Hindi UP/2383/HI_S1_P_0_chunk2.wav,Hindi,सब को हँसाता है,बहुत हँसता था,सब को हँसाता है,बहुत हँसता था
/home/hp/Indain_children_spech/ASER-Dataset/audio_processed/chunks/Hindi UP/2399/HI_S1_P_0_chunk0.wav,Hindi,राधा के पास एक तोता है उसकी चोंच लाल है वह,ाऊ का पास एक चूता है उसके चूच लाली है वह,राधा के पास एक तोता है उसकी चोंच लाल है वह,ाऊ का पास एक चूता है उसके चूच लाली है वह
/home/hp/Indain_children_spech/ASER-Dataset/audio_processed/chunks/Hindi UP/2399/HI_S1_P_0_chunk1.wav,Hindi,बहुत बोलता है सब को हँसाता है,बहुत बे है सब है,बहुत बोलता है सब को हँसाता है,बहुत बे है सब है
/home/hp/Indain_children_spech/ASER-Dataset/audio_processed/chunks/Hindi UP/2424/HI_S2_ST_0_chunk0.wav,Hindi,सावन का महीना था आसमान में बहुत से काले बादल छाये थे ठंडी ठंडी हवा चल रही थी मैंने सोचा आज झूला झूलते हैं बड़े भैया एक मोटी सी रस्सी लेकर आए हमने उसे पेड़ से लटका कर झूला,सवाल का म महीना था आसमान में बहुत से काले बादल छाए थे ठंडी ठंडी चल रही थी मै मैंने सोचा आज झूला झूमते हैं पहले भाई बहुत होती थी,सावन का महीना था आसमान में बहुत से काले बादल छाये थे ठंडी ठंडी हवा चल रही थी मैंने सोचा आज झूला झूलते हैं बड़े भैया एक मोटी सी रस्सी लेकर आए हमने उसे पेड़ से लटका कर झूला,सवाल का म महीना था आसमान में बहुत से काले बादल छाए थे ठंडी ठंडी चल रही थी मै मैंने सोचा आज झूला झूमते हैं पहले भाई बहुत होती थी
/home/hp/Indain_children_spech/ASER-Dataset/audio_processed/chunks/Hindi UP/2424/HI_S2_ST_0_chunk1.wav,Hindi,बनाया सब ने मिलकर खूब झूला झूला बहुत सारे बच्चे आकर मज़े से खेलने लगे खेलतेखेलते रात हो गई,रस् लेकर आई हमनेसे,बनाया सब ने मिलकर खूब झूला झूला बहुत सारे बच्चे आकर मज़े से खेलने लगे खेलतेखेलते रात हो गई,रस् लेकर आई हमनेसे
/home/hp/Indain_children_spech/ASER-Dataset/audio_processed/chunks/Hindi UP/2428/HI_S4_ST_0_chunk0.wav,Hindi,रामपुर में कुछ ज़मीन ख़ाली थी वहाँ कुछ नहीं उगता था वहाँ कोई खेलने नहीं जाता था एक दिन कुछ लोग आए उन्होंने गाँव,रामपुर में कुछ जमीन खाली थी वह कुछ नहीं उगाता था वह कोई खेलने नहीं जाता था एक दिन कुछ लोग आकर उन्हें गाँव,रामपुर में कुछ ज़मीन ख़ाली थी वहाँ कुछ नहीं उगता था वहाँ कोई खेलने नहीं जाता था एक दिन कुछ लोग आए उन्होंने गाँव,रामपुर में कुछ जमीन खाली थी वह कुछ नहीं उगाता था वह कोई खेलने नहीं जाता था एक दिन कुछ लोग आकर उन्हें गाँव
/home/hp/Indain_children_spech/ASER-Dataset/audio_processed/chunks/Hindi UP/2428/HI_S4_ST_0_chunk1.wav,Hindi,के लोगों को बुलाया सबने मिलकर तय किया कि यहाँ बग़ीचा बनाया जाए खाद,में लोगों को बुलाया सबने मिलकर किया कि वह बगीचा बनाया जाया खाद,के लोगों को बुलाया सबने मिलकर तय किया कि यहाँ बग़ीचा बनाया जाए खाद,में लोगों को बुलाया सबने मिलकर किया कि वह बगीचा बनाया जाया खाद
/home/hp/Indain_children_spech/ASER-Dataset/audio_processed/chunks/Hindi UP/2428/HI_S4_ST_0_chunk2.wav,Hindi,मंगाकर हर तरह के पौधे लगाये गए सही समय पर पानी दिया गया आज वहाँ एक सुंदर बग़ीचा है,मगा कर हरा हर तरह पेड़ हर तरह पेड़ लगाया आकर नहीं समय नहीं समय पर पानी दिया गया आज वह एक सुंदर बगीचा था है,मंगाकर हर तरह के पौधे लगाये गए सही समय पर पानी दिया गया आज वहाँ एक सुंदर बग़ीचा है,मगा कर हरा हर तरह पेड़ हर तरह पेड़ लगाया आकर नहीं समय नहीं समय पर पानी दिया गया आज वह एक सुंदर बगीचा था है
/home/hp/Indain_children_spech/ASER-Dataset/audio_processed/chunks/Hindi UP/2428/HI_S4_ST_0_chunk3.wav,Hindi,इसलिए वहाँ सब खेलने जाते हैं,व सभी लोग लिखने जाते हैं,इसलिए वहाँ सब खेलने जाते हैं,व सभी लोग लिखने जाते हैं
/home/hp/Indain_children_spech/ASER-Dataset/audio_processed/chunks/Hindi UP/2459/HI_S3_ST_0_chunk0.wav,Hindi,विमला और अजय मेला देखने गये उन्हें मेले में तरहतरह की दुकाने दिखीं मेले में बहुत झूले थे वहाँ गरमगरम हलवा और जलेबियाँ भी बिक रहीं थीं जलेबी देखकर दोनों के मुँह में पानी आने लगा उन्हें जलेबी खाने का मन हुआ विमला ने जलेबी खरीदी,बिमला और अजय मेला देखने गए उन्हें मेले में तरह तरह की दुकाने द दिखी मेले में बहुत झूले थे वहाँ गर्म गर्म हलवा और जलेबियाँ भी बिक रही थीं जलेबी जलेबी देखकर दोनों के मुँह में पानी आने लगा उन्हें जलेबी खाने का मन हुआ बिमला ने जलेबी ख़रीदी,विमला और अजय मेला देखने गये उन्हें मेले में तरहतरह की दुकाने दिखीं मेले में बहुत झूले थे वहाँ गरमगरम हलवा और जलेबियाँ भी बिक रहीं थीं जलेबी देखकर दोनों के मुँह में पानी आने लगा उन्हें जलेबी खाने का मन हुआ विमला ने जलेबी खरीदी,बिमला और अजय मेला देखने गए उन्हें मेले में तरह तरह की दुकाने द दिखी मेले में बहुत झूले थे वहाँ गर्म गर्म हलवा और जलेबियाँ भी बिक रही थीं जलेबी जलेबी देखकर दोनों के मुँह में पानी आने लगा उन्हें जलेबी खाने का मन हुआ बिमला ने जलेबी ख़रीदी
/home/hp/Indain_children_spech/ASER-Dataset/audio_processed/chunks/Hindi UP/2459/HI_S3_ST_0_chunk1.wav,Hindi,दोनों दोस्तों ने मिलकर जलेबी खाई शाम को दोनों घर लौट आये,दोनों दोस्तों ने मिलकर जलेबी खाई शाम को दोनों घर लौट आए,दोनों दोस्तों ने मिलकर जलेबी खाई शाम को दोनों घर लौट आये,दोनों दोस्तों ने मिलकर जलेबी खाई शाम को दोनों घर लौट आए
/home/hp/Indain_children_spech/ASER-Dataset/audio_processed/chunks/Hindi UP/2462/HI_S3_ST_0_chunk0.wav,Hindi,विमला और अजय मेला देखने गये उन्हें मेले में तरहतरह की दुकाने दिखीं मेले में बहुत झूले थे वहाँ,विमल और अजय मेला देखने गए उन्हें मले में तरह तरह की दुकानें दखी मेले में बहुत झूले थे वह गर्मी,विमला और अजय मेला देखने गये उन्हें मेले में तरहतरह की दुकाने दिखीं मेले में बहुत झूले थे वहाँ,विमल और अजय मेला देखने गए उन्हें मले में तरह तरह की दुकानें दखी मेले में बहुत झूले थे वह गर्मी
/home/hp/Indain_children_spech/ASER-Dataset/audio_processed/chunks/Hindi UP/2462/HI_S3_ST_0_chunk1.wav,Hindi,गरमगरम हलवा और जलेबियाँ भी बिक रहीं थीं जलेबी देखकर दोनों के मुँह में पानी आने लगा उन्हें जलेबी,म गम हलवा और जलेबी भी बिक रही थी जलेबी देखकर दोनों के मुँह में पानी आने लगा उन्हें जलेबी ख,गरमगरम हलवा और जलेबियाँ भी बिक रहीं थीं जलेबी देखकर दोनों के मुँह में पानी आने लगा उन्हें जलेबी,म गम हलवा और जलेबी भी बिक रही थी जलेबी देखकर दोनों के मुँह में पानी आने लगा उन्हें जलेबी ख
/home/hp/Indain_children_spech/ASER-Dataset/audio_processed/chunks/Hindi UP/2462/HI_S3_ST_0_chunk2.wav,Hindi,खाने का मन हुआ विमला ने जलेबी खरीदी दोनों दोस्तों ने मिलकर जलेबी खाई शाम को,खाने का मन हुआ विमल जलेबी खरीदी दोनों दोस्त ने मिलकर जलेबी खाई श्याम को,खाने का मन हुआ विमला ने जलेबी खरीदी दोनों दोस्तों ने मिलकर जलेबी खाई शाम को,खाने का मन हुआ विमल जलेबी खरीदी दोनों दोस्त ने मिलकर जलेबी खाई श्याम को
/home/hp/Indain_children_spech/ASER-Dataset/audio_processed/chunks/Hindi UP/2462/HI_S3_ST_0_chunk3.wav,Hindi,दोनों घर लौट आये,दोनों घर लौट आए,दोनों घर लौट आये,दोनों घर लौट आए
/home/hp/Indain_children_spech/ASER-Dataset/audio_processed/chunks/Hindi UP/2473/HI_S3_ST_0_chunk0.wav,Hindi,विमला और अजय मेला देखने गये उन्हें मेले में तरहतरह की दुकाने दिखीं मेले में बहुत झूले थे वहाँ गरमगरम हलवा और जलेबियाँ भी बिक रहीं थीं जलेबी देखकर दोनों के मुँह में पानी आने लगा उन्हें,बिमला के अजय मेला देखने गए उन्हें मेले में तरह तरह की दुकाने दिखाई मेले में बहुत झूले थे वहाँ गरम गरम हलवा और जलेबी भी बिक रही थी जलेबी देखकर दोनों के मुँह में पानी आ आने लगा उन्हें,विमला और अजय मेला देखने गये उन्हें मेले में तरहतरह की दुकाने दिखीं मेले में बहुत झूले थे वहाँ गरमगरम हलवा और जलेबियाँ भी बिक रहीं थीं जलेबी देखकर दोनों के मुँह में पानी आने लगा उन्हें,बिमला के अजय मेला देखने गए उन्हें मेले में तरह तरह की दुकाने दिखाई मेले में बहुत झूले थे वहाँ गरम गरम हलवा और जलेबी भी बिक रही थी जलेबी देखकर दोनों के मुँह में पानी आ आने लगा उन्हें
/home/hp/Indain_children_spech/ASER-Dataset/audio_processed/chunks/Hindi UP/2473/HI_S3_ST_0_chunk1.wav,Hindi,जलेबी खाने का मन हुआ विमला ने जलेबी खरीदी दोनों दोस्तों ने मिलकर जलेबी खाई शाम को दोनों घर लौट आये,जलेबी खाने का मन हुआ बमला ने जलेबी खरीदी दोनों दोस्तों ने मिलकर जलेबी खाई शाम को दोनों घर लौटे आए,जलेबी खाने का मन हुआ विमला ने जलेबी खरीदी दोनों दोस्तों ने मिलकर जलेबी खाई शाम को दोनों घर लौट आये,जलेबी खाने का मन हुआ बमला ने जलेबी खरीदी दोनों दोस्तों ने मिलकर जलेबी खाई शाम को दोनों घर लौटे आए
/home/hp/Indain_children_spech/ASER-Dataset/audio_processed/chunks/Hindi UP/2494/HI_S3_ST_0_chunk0.wav,Hindi,विमला और अजय मेला देखने गये उन्हें मेले में तरहतरह की दुकाने दिखीं मेले में बहुत झूले थे वहाँ गरमगरम हलवा और जलेबियाँ भी बिक रहीं थीं जलेबी देखकर दोनों के मुँह में पानी आने लगा उन्हें जलेबी खाने का मन हुआ विमला ने जलेबी खरीदी,विमला और अजय मेला देखने गए उन्हें मेले में तरह तरह की दुकानों दुकानें देखी मेले में बहुत झूले थे वहाँ गर्म गर्म हलवा और जलेबियाँ भी बिक रही थीं जलेबी देख कर दोनों के मुँह में पानी आने लगा उन्हें जलेबी खाने का मन हुआ विमला ने जलेबी खरीदी,विमला और अजय मेला देखने गये उन्हें मेले में तरहतरह की दुकाने दिखीं मेले में बहुत झूले थे वहाँ गरमगरम हलवा और जलेबियाँ भी बिक रहीं थीं जलेबी देखकर दोनों के मुँह में पानी आने लगा उन्हें जलेबी खाने का मन हुआ विमला ने जलेबी खरीदी,विमला और अजय मेला देखने गए उन्हें मेले में तरह तरह की दुकानों दुकानें देखी मेले में बहुत झूले थे वहाँ गर्म गर्म हलवा और जलेबियाँ भी बिक रही थीं जलेबी देख कर दोनों के मुँह में पानी आने लगा उन्हें जलेबी खाने का मन हुआ विमला ने जलेबी खरीदी
/home/hp/Indain_children_spech/ASER-Dataset/audio_processed/chunks/Hindi UP/2494/HI_S3_ST_0_chunk1.wav,Hindi,दोनों दोस्तों ने मिलकर जलेबी खाई शाम को दोनों घर लौट आये,दोनों दोस्तों ने मिलकर जलेबी खाई शाम को दोनों घर लौट आए,दोनों दोस्तों ने मिलकर जलेबी खाई शाम को दोनों घर लौट आये,दोनों दोस्तों ने मिलकर जलेबी खाई शाम को दोनों घर लौट आए
/home/hp/Indain_children_spech/ASER-Dataset/audio_processed/chunks/Hindi UP/2498/HI_S1_P_0_chunk0.wav,Hindi,राधा के पास एक तोता है उसकी चोंच लाल है वह बहुत,राधा के पास एक तोता है उसकी चोंच लाल है वह बहुत,राधा के पास एक तोता है उसकी चोंच लाल है वह बहुत,राधा के पास एक तोता है उसकी चोंच लाल है वह बहुत
/home/hp/Indain_children_spech/ASER-Dataset/audio_processed/chunks/Hindi UP/2498/HI_S1_P_0_chunk1.wav,Hindi,बोलता है सब को हँसाता है,बोलता है सब को हँसाता है,बोलता है सब को हँसाता है,बोलता है सब को हँसाता है
/home/hp/Indain_children_spech/ASER-Dataset/audio_processed/chunks/Hindi UP/2510/HI_S4_ST_0_chunk0.wav,Hindi,रामपुर में कुछ ज़मीन ख़ाली थी वहाँ कुछ नहीं उगता था वहाँ कोई खेलने नहीं जाता था एक दिन कुछ लोग आए उन्होंने गाँव,खाली थी खेलने नहीं जाता था एक दिन कुछ लोग आए उन्होंने गाँव,रामपुर में कुछ ज़मीन ख़ाली थी वहाँ कुछ नहीं उगता था वहाँ कोई खेलने नहीं जाता था एक दिन कुछ लोग आए उन्होंने गाँव,खाली थी खेलने नहीं जाता था एक दिन कुछ लोग आए उन्होंने गाँव
/home/hp/Indain_children_spech/ASER-Dataset/audio_processed/chunks/Hindi UP/2510/HI_S4_ST_0_chunk1.wav,Hindi,के लोगों को बुलाया सबने मिलकर तय किया कि यहाँ बग़ीचा बनाया जाए खाद,के लोगों को बुलाया सबने मिलकर तय किया की यह बगीचे बनाए जाए,के लोगों को बुलाया सबने मिलकर तय किया कि यहाँ बग़ीचा बनाया जाए खाद,के लोगों को बुलाया सबने मिलकर तय किया की यह बगीचे बनाए जाए
/home/hp/Indain_children_spech/ASER-Dataset/audio_processed/chunks/Hindi UP/2510/HI_S4_ST_0_chunk2.wav,Hindi,मंगाकर हर तरह के पौधे लगाये गए सही समय पर पानी दिया गया आज वहाँ एक सुंदर बग़ीचा है इसलिए वहाँ सब खेलने जाते हैं,कर तरह केधगा सही समय आ पानी लेिन एकंदर इसीलिए वह सब खेलने जाते है,मंगाकर हर तरह के पौधे लगाये गए सही समय पर पानी दिया गया आज वहाँ एक सुंदर बग़ीचा है इसलिए वहाँ सब खेलने जाते हैं,कर तरह केधगा सही समय आ पानी लेिन एकंदर इसीलिए वह सब खेलने जाते है
/home/hp/Indain_children_spech/ASER-Dataset/audio_processed/chunks/Hindi UP/2512/HI_S4_ST_0_chunk0.wav,Hindi,रामपुर में कुछ ज़मीन ख़ाली थी वहाँ कुछ नहीं उगता था वहाँ कोई खेलने नहीं जाता था एक दिन कुछ लोग आए उन्होंने गाँव के लोगों को बुलाया,राम में मुझ जमीन खाली थी वह कुछ नहीं उगाता था वह कोई खेलने नहीं जाता था एक दिन कुछ लोग आए उन गाँव के लोग को बुलाया,रामपुर में कुछ ज़मीन ख़ाली थी वहाँ कुछ नहीं उगता था वहाँ कोई खेलने नहीं जाता था एक दिन कुछ लोग आए उन्होंने गाँव के लोगों को बुलाया,राम में मुझ जमीन खाली थी वह कुछ नहीं उगाता था वह कोई खेलने नहीं जाता था एक दिन कुछ लोग आए उन गाँव के लोग को बुलाया
/home/hp/Indain_children_spech/ASER-Dataset/audio_processed/chunks/Hindi UP/2512/HI_S4_ST_0_chunk1.wav,Hindi,सबने मिलकर तय किया कि यहाँ बग़ीचा बनाया जाए खाद मंगाकर हर तरह के पौधे लगाये गए सही समय पर पानी दिया गया आज वहाँ एक सुंदर बग़ीचा,सबने मिलकर दया किया की यह बगीचा ब मंगल कर एक पौधे ल लगाए एक सही समय पर पानी दिया गया आज वह एक सुंदर बगीचे,सबने मिलकर तय किया कि यहाँ बग़ीचा बनाया जाए खाद मंगाकर हर तरह के पौधे लगाये गए सही समय पर पानी दिया गया आज वहाँ एक सुंदर बग़ीचा,सबने मिलकर दया किया की यह बगीचा ब मंगल कर एक पौधे ल लगाए एक सही समय पर पानी दिया गया आज वह एक सुंदर बगीचे
/home/hp/Indain_children_spech/ASER-Dataset/audio_processed/chunks/Hindi UP/2512/HI_S4_ST_0_chunk2.wav,Hindi,है इसलिए वहाँ सब खेलने जाते हैं,हैं साइकिल वह सब खेल खेलने जाते हैं,है इसलिए वहाँ सब खेलने जाते हैं,हैं साइकिल वह सब खेल खेलने जाते हैं
/home/hp/Indain_children_spech/ASER-Dataset/audio_processed/chunks/Hindi UP/2562/HI_S4_ST_0_chunk0.wav,Hindi,रामपुर में कुछ ज़मीन ख़ाली थी वहाँ कुछ नहीं उगता था वहाँ कोई खेलने नहीं जाता था एक दिन कुछ लोग आए उन्होंने गाँव के लोगों को बुलाया सबने मिलकर तय किया कि यहाँ,जगह बै बा नहीं बोल नहीं है बोलना जरूरी बात कर रहे है आपसे आप बोलोगे नहीं चलो पहली बार था इसकीजाह तो,रामपुर में कुछ ज़मीन ख़ाली थी वहाँ कुछ नहीं उगता था वहाँ कोई खेलने नहीं जाता था एक दिन कुछ लोग आए उन्होंने गाँव के लोगों को बुलाया सबने मिलकर तय किया कि यहाँ,जगह बै बा नहीं बोल नहीं है बोलना जरूरी बात कर रहे है आपसे आप बोलोगे नहीं चलो पहली बार था इसकीजाह तो
/home/hp/Indain_children_spech/ASER-Dataset/audio_processed/chunks/Hindi UP/2562/HI_S4_ST_0_chunk1.wav,Hindi,बग़ीचा बनाया जाए खाद मंगाकर हर तरह के पौधे लगाये गए सही समय पर पानी,तुमक बंद कर खे नहीं जाते,बग़ीचा बनाया जाए खाद मंगाकर हर तरह के पौधे लगाये गए सही समय पर पानी,तुमक बंद कर खे नहीं जाते
/home/hp/Indain_children_spech/ASER-Dataset/audio_processed/chunks/Hindi UP/2562/HI_S4_ST_0_chunk2.wav,Hindi,दिया गया आज वहाँ एक सुंदर बग़ीचा है,को स्टोरी द हो उसम कितनी गलती थी नाक,दिया गया आज वहाँ एक सुंदर बग़ीचा है,को स्टोरी द हो उसम कितनी गलती थी नाक
/home/hp/Indain_children_spech/ASER-Dataset/audio_processed/chunks/Hindi UP/2562/HI_S4_ST_0_chunk3.wav,Hindi,इसलिए वहाँ सब खेलने जाते हैं,कहा समय न था,इसलिए वहाँ सब खेलने जाते हैं,कहा समय न था
/home/hp/Indain_children_spech/ASER-Dataset/audio_processed/chunks/Hindi UP/2626/HI_S4_ST_0_chunk0.wav,Hindi,रामपुर में कुछ ज़मीन ख़ाली थी वहाँ कुछ नहीं,रामपुर में कुछ जमीन खाली थी वहां कुछ नहीं,रामपुर में कुछ ज़मीन ख़ाली थी वहाँ कुछ नहीं,रामपुर में कुछ जमीन खाली थी वहां कुछ नहीं
/home/hp/Indain_children_spech/ASER-Dataset/audio_processed/chunks/Hindi UP/2626/HI_S4_ST_0_chunk1.wav,Hindi,उगता था वहाँ कोई खेलने नहीं जाता था एक दिन कुछ लोग आए उन्होंने गाँव के लोगों को,ता वहां कोई खेलने नहीं जाता था एक दिन कुछ लोग आए उन्होंने गांव के लोगों को,उगता था वहाँ कोई खेलने नहीं जाता था एक दिन कुछ लोग आए उन्होंने गाँव के लोगों को,ता वहां कोई खेलने नहीं जाता था एक दिन कुछ लोग आए उन्होंने गांव के लोगों को
/home/hp/Indain_children_spech/ASER-Dataset/audio_processed/chunks/Hindi UP/2626/HI_S4_ST_0_chunk2.wav,Hindi,बुलाया सबने मिलकर तय किया कि यहाँ बग़ीचा बनाया जाए खाद,बुलाया सने मिलकर तय किया कि य बगीचा बनवाया जाए खाद,बुलाया सबने मिलकर तय किया कि यहाँ बग़ीचा बनाया जाए खाद,बुलाया सने मिलकर तय किया कि य बगीचा बनवाया जाए खाद
/home/hp/Indain_children_spech/ASER-Dataset/audio_processed/chunks/Hindi UP/2626/HI_S4_ST_0_chunk3.wav,Hindi,मंगाकर हर तरह के पौधे लगाये गए सही समय पर पानी,मगर हर तरह के फलों पौधे लगाए जाए सही समय पर पानी,मंगाकर हर तरह के पौधे लगाये गए सही समय पर पानी,मगर हर तरह के फलों पौधे लगाए जाए सही समय पर पानी
/home/hp/Indain_children_spech/ASER-Dataset/audio_processed/chunks/Hindi UP/2626/HI_S4_ST_0_chunk4.wav,Hindi,दिया गया आज वहाँ एक सुंदर बग़ीचा है इसलिए वहाँ सब खेलने जाते हैं,दिया गया आज वहां एक सुंदर बगीचा है इसलिए वहाँ सब खेलने जा जाते हैं,दिया गया आज वहाँ एक सुंदर बग़ीचा है इसलिए वहाँ सब खेलने जाते हैं,दिया गया आज वहां एक सुंदर बगीचा है इसलिए वहाँ सब खेलने जा जाते हैं
/home/hp/Indain_children_spech/ASER-Dataset/audio_processed/chunks/Hindi UP/2627/HI_S1_ST_0_chunk0.wav,Hindi,बहुत दिनों से बारिश हो रही थी गाँव में सभी जगह गंदा पानी भर गया था सभी बारिश के रुकने की राह देख रहे थे अचानक एक दिन बारिश रुक गई सूरज निकल आया सब लोग खुश हो गये,बहुत दिनों से बारिश हो रही थी गाव में सभी जगह गंदा पानी भ गया व बारिश के रोकने की राह देख रहे थे अचानक एक दिन बारिश रुक गई सूरज निकल आया सब लोग खुश हो गए,बहुत दिनों से बारिश हो रही थी गाँव में सभी जगह गंदा पानी भर गया था सभी बारिश के रुकने की राह देख रहे थे अचानक एक दिन बारिश रुक गई सूरज निकल आया सब लोग खुश हो गये,बहुत दिनों से बारिश हो रही थी गाव में सभी जगह गंदा पानी भ गया व बारिश के रोकने की राह देख रहे थे अचानक एक दिन बारिश रुक गई सूरज निकल आया सब लोग खुश हो गए
/home/hp/Indain_children_spech/ASER-Dataset/audio_processed/chunks/Hindi UP/2627/HI_S1_ST_0_chunk1.wav,Hindi,आसमान में चिड़ियाँ उड़ने लगीं लोग अपने कपड़े सुखाने लगे बच्चे भी घरों से बाहर निकलकर खेलने लगे,आसमान में चिड़िया उड़ने लगी लोग अपने कपड़े सुखाने लगे बे बच्चे भी घरों से बाहर निकल कर खेलने लगे,आसमान में चिड़ियाँ उड़ने लगीं लोग अपने कपड़े सुखाने लगे बच्चे भी घरों से बाहर निकलकर खेलने लगे,आसमान में चिड़िया उड़ने लगी लोग अपने कपड़े सुखाने लगे बे बच्चे भी घरों से बाहर निकल कर खेलने लगे
/home/hp/Indain_children_spech/ASER-Dataset/audio_processed/chunks/Hindi UP/2682/HI_S4_ST_0_chunk0.wav,Hindi,रामपुर में कुछ ज़मीन ख़ाली थी वहाँ कुछ नहीं उगता था वहाँ कोई खेलने नहीं,रामपुर में कुछ जमीन खाली थी कुछ नहीं उगता था व कोई खेलने नहीं,रामपुर में कुछ ज़मीन ख़ाली थी वहाँ कुछ नहीं उगता था वहाँ कोई खेलने नहीं,रामपुर में कुछ जमीन खाली थी कुछ नहीं उगता था व कोई खेलने नहीं
/home/hp/Indain_children_spech/ASER-Dataset/audio_processed/chunks/Hindi UP/2682/HI_S4_ST_0_chunk1.wav,Hindi,जाता था एक दिन कुछ लोग आए उन्होंने गाँव के लोगों को बुलाया सबने मिलकर तय किया कि यहाँ,जाता थ एक दिन कुछ लोग गए उन्ह गांव के लोग को बुलाया सबने मिलकर तैयार किया यह,जाता था एक दिन कुछ लोग आए उन्होंने गाँव के लोगों को बुलाया सबने मिलकर तय किया कि यहाँ,जाता थ एक दिन कुछ लोग गए उन्ह गांव के लोग को बुलाया सबने मिलकर तैयार किया यह
/home/hp/Indain_children_spech/ASER-Dataset/audio_processed/chunks/Hindi UP/2682/HI_S4_ST_0_chunk2.wav,Hindi,बग़ीचा बनाया जाए खाद मंगाकर हर तरह के पौधे लगाये गए,बगीचा बनाया जाए खाद म हरा तरह पौधे लगाए गए,बग़ीचा बनाया जाए खाद मंगाकर हर तरह के पौधे लगाये गए,बगीचा बनाया जाए खाद म हरा तरह पौधे लगाए गए
/home/hp/Indain_children_spech/ASER-Dataset/audio_processed/chunks/Hindi UP/2682/HI_S4_ST_0_chunk3.wav,Hindi,सही समय पर पानी दिया गया आज वहाँ एक सुंदर बग़ीचा है इसलिए वहाँ सब खेलने जाते हैं,सही समय पर पानी दिया गया आज वहाँ एक दूसरा बगीचा है इसलिए वह सब खेल खेलने जाते हैं,सही समय पर पानी दिया गया आज वहाँ एक सुंदर बग़ीचा है इसलिए वहाँ सब खेलने जाते हैं,सही समय पर पानी दिया गया आज वहाँ एक दूसरा बगीचा है इसलिए वह सब खेल खेलने जाते हैं
/home/hp/Indain_children_spech/ASER-Dataset/audio_processed/chunks/Hindi UP/2702/HI_S4_P_1_chunk0.wav,Hindi,रूपा बाहर खेल रही थी खेलतेखेलते रात हो गई वह अपने घर चली गई,बाहर खेले रही थी खलाते रात हो गई वह अपने घर चली गई रूप,रूपा बाहर खेल रही थी खेलतेखेलते रात हो गई वह अपने घर चली गई,बाहर खेले रही थी खलाते रात हो गई वह अपने घर चली गई रूप
/home/hp/Indain_children_spech/ASER-Dataset/audio_processed/chunks/Hindi UP/2702/HI_S4_P_1_chunk1.wav,Hindi,रूपा खाना खाकर सो गई,रूप खे खान खान खान खाकर से गई,रूपा खाना खाकर सो गई,रूप खे खान खान खान खाकर से गई
/home/hp/Indain_children_spech/ASER-Dataset/audio_processed/chunks/Hindi UP/2719/HI_S4_ST_0_chunk0.wav,Hindi,रामपुर में कुछ ज़मीन ख़ाली थी वहाँ कुछ नहीं उगता था वहाँ कोई खेलने नहीं जाता था एक दिन कुछ लोग आए उन्होंने गाँव के लोगों को बुलाया सबने,रामपुर में कुछ जमीन खाली थी वह कुछ नहीं उगता उगता था वह कोई खेलने नहीं जाता था एक दिन कुछ लोग एक उन्होंने गाँव के लोगों को बुलाया सबने,रामपुर में कुछ ज़मीन ख़ाली थी वहाँ कुछ नहीं उगता था वहाँ कोई खेलने नहीं जाता था एक दिन कुछ लोग आए उन्होंने गाँव के लोगों को बुलाया सबने,रामपुर में कुछ जमीन खाली थी वह कुछ नहीं उगता उगता था वह कोई खेलने नहीं जाता था एक दिन कुछ लोग एक उन्होंने गाँव के लोगों को बुलाया सबने
/home/hp/Indain_children_spech/ASER-Dataset/audio_processed/chunks/Hindi UP/2719/HI_S4_ST_0_chunk1.wav,Hindi,मिलकर तय किया कि यहाँ बग़ीचा बनाया जाए खाद मंगाकर हर तरह के पौधे लगाये गए सही समय पर पानी दिया गया आज वहाँ एक सुंदर बग़ीचा है इसलिए वहाँ सब,मिलकर तय कि यहाँ बगीचे बनाया जाएगा खाद खाद मा मांग कर हर तरह के पौधे लगाए एक सही समय पर पानी दिया गया आज वह एक सुंदर बगीचा है इसलिए वह सब,मिलकर तय किया कि यहाँ बग़ीचा बनाया जाए खाद मंगाकर हर तरह के पौधे लगाये गए सही समय पर पानी दिया गया आज वहाँ एक सुंदर बग़ीचा है इसलिए वहाँ सब,मिलकर तय कि यहाँ बगीचे बनाया जाएगा खाद खाद मा मांग कर हर तरह के पौधे लगाए एक सही समय पर पानी दिया गया आज वह एक सुंदर बगीचा है इसलिए वह सब
/home/hp/Indain_children_spech/ASER-Dataset/audio_processed/chunks/Hindi UP/2719/HI_S4_ST_0_chunk2.wav,Hindi,खेलने जाते हैं,खेलने जाते हैं,खेलने जाते हैं,खेलने जाते हैं
/home/hp/Indain_children_spech/ASER-Dataset/audio_processed/chunks/Hindi UP/2761/HI_S3_ST_0_chunk0.wav,Hindi,विमला और अजय मेला देखने गये उन्हें मेले में तरहतरह की दुकाने दिखीं मेले में बहुत झूले थे वहाँ गरमगरम हलवा और जलेबियाँ भी बिक रहीं थीं जलेबी देखकर दोनों के मुँह में पानी आने लगा उन्हें जलेबी खाने का मन हुआ विमला ने जलेबी,बमला और अजय मेला देखने गए उन्हें मेले में तरह तरह की दुकाने खींचीीी मेले में बहुत झूले थे वहाँ गरम गर्म हलवा और जलेबियाँ भी बिक रही थीं जलेबी देखकर दोनों के मुँह में पानी आने लगा उन्हें जलेबी खाने का मन हुआ बमल ने जलेबी,विमला और अजय मेला देखने गये उन्हें मेले में तरहतरह की दुकाने दिखीं मेले में बहुत झूले थे वहाँ गरमगरम हलवा और जलेबियाँ भी बिक रहीं थीं जलेबी देखकर दोनों के मुँह में पानी आने लगा उन्हें जलेबी खाने का मन हुआ विमला ने जलेबी,बमला और अजय मेला देखने गए उन्हें मेले में तरह तरह की दुकाने खींचीीी मेले में बहुत झूले थे वहाँ गरम गर्म हलवा और जलेबियाँ भी बिक रही थीं जलेबी देखकर दोनों के मुँह में पानी आने लगा उन्हें जलेबी खाने का मन हुआ बमल ने जलेबी
/home/hp/Indain_children_spech/ASER-Dataset/audio_processed/chunks/Hindi UP/2761/HI_S3_ST_0_chunk1.wav,Hindi,खरीदी दोनों दोस्तों ने मिलकर जलेबी खाई शाम को दोनों घर लौट आये,खरीदी दोनों दोनों दोस्तों ने मिलकर जलेबी खाई शाम को दोनों घर लौट आए,खरीदी दोनों दोस्तों ने मिलकर जलेबी खाई शाम को दोनों घर लौट आये,खरीदी दोनों दोनों दोस्तों ने मिलकर जलेबी खाई शाम को दोनों घर लौट आए
/home/hp/Indain_children_spech/ASER-Dataset/audio_processed/chunks/Hindi UP/2771/HI_S2_ST_0_chunk0.wav,Hindi,सावन का महीना था आसमान में बहुत से काले बादल छाये थे ठंडी ठंडी हवा चल रही थी मैंने सोचा आज झूला झूलते हैं बड़े भैया एक मोटी सी रस्सी लेकर आए हमने उसे पेड़ से लटका कर झूला बनाया सब ने मिलकर खूब झूला झूला,सावन का महीना था आसमान में बहुत से काले बादल छाए थे ठंडी ठंडी हवा चल रही थी मैंने सोचा आज झूला झूलते हैं बड़े भैया एक मोटी सी रस्सी लेकर आए उनमें उसे पेड़ से लटका लटका कर झूला बनाया सब ने मिलकर खूब झूला झूला,सावन का महीना था आसमान में बहुत से काले बादल छाये थे ठंडी ठंडी हवा चल रही थी मैंने सोचा आज झूला झूलते हैं बड़े भैया एक मोटी सी रस्सी लेकर आए हमने उसे पेड़ से लटका कर झूला बनाया सब ने मिलकर खूब झूला झूला,सावन का महीना था आसमान में बहुत से काले बादल छाए थे ठंडी ठंडी हवा चल रही थी मैंने सोचा आज झूला झूलते हैं बड़े भैया एक मोटी सी रस्सी लेकर आए उनमें उसे पेड़ से लटका लटका कर झूला बनाया सब ने मिलकर खूब झूला झूला
/home/hp/Indain_children_spech/ASER-Dataset/audio_processed/chunks/Hindi UP/2771/HI_S2_ST_0_chunk1.wav,Hindi,बहुत सारे बच्चे आकर मज़े से खेलने लगे खेलतेखेलते रात हो गई,बहुत सारे बच्चे आकर मज़े से खेलने लगे खेलते खेलते रात हो गई,बहुत सारे बच्चे आकर मज़े से खेलने लगे खेलतेखेलते रात हो गई,बहुत सारे बच्चे आकर मज़े से खेलने लगे खेलते खेलते रात हो गई
/home/hp/Indain_children_spech/ASER-Dataset/audio_processed/chunks/Hindi UP/2793/HI_S3_ST_0_chunk0.wav,Hindi,विमला और अजय मेला देखने गये उन्हें मेले में तरहतरह की दुकाने दिखीं मेले में बहुत झूले थे वहाँ गरमगरम हलवा और जलेबियाँ भी बिक रहीं थीं जलेबी देखकर दोनों के मुँह में पानी आने लगा उन्हें जलेबी खाने का मन हुआ विमला ने जलेबी खरीदी दोनों,ग गम हलवा और जलेबी भी बिक रही थी जलेबी देखकर दोनों के मुंह में पानी आने लगा उन्हें जलेबी खाने का मन हुआ विमला ने जलेबी खरीदी दोनों,विमला और अजय मेला देखने गये उन्हें मेले में तरहतरह की दुकाने दिखीं मेले में बहुत झूले थे वहाँ गरमगरम हलवा और जलेबियाँ भी बिक रहीं थीं जलेबी देखकर दोनों के मुँह में पानी आने लगा उन्हें जलेबी खाने का मन हुआ विमला ने जलेबी खरीदी दोनों,ग गम हलवा और जलेबी भी बिक रही थी जलेबी देखकर दोनों के मुंह में पानी आने लगा उन्हें जलेबी खाने का मन हुआ विमला ने जलेबी खरीदी दोनों
/home/hp/Indain_children_spech/ASER-Dataset/audio_processed/chunks/Hindi UP/2793/HI_S3_ST_0_chunk1.wav,Hindi,दोस्तों ने मिलकर जलेबी खाई शाम को दोनों घर लौट आये,दोस्तों ने मिलकर जलेबी खाई शाम को दोनों घर लौट आए,दोस्तों ने मिलकर जलेबी खाई शाम को दोनों घर लौट आये,दोस्तों ने मिलकर जलेबी खाई शाम को दोनों घर लौट आए
/home/hp/Indain_children_spech/ASER-Dataset/audio_processed/chunks/Hindi UP/2806/HI_S2_ST_0_chunk0.wav,Hindi,सावन का महीना था आसमान में बहुत से काले बादल छाये थे ठंडी ठंडी हवा चल रही थी मैंने सोचा आज झूला झूलते हैं बड़े भैया एक मोटी सी रस्सी लेकर आए हमने उसे पेड़ से लटका कर झूला बनाया सब ने मिलकर खूब,हवन का महीना था आसमान में बहुत से काले बादल छाएे थे ठंडी ठंडी हवा चल रही थी मैंने सोचा आज झूला झूलने झूलते हैं बड़े भैया एक मोटी सी रस्सी लेकर आए हमने उसे पेड़ से लटका कर झूला बनाया सबने मिलकर खूब,सावन का महीना था आसमान में बहुत से काले बादल छाये थे ठंडी ठंडी हवा चल रही थी मैंने सोचा आज झूला झूलते हैं बड़े भैया एक मोटी सी रस्सी लेकर आए हमने उसे पेड़ से लटका कर झूला बनाया सब ने मिलकर खूब,हवन का महीना था आसमान में बहुत से काले बादल छाएे थे ठंडी ठंडी हवा चल रही थी मैंने सोचा आज झूला झूलने झूलते हैं बड़े भैया एक मोटी सी रस्सी लेकर आए हमने उसे पेड़ से लटका कर झूला बनाया सबने मिलकर खूब
/home/hp/Indain_children_spech/ASER-Dataset/audio_processed/chunks/Hindi UP/2806/HI_S2_ST_0_chunk1.wav,Hindi,झूला झूला बहुत सारे बच्चे आकर मज़े से खेलने लगे खेलतेखेलते रात हो गई,झूला झूला बहुत सारे बच्चे आकर मजे से खेलने लगे खेलते खेलते रात हो गई,झूला झूला बहुत सारे बच्चे आकर मज़े से खेलने लगे खेलतेखेलते रात हो गई,झूला झूला बहुत सारे बच्चे आकर मजे से खेलने लगे खेलते खेलते रात हो गई
/home/hp/Indain_children_spech/ASER-Dataset/audio_processed/chunks/Hindi UP/2811/HI_S1_ST_0_chunk0.wav,Hindi,बहुत दिनों से बारिश हो रही थी गाँव में सभी,बहुत दिनों से बारिश हो रही है थी गाँव में सभी,बहुत दिनों से बारिश हो रही थी गाँव में सभी,बहुत दिनों से बारिश हो रही है थी गाँव में सभी
/home/hp/Indain_children_spech/ASER-Dataset/audio_processed/chunks/Hindi UP/2811/HI_S1_ST_0_chunk1.wav,Hindi,जगह गंदा पानी भर गया था सभी बारिश के रुकने की राह देख रहे थे,जंगल गंदा पानी भर गया था सभी बारिश के रुकने की रहे देखें रहे थे,जगह गंदा पानी भर गया था सभी बारिश के रुकने की राह देख रहे थे,जंगल गंदा पानी भर गया था सभी बारिश के रुकने की रहे देखें रहे थे
/home/hp/Indain_children_spech/ASER-Dataset/audio_processed/chunks/Hindi UP/2811/HI_S1_ST_0_chunk2.wav,Hindi,अचानक एक दिन बारिश रुक गई सूरज निकल आया सब लोग खुश हो गये आसमान में चिड़ियाँ उड़ने लगीं लोग अपने कपड़े,अचानक एक दिन बारिश रुक गई सूरज निकल आया सब लगे खुश हो गए आसमान में चिड़िया उड़ने लगी लोग अपने कपड़े,अचानक एक दिन बारिश रुक गई सूरज निकल आया सब लोग खुश हो गये आसमान में चिड़ियाँ उड़ने लगीं लोग अपने कपड़े,अचानक एक दिन बारिश रुक गई सूरज निकल आया सब लगे खुश हो गए आसमान में चिड़िया उड़ने लगी लोग अपने कपड़े
/home/hp/Indain_children_spech/ASER-Dataset/audio_processed/chunks/Hindi UP/2811/HI_S1_ST_0_chunk3.wav,Hindi,सुखाने लगे बच्चे भी घरों से बाहर निकलकर खेलने लगे,सुखाने लगे बच्चों भी घर से बाहर निकल खेलने गए,सुखाने लगे बच्चे भी घरों से बाहर निकलकर खेलने लगे,सुखाने लगे बच्चों भी घर से बाहर निकल खेलने गए
/home/hp/Indain_children_spech/ASER-Dataset/audio_processed/chunks/Hindi UP/2842/HI_S2_ST_0_chunk0.wav,Hindi,सावन का महीना था आसमान में बहुत से काले बादल छाये थे ठंडी ठंडी हवा चल रही थी मैंने सोचा आज झूला झूलते हैं बड़े भैया एक मोटी सी रस्सी लेकर आए हमने उसे पेड़ से,सावन का महीना था आसमान में बहुत से काले बादल छाे थे ठंडी ठंडी हवा चल रही थी मैंने सोचा आज झूला झूलते हैं बड़े भैया एक मोटी सी रस्सी लेकर आए हमने उसे पेड़ से,सावन का महीना था आसमान में बहुत से काले बादल छाये थे ठंडी ठंडी हवा चल रही थी मैंने सोचा आज झूला झूलते हैं बड़े भैया एक मोटी सी रस्सी लेकर आए हमने उसे पेड़ से,सावन का महीना था आसमान में बहुत से काले बादल छाे थे ठंडी ठंडी हवा चल रही थी मैंने सोचा आज झूला झूलते हैं बड़े भैया एक मोटी सी रस्सी लेकर आए हमने उसे पेड़ से
/home/hp/Indain_children_spech/ASER-Dataset/audio_processed/chunks/Hindi UP/2842/HI_S2_ST_0_chunk1.wav,Hindi,लटका कर झूला बनाया सब ने मिलकर खूब झूला झूला बहुत सारे बच्चे आकर मज़े से खेलने लगे खेलतेखेलते रात हो गई,लटका कर झूला बनाया सब ने मिलकर खूब झूला झूला बहुत सारे बच्चे आकर मजे से खेलने लगे खेलते खेलते रात हो गई,लटका कर झूला बनाया सब ने मिलकर खूब झूला झूला बहुत सारे बच्चे आकर मज़े से खेलने लगे खेलतेखेलते रात हो गई,लटका कर झूला बनाया सब ने मिलकर खूब झूला झूला बहुत सारे बच्चे आकर मजे से खेलने लगे खेलते खेलते रात हो गई
/home/hp/Indain_children_spech/ASER-Dataset/audio_processed/chunks/Hindi UP/2912/HI_S2_ST_0_chunk0.wav,Hindi,सावन का महीना था आसमान में बहुत से काले बादल छाये थे ठंडी ठंडी हवा चल रही थी मैंने सोचा आज झूला झूलते हैं बड़े भैया एक मोटी सी रस्सी लेकर आए हमने उसे पेड़ से लटका कर,सावन का महीना था आसमान में बहु से काले बादल छ थे ठंडी ठंडी हवा रही थी आज झूला झूलते है बड़े भ भैया एक मोटी सी रस्सी लेकर आया हमने हमने उसे पेड़ से लटका कर,सावन का महीना था आसमान में बहुत से काले बादल छाये थे ठंडी ठंडी हवा चल रही थी मैंने सोचा आज झूला झूलते हैं बड़े भैया एक मोटी सी रस्सी लेकर आए हमने उसे पेड़ से लटका कर,सावन का महीना था आसमान में बहु से काले बादल छ थे ठंडी ठंडी हवा रही थी आज झूला झूलते है बड़े भ भैया एक मोटी सी रस्सी लेकर आया हमने हमने उसे पेड़ से लटका कर
/home/hp/Indain_children_spech/ASER-Dataset/audio_processed/chunks/Hindi UP/2912/HI_S2_ST_0_chunk1.wav,Hindi,झूला बनाया सब ने मिलकर खूब झूला झूला बहुत सारे बच्चे आकर मज़े से खेलने लगे खेलतेखेलते रात हो गई,झूला बनाया सब सब ने मिलकर झू खूब झूला झूला बहुत सारे बच्चे आकर मजे से खेलने लगे खेलते खेलते रात हो गई,झूला बनाया सब ने मिलकर खूब झूला झूला बहुत सारे बच्चे आकर मज़े से खेलने लगे खेलतेखेलते रात हो गई,झूला बनाया सब सब ने मिलकर झू खूब झूला झूला बहुत सारे बच्चे आकर मजे से खेलने लगे खेलते खेलते रात हो गई
/home/hp/Indain_children_spech/ASER-Dataset/audio_processed/chunks/Hindi UP/2920/HI_S2_ST_0_chunk0.wav,Hindi,सावन का महीना था आसमान में बहुत से,सवाल का महीना था सावन का महीना था आसमान में बहुत से,सावन का महीना था आसमान में बहुत से,सवाल का महीना था सावन का महीना था आसमान में बहुत से
/home/hp/Indain_children_spech/ASER-Dataset/audio_processed/chunks/Hindi UP/2920/HI_S2_ST_0_chunk1.wav,Hindi,काले बादल छाये थे ठंडी ठंडी हवा चल रही थी मैंने सोचा आज,काला बादल छाया था बड़ी बड़ी ठंडी ठंडी हवाएं च चल रही थी मैंने सोचा आज,काले बादल छाये थे ठंडी ठंडी हवा चल रही थी मैंने सोचा आज,काला बादल छाया था बड़ी बड़ी ठंडी ठंडी हवाएं च चल रही थी मैंने सोचा आज
/home/hp/Indain_children_spech/ASER-Dataset/audio_processed/chunks/Hindi UP/2920/HI_S2_ST_0_chunk2.wav,Hindi,झूला झूलते हैं बड़े भैया एक मोटी सी,झूला झूलते हैं बड़े भाई एक तु पढ़ती रहो नहीं पढ़ना उसे छोड़ दो,झूला झूलते हैं बड़े भैया एक मोटी सी,झूला झूलते हैं बड़े भाई एक तु पढ़ती रहो नहीं पढ़ना उसे छोड़ दो
/home/hp/Indain_children_spech/ASER-Dataset/audio_processed/chunks/Hindi UP/2920/HI_S2_ST_0_chunk3.wav,Hindi,रस्सी लेकर आए हमने उसे पेड़ से लटका कर झूला बनाया सब ने,जो नहीं आ उ आ हमने उस पेड़ से लटक रहा झूला बनाया सब ने,रस्सी लेकर आए हमने उसे पेड़ से लटका कर झूला बनाया सब ने,जो नहीं आ उ आ हमने उस पेड़ से लटक रहा झूला बनाया सब ने
/home/hp/Indain_children_spech/ASER-Dataset/audio_processed/chunks/Hindi UP/2920/HI_S2_ST_0_chunk4.wav,Hindi,मिलकर खूब झूला झूला बहुत सारे बच्चे आकर मज़े से खेलने लगे खेलतेखेलते रात हो गई,मिलकर खूब झूला झूल झूला झूला बहुत सारे बच् सारे बच्चे आकर मज़ा मज़े से खेलने लगे खेलते खेलते रात हो गई,मिलकर खूब झूला झूला बहुत सारे बच्चे आकर मज़े से खेलने लगे खेलतेखेलते रात हो गई,मिलकर खूब झूला झूल झूला झूला बहुत सारे बच् सारे बच्चे आकर मज़ा मज़े से खेलने लगे खेलते खेलते रात हो गई
/home/hp/Indain_children_spech/ASER-Dataset/audio_processed/chunks/Hindi UP/2966/HI_S1_ST_0_chunk0.wav,Hindi,बहुत दिनों से बारिश हो रही थी गाँव में सभी जगह गंदा पानी भर गया था सभी बारिश के रुकने की राह देख रहे थे अचानक एक दिन बारिश रुक गई सूरज निकल आया सब लोग,बहुत दिनों से बारिश हो रही थी गाँव में भी गंदा पानी भर गया था सभी बारिश की राह देख रहे थे अचानक एक दिन बारिश रुक गई सूरज निकल आए सब दिनों सब लोग,बहुत दिनों से बारिश हो रही थी गाँव में सभी जगह गंदा पानी भर गया था सभी बारिश के रुकने की राह देख रहे थे अचानक एक दिन बारिश रुक गई सूरज निकल आया सब लोग,बहुत दिनों से बारिश हो रही थी गाँव में भी गंदा पानी भर गया था सभी बारिश की राह देख रहे थे अचानक एक दिन बारिश रुक गई सूरज निकल आए सब दिनों सब लोग
/home/hp/Indain_children_spech/ASER-Dataset/audio_processed/chunks/Hindi UP/2966/HI_S1_ST_0_chunk1.wav,Hindi,खुश हो गये आसमान में चिड़ियाँ उड़ने लगीं लोग अपने कपड़े सुखाने लगे बच्चे भी घरों से बाहर निकलकर खेलने लगे,ख़ुशी हो गए अपने आसमान में चिड़िया उड़ उड़ने लगी लोग ने अपने कपड़े सुखाने लगे बच्चे भी घर घर से से बाहर निकल कर खेलने लगे,खुश हो गये आसमान में चिड़ियाँ उड़ने लगीं लोग अपने कपड़े सुखाने लगे बच्चे भी घरों से बाहर निकलकर खेलने लगे,ख़ुशी हो गए अपने आसमान में चिड़िया उड़ उड़ने लगी लोग ने अपने कपड़े सुखाने लगे बच्चे भी घर घर से से बाहर निकल कर खेलने लगे
/home/hp/Indain_children_spech/ASER-Dataset/audio_processed/chunks/Hindi UP/2979/HI_S2_ST_0_chunk0.wav,Hindi,सावन का महीना था आसमान में बहुत से काले बादल छाये थे ठंडी ठंडी हवा चल रही थी मैंने सोचा आज झूला झूलते हैं बड़े भैया एक मोटी,सावन का महीना था आसमान में बहुत से काले बादल छाए थे उठी उठी हवा चल रही थी मैंने सोचा आज झूला झूलते हैं बड़े भाई एक मोटी,सावन का महीना था आसमान में बहुत से काले बादल छाये थे ठंडी ठंडी हवा चल रही थी मैंने सोचा आज झूला झूलते हैं बड़े भैया एक मोटी,सावन का महीना था आसमान में बहुत से काले बादल छाए थे उठी उठी हवा चल रही थी मैंने सोचा आज झूला झूलते हैं बड़े भाई एक मोटी
/home/hp/Indain_children_spech/ASER-Dataset/audio_processed/chunks/Hindi UP/2979/HI_S2_ST_0_chunk1.wav,Hindi,सी रस्सी लेकर आए हमने उसे पेड़ से लटका कर झूला बनाया सब ने मिलकर खूब झूला झूला बहुत सारे बच्चे आकर मज़े से,स रसी लेकरए हमने उसे पेड़ से लटका कर झूला बनाया सब ने मिलकर खूब झला झलाझ,सी रस्सी लेकर आए हमने उसे पेड़ से लटका कर झूला बनाया सब ने मिलकर खूब झूला झूला बहुत सारे बच्चे आकर मज़े से,स रसी लेकरए हमने उसे पेड़ से लटका कर झूला बनाया सब ने मिलकर खूब झला झलाझ
/home/hp/Indain_children_spech/ASER-Dataset/audio_processed/chunks/Hindi UP/2979/HI_S2_ST_0_chunk2.wav,Hindi,खेलने लगे खेलतेखेलते रात हो गई,खेलते खेलते रात हो गई,खेलने लगे खेलतेखेलते रात हो गई,खेलते खेलते रात हो गई
/home/hp/Indain_children_spech/ASER-Dataset/audio_processed/chunks/Hindi UP/2993/HI_S2_ST_0_chunk0.wav,Hindi,सावन का महीना था आसमान में बहुत से काले बादल छाये थे ठंडी ठंडी हवा चल रही थी मैंने सोचा आज झूला झूलते हैं बड़े भैया एक मोटी सी रस्सी लेकर आए हमने उसे पेड़ से लटका कर झूला बनाया सब ने मिलकर खूब झूला झूला बहुत सारे बच्चे आकर,सावन का महीना था आसमान में बहुत से काले बादल छाए थे ठंडी ठंडी हवा चल रही थी मैंने सोचा आज झूला झूलते हैं बड़े भैया एक मोती सी रस्सी लेकर आए हमने उस पेड़ में लटका कर झूला बनाया सबने मिलकर खूब झूला झूला बहुत सारे बच्चे आकर,सावन का महीना था आसमान में बहुत से काले बादल छाये थे ठंडी ठंडी हवा चल रही थी मैंने सोचा आज झूला झूलते हैं बड़े भैया एक मोटी सी रस्सी लेकर आए हमने उसे पेड़ से लटका कर झूला बनाया सब ने मिलकर खूब झूला झूला बहुत सारे बच्चे आकर,सावन का महीना था आसमान में बहुत से काले बादल छाए थे ठंडी ठंडी हवा चल रही थी मैंने सोचा आज झूला झूलते हैं बड़े भैया एक मोती सी रस्सी लेकर आए हमने उस पेड़ में लटका कर झूला बनाया सबने मिलकर खूब झूला झूला बहुत सारे बच्चे आकर
/home/hp/Indain_children_spech/ASER-Dataset/audio_processed/chunks/Hindi UP/2993/HI_S2_ST_0_chunk1.wav,Hindi,मज़े से खेलने लगे खेलतेखेलते रात हो गई,मज़े सेेल खेलने लगे खेलते खेलते रात हो गई,मज़े से खेलने लगे खेलतेखेलते रात हो गई,मज़े सेेल खेलने लगे खेलते खेलते रात हो गई
/home/hp/Indain_children_spech/ASER-Dataset/audio_processed/chunks/Hindi UP/2999/HI_S3_ST_0_chunk0.wav,Hindi,विमला और अजय मेला देखने गये उन्हें मेले में तरहतरह की दुकाने दिखीं मेले में बहुत,बिमला और अजय मेला देखने गए उन्हें मेले में तरह तरह की दुकानें दिखीं मेले में बहुत,विमला और अजय मेला देखने गये उन्हें मेले में तरहतरह की दुकाने दिखीं मेले में बहुत,बिमला और अजय मेला देखने गए उन्हें मेले में तरह तरह की दुकानें दिखीं मेले में बहुत
/home/hp/Indain_children_spech/ASER-Dataset/audio_processed/chunks/Hindi UP/2999/HI_S3_ST_0_chunk1.wav,Hindi,झूले थे वहाँ गरमगरम हलवा और,थेले झूले थे वह गर्म गर्म हवा और,झूले थे वहाँ गरमगरम हलवा और,थेले झूले थे वह गर्म गर्म हवा और
/home/hp/Indain_children_spech/ASER-Dataset/audio_processed/chunks/Hindi UP/2999/HI_S3_ST_0_chunk2.wav,Hindi,जलेबियाँ,जलेबी थी स,जलेबियाँ,जलेबी थी स
/home/hp/Indain_children_spech/ASER-Dataset/audio_processed/chunks/Hindi UP/2999/HI_S3_ST_0_chunk3.wav,Hindi,भी बिक रहीं थीं जलेबी देखकर दोनों के मुँह में पानी आने लगा उन्हें जलेबी खाने का मन हुआ विमला ने जलेबी खरीदी दोनों दोस्तों ने मिलकर जलेबी खाई,भी बम बिक बिक रही थी जलेबी देख कर दोनों के मुँह में पानी आने लगा उन्हें जलेबी खाने का मन हुआ बिमला ने मे जलेबी खरीदी दोनों स दोस्त ने मिलकर खा जलेबी खाई,भी बिक रहीं थीं जलेबी देखकर दोनों के मुँह में पानी आने लगा उन्हें जलेबी खाने का मन हुआ विमला ने जलेबी खरीदी दोनों दोस्तों ने मिलकर जलेबी खाई,भी बम बिक बिक रही थी जलेबी देख कर दोनों के मुँह में पानी आने लगा उन्हें जलेबी खाने का मन हुआ बिमला ने मे जलेबी खरीदी दोनों स दोस्त ने मिलकर खा जलेबी खाई
/home/hp/Indain_children_spech/ASER-Dataset/audio_processed/chunks/Hindi UP/2999/HI_S3_ST_0_chunk4.wav,Hindi,शाम को दोनों घर लौट आये,शाम को दोनों घर लौट गए,शाम को दोनों घर लौट आये,शाम को दोनों घर लौट गए
/home/hp/Indain_children_spech/ASER-Dataset/audio_processed/chunks/Hindi UP/3000/HI_S1_P_0_chunk0.wav,Hindi,राधा के पास एक तोता है उसकी चोंच लाल है वह बहुत बोलता है सब को,च है व,राधा के पास एक तोता है उसकी चोंच लाल है वह बहुत बोलता है सब को,च है व
/home/hp/Indain_children_spech/ASER-Dataset/audio_processed/chunks/Hindi UP/3000/HI_S1_P_0_chunk1.wav,Hindi,हँसाता है,ह से से हसते,हँसाता है,ह से से हसते
/home/hp/Indain_children_spech/ASER-Dataset/audio_processed/chunks/Hindi UP/3014/HI_S1_ST_0_chunk0.wav,Hindi,बहुत दिनों से बारिश हो रही थी गाँव में सभी जगह गंदा पानी भर गया था सभी बारिश के रुकने की राह देख रहे थे अचानक एक दिन बारिश रुक गई सूरज निकल आया सब लोग खुश हो गये आसमान में,बहुत दिन से बारिश हो रही थी गाँव में सभी ग जगह गंदा पानी भर गया था सभी बारिश के रुकने की तरह देख रहे थे अचानक एक दिन बारिश रुक गई सूरज निकल आया सब लोग खुश हो गए आसमान में,बहुत दिनों से बारिश हो रही थी गाँव में सभी जगह गंदा पानी भर गया था सभी बारिश के रुकने की राह देख रहे थे अचानक एक दिन बारिश रुक गई सूरज निकल आया सब लोग खुश हो गये आसमान में,बहुत दिन से बारिश हो रही थी गाँव में सभी ग जगह गंदा पानी भर गया था सभी बारिश के रुकने की तरह देख रहे थे अचानक एक दिन बारिश रुक गई सूरज निकल आया सब लोग खुश हो गए आसमान में
/home/hp/Indain_children_spech/ASER-Dataset/audio_processed/chunks/Hindi UP/3014/HI_S1_ST_0_chunk1.wav,Hindi,चिड़ियाँ उड़ने लगीं लोग अपने कपड़े सुखाने लगे बच्चे भी घरों से बाहर निकलकर खेलने लगे,चिड़िया उड़ने लगी लोग अपने कपड़े सुखाने लगे बच्चे भी घरों से बाहर निकल कर खेलने लगे,चिड़ियाँ उड़ने लगीं लोग अपने कपड़े सुखाने लगे बच्चे भी घरों से बाहर निकलकर खेलने लगे,चिड़िया उड़ने लगी लोग अपने कपड़े सुखाने लगे बच्चे भी घरों से बाहर निकल कर खेलने लगे
/home/hp/Indain_children_spech/ASER-Dataset/audio_processed/chunks/Hindi UP/3035/HI_S1_ST_0_chunk0.wav,Hindi,बहुत दिनों से बारिश हो रही थी गाँव में सभी जगह गंदा पानी भर गया था सभी बारिश के रुकने की राह देख रहे थे अचानक एक दिन बारिश रुक गई सूरज निकल आया,बहुत दिनों से बारिश हो रही थी गाँव में सभी जगह गंदा पानी भरा भर गया था सभी बारिश के रुकने की राह देख रहे थे अचानक अचानक एक दिन बारिश रुक गई सूरज निकल आया,बहुत दिनों से बारिश हो रही थी गाँव में सभी जगह गंदा पानी भर गया था सभी बारिश के रुकने की राह देख रहे थे अचानक एक दिन बारिश रुक गई सूरज निकल आया,बहुत दिनों से बारिश हो रही थी गाँव में सभी जगह गंदा पानी भरा भर गया था सभी बारिश के रुकने की राह देख रहे थे अचानक अचानक एक दिन बारिश रुक गई सूरज निकल आया
/home/hp/Indain_children_spech/ASER-Dataset/audio_processed/chunks/Hindi UP/3035/HI_S1_ST_0_chunk1.wav,Hindi,सब लोग खुश हो गये आसमान में चिड़ियाँ उड़ने लगीं लोग अपने कपड़े सुखाने लगे बच्चे भी घरों से बाहर निकलकर खेलने लगे,सब लोग खुश हो गए आसमान में चिड़ियाँ उड़ने लगीं लोग अपने कपड़े सुखाने लगे बच्चे भी घर घरों से बाहर निकलने निकल कर खेलने लगे,सब लोग खुश हो गये आसमान में चिड़ियाँ उड़ने लगीं लोग अपने कपड़े सुखाने लगे बच्चे भी घरों से बाहर निकलकर खेलने लगे,सब लोग खुश हो गए आसमान में चिड़ियाँ उड़ने लगीं लोग अपने कपड़े सुखाने लगे बच्चे भी घर घरों से बाहर निकलने निकल कर खेलने लगे
/home/hp/Indain_children_spech/ASER-Dataset/audio_processed/chunks/Hindi UP/3039/HI_S1_ST_0_chunk0.wav,Hindi,बहुत दिनों से बारिश हो रही थी गाँव में सभी जगह गंदा पानी भर गया था सभी बारिश के रुकने की राह देख रहे थे अचानक एक दिन बारिश रुक गई सूरज निकल आया सब लोग खुश,बहुत दिनों से बारिश हो रही थी गाँव में सभी जगह पानी गंदा पानी भर गया था सभी ब बारिश के रुकने की राह देख रहे थे अचानक एक दिन बारिश रुक गई सूरन निकला आया सब लोग खुश,बहुत दिनों से बारिश हो रही थी गाँव में सभी जगह गंदा पानी भर गया था सभी बारिश के रुकने की राह देख रहे थे अचानक एक दिन बारिश रुक गई सूरज निकल आया सब लोग खुश,बहुत दिनों से बारिश हो रही थी गाँव में सभी जगह पानी गंदा पानी भर गया था सभी ब बारिश के रुकने की राह देख रहे थे अचानक एक दिन बारिश रुक गई सूरन निकला आया सब लोग खुश
/home/hp/Indain_children_spech/ASER-Dataset/audio_processed/chunks/Hindi UP/3039/HI_S1_ST_0_chunk1.wav,Hindi,हो गये आसमान में चिड़ियाँ उड़ने लगीं लोग अपने कपड़े सुखाने लगे बच्चे भी घरों से बाहर निकलकर खेलने लगे,हो गए आसमान में चिड़िया उड़ने लगी लोग अपने कपड़े सुखाने लगे बच्चे भी घरों से बाहर निकल कर खेलने लगे,हो गये आसमान में चिड़ियाँ उड़ने लगीं लोग अपने कपड़े सुखाने लगे बच्चे भी घरों से बाहर निकलकर खेलने लगे,हो गए आसमान में चिड़िया उड़ने लगी लोग अपने कपड़े सुखाने लगे बच्चे भी घरों से बाहर निकल कर खेलने लगे
/home/hp/Indain_children_spech/ASER-Dataset/audio_processed/chunks/Hindi UP/3041/HI_S1_ST_0_chunk0.wav,Hindi,बहुत दिनों से बारिश हो रही थी गाँव में सभी जगह गंदा पानी भर गया था सभी बारिश के रुकने की राह देख रहे थे अचानक एक दिन बारिश रुक गई सूरज निकल आया सब लोग खुश हो गये,बहुत दिनों से बारिश हो रही थी गाँव में सभी जगह गंदा पानी भर गया था सभी बारिश के रुकने की राह बारिश देख रहे थे अचानक एक दिन बारिश रुक गई सूरज निकल आया सब लोग खुश हो गए,बहुत दिनों से बारिश हो रही थी गाँव में सभी जगह गंदा पानी भर गया था सभी बारिश के रुकने की राह देख रहे थे अचानक एक दिन बारिश रुक गई सूरज निकल आया सब लोग खुश हो गये,बहुत दिनों से बारिश हो रही थी गाँव में सभी जगह गंदा पानी भर गया था सभी बारिश के रुकने की राह बारिश देख रहे थे अचानक एक दिन बारिश रुक गई सूरज निकल आया सब लोग खुश हो गए
/home/hp/Indain_children_spech/ASER-Dataset/audio_processed/chunks/Hindi UP/3041/HI_S1_ST_0_chunk1.wav,Hindi,आसमान में चिड़ियाँ उड़ने लगीं लोग अपने कपड़े सुखाने लगे बच्चे भी घरों से बाहर निकलकर खेलने लगे,आसमान में चिड़िया उड़ने लगी लोग अपने कपड़े सुखाने लगे बच्चे भी घरों से बाहर निकल कर खेलने लगे,आसमान में चिड़ियाँ उड़ने लगीं लोग अपने कपड़े सुखाने लगे बच्चे भी घरों से बाहर निकलकर खेलने लगे,आसमान में चिड़िया उड़ने लगी लोग अपने कपड़े सुखाने लगे बच्चे भी घरों से बाहर निकल कर खेलने लगे
/home/hp/Indain_children_spech/ASER-Dataset/audio_processed/chunks/Hindi UP/3075/HI_S1_ST_0_chunk0.wav,Hindi,बहुत दिनों से बारिश हो रही थी गाँव में सभी जगह गंदा पानी भर गया था सभी बारिश के रुकने की राह देख रहे थे,बहुत दिनों से बारिश हो रही थी थी गाँव में भी दिन पानी भर गया था जभी बारिश के रुकने की देख रहे थे,बहुत दिनों से बारिश हो रही थी गाँव में सभी जगह गंदा पानी भर गया था सभी बारिश के रुकने की राह देख रहे थे,बहुत दिनों से बारिश हो रही थी थी गाँव में भी दिन पानी भर गया था जभी बारिश के रुकने की देख रहे थे
/home/hp/Indain_children_spech/ASER-Dataset/audio_processed/chunks/Hindi UP/3075/HI_S1_ST_0_chunk1.wav,Hindi,अचानक एक दिन बारिश रुक गई सूरज निकल आया सब लोग खुश हो गये आसमान में चिड़ियाँ उड़ने लगीं,अचानक एक दिन बारिश रुक गई सूरज निकल आया सबको लगा खूब हो गए आसमान में चिड़िया उगती लगी लगी,अचानक एक दिन बारिश रुक गई सूरज निकल आया सब लोग खुश हो गये आसमान में चिड़ियाँ उड़ने लगीं,अचानक एक दिन बारिश रुक गई सूरज निकल आया सबको लगा खूब हो गए आसमान में चिड़िया उगती लगी लगी
/home/hp/Indain_children_spech/ASER-Dataset/audio_processed/chunks/Hindi UP/3075/HI_S1_ST_0_chunk2.wav,Hindi,लोग अपने कपड़े सुखाने लगे बच्चे भी घरों से बाहर निकलकर खेलने लगे,लोग अपने कपड़े सुखाने लगे बच्चे भी घरों से बाहर निकाल कर खेलने लगे,लोग अपने कपड़े सुखाने लगे बच्चे भी घरों से बाहर निकलकर खेलने लगे,लोग अपने कपड़े सुखाने लगे बच्चे भी घरों से बाहर निकाल कर खेलने लगे
/home/hp/Indain_children_spech/ASER-Dataset/audio_processed/chunks/Hindi UP/3076/HI_S1_ST_0_chunk0.wav,Hindi,बहुत दिनों से बारिश हो रही थी गाँव में सभी जगह गंदा पानी भर गया था सभी बारिश के रुकने की राह देख रहे थे अचानक एक दिन बारिश रुक गई सूरज निकल आया सब लोग खुश हो गये आसमान में चिड़ियाँ उड़ने लगीं लोग अपने कपड़े,बहुत दिनों से बारिश हो रही थी गाँव में सभी जगह गंदा पानी भर गया था सभी बारिश के रुकने की राह देख रहे थे अचानक एक दिन बारिश रुक गई सूरज निकल आया सब लोग खुश हो गए आसमान में चिड़िया उड़ने लगी लोग अपने कपड़े,बहुत दिनों से बारिश हो रही थी गाँव में सभी जगह गंदा पानी भर गया था सभी बारिश के रुकने की राह देख रहे थे अचानक एक दिन बारिश रुक गई सूरज निकल आया सब लोग खुश हो गये आसमान में चिड़ियाँ उड़ने लगीं लोग अपने कपड़े,बहुत दिनों से बारिश हो रही थी गाँव में सभी जगह गंदा पानी भर गया था सभी बारिश के रुकने की राह देख रहे थे अचानक एक दिन बारिश रुक गई सूरज निकल आया सब लोग खुश हो गए आसमान में चिड़िया उड़ने लगी लोग अपने कपड़े
/home/hp/Indain_children_spech/ASER-Dataset/audio_processed/chunks/Hindi UP/3076/HI_S1_ST_0_chunk1.wav,Hindi,सुखाने लगे बच्चे भी घरों से बाहर निकलकर खेलने लगे,सुखाने लगे बच्चे भी घरों से बाहर निकलने खेलनेु,सुखाने लगे बच्चे भी घरों से बाहर निकलकर खेलने लगे,सुखाने लगे बच्चे भी घरों से बाहर निकलने खेलनेु
/home/hp/Indain_children_spech/ASER-Dataset/audio_processed/chunks/Hindi UP/3096/HI_S1_ST_0_chunk0.wav,Hindi,बहुत दिनों से बारिश हो रही थी गाँव में सभी जगह गंदा पानी भर गया था सभी बारिश के रुकने की राह देख रहे थे अचानक एक दिन बारिश रुक गई सूरज निकल आया सब लोग खुश हो,बहुत दिन से बारिश हो रही थी गाँव में सभी जगह गंदा पानी भर गया था सभी बारिश के रुकने की राह देख रहे थे अचानक एक दिन बारिश एक रुक गई सूरज निकल आया सब लोग खुश हो,बहुत दिनों से बारिश हो रही थी गाँव में सभी जगह गंदा पानी भर गया था सभी बारिश के रुकने की राह देख रहे थे अचानक एक दिन बारिश रुक गई सूरज निकल आया सब लोग खुश हो,बहुत दिन से बारिश हो रही थी गाँव में सभी जगह गंदा पानी भर गया था सभी बारिश के रुकने की राह देख रहे थे अचानक एक दिन बारिश एक रुक गई सूरज निकल आया सब लोग खुश हो
/home/hp/Indain_children_spech/ASER-Dataset/audio_processed/chunks/Hindi UP/3096/HI_S1_ST_0_chunk1.wav,Hindi,गये आसमान में चिड़ियाँ उड़ने लगीं लोग अपने कपड़े सुखाने लगे बच्चे भी घरों से बाहर निकलकर खेलने लगे,गए आसमान में चिड़िया उड़ने लगी लोग अपने कपड़े सुखाने लगे बच्चे भी घर से बाहर निकलने खेलने लगे,गये आसमान में चिड़ियाँ उड़ने लगीं लोग अपने कपड़े सुखाने लगे बच्चे भी घरों से बाहर निकलकर खेलने लगे,गए आसमान में चिड़िया उड़ने लगी लोग अपने कपड़े सुखाने लगे बच्चे भी घर से बाहर निकलने खेलने लगे
/home/hp/Indain_children_spech/ASER-Dataset/audio_processed/chunks/Hindi UP/3143/HI_S3_ST_0_chunk0.wav,Hindi,विमला और अजय मेला देखने गये उन्हें मेले में तरहतरह की दुकाने दिखीं मेले में बहुत,विमला और आज मेला देखने गए ए उन्हें मेले में तरह तरह की दुकाने दिखाई दे दखी मेले में बहुत,विमला और अजय मेला देखने गये उन्हें मेले में तरहतरह की दुकाने दिखीं मेले में बहुत,विमला और आज मेला देखने गए ए उन्हें मेले में तरह तरह की दुकाने दिखाई दे दखी मेले में बहुत
/home/hp/Indain_children_spech/ASER-Dataset/audio_processed/chunks/Hindi UP/3143/HI_S3_ST_0_chunk1.wav,Hindi,झूले थे वहाँ गरमगरम हलवा और जलेबियाँ भी बिक रहीं थीं जलेबी देखकर दोनों के मुँह में,झूले थे वहाँ गर्म गर्म हलवा और जलेबियाँ भी बिक रही थी जलेबी जलेबी दे देखकर दोनों की मुँह में,झूले थे वहाँ गरमगरम हलवा और जलेबियाँ भी बिक रहीं थीं जलेबी देखकर दोनों के मुँह में,झूले थे वहाँ गर्म गर्म हलवा और जलेबियाँ भी बिक रही थी जलेबी जलेबी दे देखकर दोनों की मुँह में
/home/hp/Indain_children_spech/ASER-Dataset/audio_processed/chunks/Hindi UP/3143/HI_S3_ST_0_chunk2.wav,Hindi,पानी आने लगा उन्हें जलेबी खाने का मन हुआ विमला ने जलेबी खरीदी दोनों दोस्तों,पानी आने लगा उन्हें जलेबी खाने का म हुआ खाने का मन हुआ विमला ने जलेबी खरीदी दोनों दोत दोस्तों,पानी आने लगा उन्हें जलेबी खाने का मन हुआ विमला ने जलेबी खरीदी दोनों दोस्तों,पानी आने लगा उन्हें जलेबी खाने का म हुआ खाने का मन हुआ विमला ने जलेबी खरीदी दोनों दोत दोस्तों
/home/hp/Indain_children_spech/ASER-Dataset/audio_processed/chunks/Hindi UP/3143/HI_S3_ST_0_chunk3.wav,Hindi,ने मिलकर जलेबी खाई शाम को दोनों घर लौट आये,ने मिलकर जलेबी खरीदीब शाम को दोनों घर लौट आई,ने मिलकर जलेबी खाई शाम को दोनों घर लौट आये,ने मिलकर जलेबी खरीदीब शाम को दोनों घर लौट आई
/home/hp/Indain_children_spech/ASER-Dataset/audio_processed/chunks/Hindi UP/3151/HI_S3_P_0_chunk0.wav,Hindi,नीतू के घर में गाय है उसका रंग सफ़ेद है गाय,नीतू के घर में गया है उसका घर संदेश गया है,नीतू के घर में गाय है उसका रंग सफ़ेद है गाय,नीतू के घर में गया है उसका घर संदेश गया है
/home/hp/Indain_children_spech/ASER-Dataset/audio_processed/chunks/Hindi UP/3151/HI_S3_P_0_chunk1.wav,Hindi,हरी घास खाती है वह बहुत दूध देती है,हरी घास खाती है वह बहुत द दूध देती है,हरी घास खाती है वह बहुत दूध देती है,हरी घास खाती है वह बहुत द दूध देती है
/home/hp/Indain_children_spech/ASER-Dataset/audio_processed/chunks/Hindi UP/3225/HI_S1_ST_0_chunk0.wav,Hindi,बहुत दिनों से बारिश हो रही थी गाँव में सभी जगह गंदा पानी भर गया था सभी बारिश के,बहत दिन से बारिश हो रही थी गांव में साथ जगह गंदा पानी भर गया था सभी बारिश के,बहुत दिनों से बारिश हो रही थी गाँव में सभी जगह गंदा पानी भर गया था सभी बारिश के,बहत दिन से बारिश हो रही थी गांव में साथ जगह गंदा पानी भर गया था सभी बारिश के
/home/hp/Indain_children_spech/ASER-Dataset/audio_processed/chunks/Hindi UP/3225/HI_S1_ST_0_chunk1.wav,Hindi,रुकने की राह देख रहे थे अचानक एक दिन बारिश रुक गई सूरज निकल,ुने देख रहे थे अचानक एक दिन बारिश रुक गई सूरज निकल,रुकने की राह देख रहे थे अचानक एक दिन बारिश रुक गई सूरज निकल,ुने देख रहे थे अचानक एक दिन बारिश रुक गई सूरज निकल
/home/hp/Indain_children_spech/ASER-Dataset/audio_processed/chunks/Hindi UP/3225/HI_S1_ST_0_chunk2.wav,Hindi,आया सब लोग खुश हो गये आसमान में चिड़ियाँ उड़ने लगीं लोग अपने कपड़े,आया सब लोग खुश हो गए आसमान में चड़ियों उड़ने लगी लोग अपने कपड़े,आया सब लोग खुश हो गये आसमान में चिड़ियाँ उड़ने लगीं लोग अपने कपड़े,आया सब लोग खुश हो गए आसमान में चड़ियों उड़ने लगी लोग अपने कपड़े
/home/hp/Indain_children_spech/ASER-Dataset/audio_processed/chunks/Hindi UP/3225/HI_S1_ST_0_chunk3.wav,Hindi,सुखाने लगे बच्चे भी घरों से बाहर निकलकर खेलने लगे,ख सुखाने लगे बच्चे भी घरों से बाहर निकल कर खेलने लगे,सुखाने लगे बच्चे भी घरों से बाहर निकलकर खेलने लगे,ख सुखाने लगे बच्चे भी घरों से बाहर निकल कर खेलने लगे
/home/hp/Indain_children_spech/ASER-Dataset/audio_processed/chunks/Hindi UP/3283/HI_S1_ST_0_chunk0.wav,Hindi,बहुत दिनों से बारिश हो रही थी गाँव में सभी जगह गंदा पानी भर गया था सभी बारिश के रुकने की राह देख रहे थे अचानक एक दिन बारिश रुक गई सूरज निकल आया सब लोग खुश हो गये आसमान में चिड़ियाँ उड़ने लगीं लोग अपने कपड़े सुखाने,बहुत दिनों से बारिश हो रही थी गाँव में सभी जगह गंदा पानी भर गया था सभी बारिश के रुकने की राह देख रहे थे अचानक एक दिन बारिश रुक गई सूरज निकल आया सब लोग खुश हो गए आसमान में चिड़िया उड़ने लगीं लोग अपने अपने कपड़े सुखाने,बहुत दिनों से बारिश हो रही थी गाँव में सभी जगह गंदा पानी भर गया था सभी बारिश के रुकने की राह देख रहे थे अचानक एक दिन बारिश रुक गई सूरज निकल आया सब लोग खुश हो गये आसमान में चिड़ियाँ उड़ने लगीं लोग अपने कपड़े सुखाने,बहुत दिनों से बारिश हो रही थी गाँव में सभी जगह गंदा पानी भर गया था सभी बारिश के रुकने की राह देख रहे थे अचानक एक दिन बारिश रुक गई सूरज निकल आया सब लोग खुश हो गए आसमान में चिड़िया उड़ने लगीं लोग अपने अपने कपड़े सुखाने
/home/hp/Indain_children_spech/ASER-Dataset/audio_processed/chunks/Hindi UP/3283/HI_S1_ST_0_chunk1.wav,Hindi,लगे बच्चे भी घरों से बाहर निकलकर खेलने लगे,लगे बच्चे भी चारों ओर से बाहर निकल निकल कर खेलने लगे,लगे बच्चे भी घरों से बाहर निकलकर खेलने लगे,लगे बच्चे भी चारों ओर से बाहर निकल निकल कर खेलने लगे
/home/hp/Indain_children_spech/ASER-Dataset/audio_processed/chunks/Hindi UP/3292/HI_S2_ST_0_chunk0.wav,Hindi,सावन का महीना था आसमान में बहुत से काले बादल छाये थे ठंडी ठंडी हवा चल रही थी मैंने सोचा आज झूला झूलते हैं बड़े भैया एक मोटी सी रस्सी लेकर आए,सावन का महीना था आसाम में बहुत से काले बादल छाए थे ठंडी ठंडी हवा चल रही थी मैंने सोचा आज झूला झूलते हैं बाड़े बड़े भया एक मोटी सी रस्सी लेकर आए,सावन का महीना था आसमान में बहुत से काले बादल छाये थे ठंडी ठंडी हवा चल रही थी मैंने सोचा आज झूला झूलते हैं बड़े भैया एक मोटी सी रस्सी लेकर आए,सावन का महीना था आसाम में बहुत से काले बादल छाए थे ठंडी ठंडी हवा चल रही थी मैंने सोचा आज झूला झूलते हैं बाड़े बड़े भया एक मोटी सी रस्सी लेकर आए
/home/hp/Indain_children_spech/ASER-Dataset/audio_processed/chunks/Hindi UP/3292/HI_S2_ST_0_chunk1.wav,Hindi,हमने उसे पेड़ से लटका कर झूला बनाया सब ने मिलकर खूब झूला झूला बहुत सारे बच्चे आकर मज़े से खेलने लगे,हमने उसे पेड़ के पेड़ से लटका लटका कर झूला बनाया सबने मिलकर खूब झूला झूला बहुत सारे बच्चे आकर मजे से खेलने लगे,हमने उसे पेड़ से लटका कर झूला बनाया सब ने मिलकर खूब झूला झूला बहुत सारे बच्चे आकर मज़े से खेलने लगे,हमने उसे पेड़ के पेड़ से लटका लटका कर झूला बनाया सबने मिलकर खूब झूला झूला बहुत सारे बच्चे आकर मजे से खेलने लगे
/home/hp/Indain_children_spech/ASER-Dataset/audio_processed/chunks/Hindi UP/3292/HI_S2_ST_0_chunk2.wav,Hindi,खेलतेखेलते रात हो गई,खेलते खेलते रात हो गई,खेलतेखेलते रात हो गई,खेलते खेलते रात हो गई
/home/hp/Indain_children_spech/ASER-Dataset/audio_processed/chunks/Hindi UP/3310/HI_S1_ST_0_chunk0.wav,Hindi,बहुत दिनों से बारिश हो रही थी गाँव में सभी जगह गंदा पानी भर गया था सभी बारिश के,बहुत दिनों से ब बारिश हो रही थी गाँव में जंगल पानी भर जा गया है हम हा भी सभी बारिशे,बहुत दिनों से बारिश हो रही थी गाँव में सभी जगह गंदा पानी भर गया था सभी बारिश के,बहुत दिनों से ब बारिश हो रही थी गाँव में जंगल पानी भर जा गया है हम हा भी सभी बारिशे
/home/hp/Indain_children_spech/ASER-Dataset/audio_processed/chunks/Hindi UP/3310/HI_S1_ST_0_chunk1.wav,Hindi,रुकने की राह देख रहे थे अचानक एक दिन बारिश रुक गई सूरज निकल आया सब लोग खुश हो गये आसमान में चिड़ियाँ उड़ने लगीं,िन सब लोग आस आसमान में चिड़िया उड़ने उड़ने लगी,रुकने की राह देख रहे थे अचानक एक दिन बारिश रुक गई सूरज निकल आया सब लोग खुश हो गये आसमान में चिड़ियाँ उड़ने लगीं,िन सब लोग आस आसमान में चिड़िया उड़ने उड़ने लगी
/home/hp/Indain_children_spech/ASER-Dataset/audio_processed/chunks/Hindi UP/3310/HI_S1_ST_0_chunk2.wav,Hindi,लोग अपने कपड़े सुखाने लगे बच्चे भी घरों से बाहर निकलकर खेलने लगे,लोग अपने पेड़ कपड़ कपड़े सुखाने लगे बच्चे भी घरों से बाहर निक कर निकल कर घेलने लगे,लोग अपने कपड़े सुखाने लगे बच्चे भी घरों से बाहर निकलकर खेलने लगे,लोग अपने पेड़ कपड़ कपड़े सुखाने लगे बच्चे भी घरों से बाहर निक कर निकल कर घेलने लगे
/home/hp/Indain_children_spech/ASER-Dataset/audio_processed/chunks/Hindi UP/3343/HI_S4_ST_0_chunk0.wav,Hindi,रामपुर में कुछ ज़मीन ख़ाली थी वहाँ कुछ नहीं उगता था वहाँ कोई खेलने नहीं जाता था एक दिन कुछ लोग आए उन्होंने गाँव के लोगों को बुलाया सबने मिलकर तय किया कि यहाँ बग़ीचा बनाया जाए खाद मंगाकर हर तरह के पौधे लगाये गए सही समय पर पानी,रामपुर में एक जमीन खाली थी वहाँ कुछ नहीं उगता था वहाँ कोई खेलने नहीं जाता था एक दिन कुछ लोग आए उन्होंने गाँव के लोगों को बुलाया सब सबने मिलकर तय किया कि यहाँ बगीचा बनाया जाए खाद मंगकर हर तरह के पौधे लगाए गए सही समय पर पानी,रामपुर में कुछ ज़मीन ख़ाली थी वहाँ कुछ नहीं उगता था वहाँ कोई खेलने नहीं जाता था एक दिन कुछ लोग आए उन्होंने गाँव के लोगों को बुलाया सबने मिलकर तय किया कि यहाँ बग़ीचा बनाया जाए खाद मंगाकर हर तरह के पौधे लगाये गए सही समय पर पानी,रामपुर में एक जमीन खाली थी वहाँ कुछ नहीं उगता था वहाँ कोई खेलने नहीं जाता था एक दिन कुछ लोग आए उन्होंने गाँव के लोगों को बुलाया सब सबने मिलकर तय किया कि यहाँ बगीचा बनाया जाए खाद मंगकर हर तरह के पौधे लगाए गए सही समय पर पानी
/home/hp/Indain_children_spech/ASER-Dataset/audio_processed/chunks/Hindi UP/3343/HI_S4_ST_0_chunk1.wav,Hindi,दिया गया आज वहाँ एक सुंदर बग़ीचा है इसलिए वहाँ सब खेलने जाते हैं,दिया गया आज वहाँ एक सुंदर बगीचा है इसलिए वहाँ सब खेलने जाते हैं,दिया गया आज वहाँ एक सुंदर बग़ीचा है इसलिए वहाँ सब खेलने जाते हैं,दिया गया आज वहाँ एक सुंदर बगीचा है इसलिए वहाँ सब खेलने जाते हैं
/home/hp/Indain_children_spech/ASER-Dataset/audio_processed/chunks/Hindi UP/3344/HI_S1_ST_0_chunk0.wav,Hindi,बहुत दिनों से बारिश हो रही थी गाँव में सभी जगह गंदा पानी भर गया था सभी बारिश के रुकने की राह देख रहे थे अचानक एक दिन बारिश रुक गई सूरज निकल आया सब लोग खुश हो गये आसमान में,बहुत दिन से बारिश हो रही थी गाँव में सभी जगह गंदा पानी भर गया था सभी बारिश के बारिश के रुकने की राह देख रहे थे अचानक एक दिन बारिश रुक गई सूरज निकल आया सब लोग खुश हो गए आसमान में,बहुत दिनों से बारिश हो रही थी गाँव में सभी जगह गंदा पानी भर गया था सभी बारिश के रुकने की राह देख रहे थे अचानक एक दिन बारिश रुक गई सूरज निकल आया सब लोग खुश हो गये आसमान में,बहुत दिन से बारिश हो रही थी गाँव में सभी जगह गंदा पानी भर गया था सभी बारिश के बारिश के रुकने की राह देख रहे थे अचानक एक दिन बारिश रुक गई सूरज निकल आया सब लोग खुश हो गए आसमान में
/home/hp/Indain_children_spech/ASER-Dataset/audio_processed/chunks/Hindi UP/3344/HI_S1_ST_0_chunk1.wav,Hindi,चिड़ियाँ उड़ने लगीं लोग अपने कपड़े सुखाने लगे बच्चे भी घरों से बाहर निकलकर खेलने लगे,चिड़िया उड़ने लगी लोग अपने कपड़े सुखाने लगे बच्चे भी घर से बाहर निक निकल कर खेलने लगे,चिड़ियाँ उड़ने लगीं लोग अपने कपड़े सुखाने लगे बच्चे भी घरों से बाहर निकलकर खेलने लगे,चिड़िया उड़ने लगी लोग अपने कपड़े सुखाने लगे बच्चे भी घर से बाहर निक निकल कर खेलने लगे
/home/hp/Indain_children_spech/ASER-Dataset/audio_processed/chunks/Hindi UP/3348/HI_S1_P_0_chunk0.wav,Hindi,राधा के पास एक तोता है उसकी चोंच लाल है वह बहुत बोलता है सब को,राधा के पास एक तोता है उसकी चोच लाल है वह बहुत बता बोलता है सबको,राधा के पास एक तोता है उसकी चोंच लाल है वह बहुत बोलता है सब को,राधा के पास एक तोता है उसकी चोच लाल है वह बहुत बता बोलता है सबको
/home/hp/Indain_children_spech/ASER-Dataset/audio_processed/chunks/Hindi UP/3348/HI_S1_P_0_chunk1.wav,Hindi,हँसाता है,है हता है,हँसाता है,है हता है
/home/hp/Indain_children_spech/ASER-Dataset/audio_processed/chunks/Hindi UP/3348/HI_S1_ST_0_chunk0.wav,Hindi,बहुत दिनों से बारिश हो रही थी गाँव में सभी जगह,बहुत दिनों से बारिश हो हो रही थी गांव में सभी जगह,बहुत दिनों से बारिश हो रही थी गाँव में सभी जगह,बहुत दिनों से बारिश हो हो रही थी गांव में सभी जगह
/home/hp/Indain_children_spech/ASER-Dataset/audio_processed/chunks/Hindi UP/3348/HI_S1_ST_0_chunk1.wav,Hindi,गंदा पानी भर गया था सभी बारिश के रुकने की राह देख रहे थे अचानक एक दिन बारिश रुक गई सूरज निकल आया सब लोग खुश हो गये आसमान में चिड़ियाँ उड़ने लगीं लोग अपने,गंदा पानी भर गया था तभी बारिश केें उठने की राह देख रहे थे अचानक एक,गंदा पानी भर गया था सभी बारिश के रुकने की राह देख रहे थे अचानक एक दिन बारिश रुक गई सूरज निकल आया सब लोग खुश हो गये आसमान में चिड़ियाँ उड़ने लगीं लोग अपने,गंदा पानी भर गया था तभी बारिश केें उठने की राह देख रहे थे अचानक एक
/home/hp/Indain_children_spech/ASER-Dataset/audio_processed/chunks/Hindi UP/3348/HI_S1_ST_0_chunk2.wav,Hindi,कपड़े सुखाने लगे बच्चे भी घरों से बाहर निकलकर खेलने लगे,दिन,कपड़े सुखाने लगे बच्चे भी घरों से बाहर निकलकर खेलने लगे,दिन
/home/hp/Indain_children_spech/ASER-Dataset/audio_processed/chunks/Hindi UP/3355/HI_S3_ST_0_chunk0.wav,Hindi,विमला और अजय मेला देखने गये उन्हें मेले में तरहतरह की दुकाने दिखीं मेले में बहुत झूले थे वहाँ गरमगरम हलवा और जलेबियाँ भी बिक रहीं थीं जलेबी देखकर दोनों के मुँह में पानी आने लगा उन्हें जलेबी खाने का मन हुआ विमला,मला और अजय म दे उन्हें मे में तरह तरह की दुने द मेले में बहुत झूले थे वहाँ गरम गरम हलवा और जलेबी भी दिख रही थी जलेबी देख कर दोनों के मुँह में पानी आने लगा उन्हें जलेबी खाने का मन हुआ बमला ने,विमला और अजय मेला देखने गये उन्हें मेले में तरहतरह की दुकाने दिखीं मेले में बहुत झूले थे वहाँ गरमगरम हलवा और जलेबियाँ भी बिक रहीं थीं जलेबी देखकर दोनों के मुँह में पानी आने लगा उन्हें जलेबी खाने का मन हुआ विमला,मला और अजय म दे उन्हें मे में तरह तरह की दुने द मेले में बहुत झूले थे वहाँ गरम गरम हलवा और जलेबी भी दिख रही थी जलेबी देख कर दोनों के मुँह में पानी आने लगा उन्हें जलेबी खाने का मन हुआ बमला ने
/home/hp/Indain_children_spech/ASER-Dataset/audio_processed/chunks/Hindi UP/3355/HI_S3_ST_0_chunk1.wav,Hindi,ने जलेबी खरीदी दोनों दोस्तों ने मिलकर जलेबी खाई शाम को दोनों घर लौट आये,जलेबी खरीदी दोनों दोस्तों मिलकर जलेबी खाई शाम को दोनों घर लौट आय हमारे क जैसे मो इनँ तीन बच्चे बाकी है टेस्ट के लिए ठीक है ये येायल गु,ने जलेबी खरीदी दोनों दोस्तों ने मिलकर जलेबी खाई शाम को दोनों घर लौट आये,जलेबी खरीदी दोनों दोस्तों मिलकर जलेबी खाई शाम को दोनों घर लौट आय हमारे क जैसे मो इनँ तीन बच्चे बाकी है टेस्ट के लिए ठीक है ये येायल गु
/home/hp/Indain_children_spech/ASER-Dataset/audio_processed/chunks/Hindi UP/3357/HI_S2_ST_0_chunk0.wav,Hindi,सावन का महीना था आसमान में बहुत से काले बादल छाये थे ठंडी ठंडी हवा चल रही थी मैंने सोचा आज झूला झूलते हैं बड़े भैया एक मोटी सी,सावन के महीने महीना था आसमान से बहुत बहुत से काले बादल छाए थे ठीक ठीक हवा चल रही थी मैं सोचा आज झूला झूलते हैं बड़े भाई एक मोटी सी,सावन का महीना था आसमान में बहुत से काले बादल छाये थे ठंडी ठंडी हवा चल रही थी मैंने सोचा आज झूला झूलते हैं बड़े भैया एक मोटी सी,सावन के महीने महीना था आसमान से बहुत बहुत से काले बादल छाए थे ठीक ठीक हवा चल रही थी मैं सोचा आज झूला झूलते हैं बड़े भाई एक मोटी सी
/home/hp/Indain_children_spech/ASER-Dataset/audio_processed/chunks/Hindi UP/3357/HI_S2_ST_0_chunk1.wav,Hindi,रस्सी लेकर आए हमने उसे पेड़ से,रस्सी लाकर आए हमने उसे पेड़ से,रस्सी लेकर आए हमने उसे पेड़ से,रस्सी लाकर आए हमने उसे पेड़ से
/home/hp/Indain_children_spech/ASER-Dataset/audio_processed/chunks/Hindi UP/3357/HI_S2_ST_0_chunk2.wav,Hindi,लटका कर झूला बनाया सब ने मिलकर खूब झूला झूला बहुत सारे बच्चे आकर मज़े से खेलने लगे खेलतेखेलते रात हो गई,लटक कर झूला बनाया सब ने मिलकर खूब झूला झूला बहुत सारे बच्चे आए मजे से खेलने लगे खेलते खेलते रात हो गई,लटका कर झूला बनाया सब ने मिलकर खूब झूला झूला बहुत सारे बच्चे आकर मज़े से खेलने लगे खेलतेखेलते रात हो गई,लटक कर झूला बनाया सब ने मिलकर खूब झूला झूला बहुत सारे बच्चे आए मजे से खेलने लगे खेलते खेलते रात हो गई
/home/hp/Indain_children_spech/ASER-Dataset/audio_processed/chunks/Hindi UP/3415/HI_S2_P_0_chunk0.wav,Hindi,सोनी के पास एक माला है उसमें बहुत सारे मोती हैं,सोनी एक और तेज बला सोनी एक सब आस पास एक एक मकान है उसमें बहुत हरे सारे सारे तोते तोते हैं,सोनी के पास एक माला है उसमें बहुत सारे मोती हैं,सोनी एक और तेज बला सोनी एक सब आस पास एक एक मकान है उसमें बहुत हरे सारे सारे तोते तोते हैं
/home/hp/Indain_children_spech/ASER-Dataset/audio_processed/chunks/Hindi UP/3415/HI_S2_P_0_chunk1.wav,Hindi,मोती पीले रंग के हैं सोनी उसे,तोते पीले हरे एक है सोनी उसे,मोती पीले रंग के हैं सोनी उसे,तोते पीले हरे एक है सोनी उसे
/home/hp/Indain_children_spech/ASER-Dataset/audio_processed/chunks/Hindi UP/3415/HI_S2_P_0_chunk2.wav,Hindi,पहनती है,अपनी से कााम पहहनाती है,पहनती है,अपनी से कााम पहहनाती है
/home/hp/Indain_children_spech/ASER-Dataset/audio_processed/chunks/Marathi MH/1008/MR_S2_ST_0_chunk0.wav,Marathi,एका गावात एक आजीबाई राहत होती आजीचे घर छोटे होते घरासमोर मोठी फुलबाग होती बागेत गुलाब जाईजुई अबोली झेंडूची फुलझाडे होती मोठीमोठी आंब्याची फणसाची झाडे होती झाडांवर पक्ष्यांची घरटी होती हिरवेकोवळे गवत होते आजीची बाग सुंदर होती संध्याकाळ होताच गावातील मुले,एका गावात एक आजीबाई राहत होती आजीचे घर छोट होते घ समोर मोठी फुल बाग होती बागेत गुलाब जाई जुई अबोली झेंडूची फुले झाडे होती मोठी मोठी आंब्याची फणसाची झाडे होती झाडांवर पक्ष्यांची घरटी होती हिरवे कवळे गवत होते आजीची बाग सुंदर होती संध्याकाळ होतात गावातील मुले,एका गावात एक आजीबाई राहत होती आजीचे घर छोटे होते घरासमोर मोठी फुलबाग होती बागेत गुलाब जाईजुई अबोली झेंडूची फुलझाडे होती मोठीमोठी आंब्याची फणसाची झाडे होती झाडांवर पक्ष्यांची घरटी होती हिरवेकोवळे गवत होते आजीची बाग सुंदर होती संध्याकाळ होताच गावातील मुले,एका गावात एक आजीबाई राहत होती आजीचे घर छोट होते घ समोर मोठी फुल बाग होती बागेत गुलाब जाई जुई अबोली झेंडूची फुले झाडे होती मोठी मोठी आंब्याची फणसाची झाडे होती झाडांवर पक्ष्यांची घरटी होती हिरवे कवळे गवत होते आजीची बाग सुंदर होती संध्याकाळ होतात गावातील मुले
/home/hp/Indain_children_spech/ASER-Dataset/audio_processed/chunks/Marathi MH/1008/MR_S2_ST_0_chunk1.wav,Marathi,बागेमध्ये खेळायला येत असत ती भरपूर मजा करत मुलांना खेळताना बघून आजीला आनंद होई आजीबाई संध्याकाळी मुलांना गोष्टी सांगत असे त्यामुळे मुलांनादेखील आजीबाई खूप आवडे,बागेमध्ये खेळायला येत असत ती भरपूर मजा करत मुलांना खेळताना बघून आजीला आनंद होईल आजीबाई संध्याकाळी मुलांना गोष्टी सांगत असे त्यामुळे मुलांना देखील आजीबाई खूप आवडे,बागेमध्ये खेळायला येत असत ती भरपूर मजा करत मुलांना खेळताना बघून आजीला आनंद होई आजीबाई संध्याकाळी मुलांना गोष्टी सांगत असे त्यामुळे मुलांनादेखील आजीबाई खूप आवडे,बागेमध्ये खेळायला येत असत ती भरपूर मजा करत मुलांना खेळताना बघून आजीला आनंद होईल आजीबाई संध्याकाळी मुलांना गोष्टी सांगत असे त्यामुळे मुलांना देखील आजीबाई खूप आवडे
/home/hp/Indain_children_spech/ASER-Dataset/audio_processed/chunks/Marathi MH/1029/MR_S1_ST_0_chunk0.wav,Marathi,दाजी आजोबा आजारी असतात ते खूप थकलेले दिसतात हल्ली त्यांना नीट दिसत नाहीआजोबांचा नातू रमेश त्यांची खूप काळजी घेतो त्यांना खूप खोकलाही झाला आहे रमेश त्यांना वेळेवर औषध देतो नीट दिसत नसल्यामुळे आजोबा घरात बसून असतात रमेश त्यांच्या हाताला धरून,दजी आजोबा आजारी असतात ते खूप थकलेले दिसतात हल्ली त्यांना नीट दिसत नाही आजोबांना आजोबांचा नाचून रमेश त्यांची खूप काळजी घेतो त्यांनी त्यांनी खूप लो खोकलाही झाला आहे रमेश त्यांना वेळेवर औषध देतो नीट दिसत नीट दिसत नसल्यामुळे आजोबा घरात बसून बतात रमेश त्यांच्या हाताला धरून,दाजी आजोबा आजारी असतात ते खूप थकलेले दिसतात हल्ली त्यांना नीट दिसत नाहीआजोबांचा नातू रमेश त्यांची खूप काळजी घेतो त्यांना खूप खोकलाही झाला आहे रमेश त्यांना वेळेवर औषध देतो नीट दिसत नसल्यामुळे आजोबा घरात बसून असतात रमेश त्यांच्या हाताला धरून,दजी आजोबा आजारी असतात ते खूप थकलेले दिसतात हल्ली त्यांना नीट दिसत नाही आजोबांना आजोबांचा नाचून रमेश त्यांची खूप काळजी घेतो त्यांनी त्यांनी खूप लो खोकलाही झाला आहे रमेश त्यांना वेळेवर औषध देतो नीट दिसत नीट दिसत नसल्यामुळे आजोबा घरात बसून बतात रमेश त्यांच्या हाताला धरून
/home/hp/Indain_children_spech/ASER-Dataset/audio_processed/chunks/Marathi MH/1029/MR_S1_ST_0_chunk1.wav,Marathi,घरातल्या घरात फिरवतो घरात बसून आजोबा जुनी गाणी ऐकतात त्यांना नवीन गाणीही ऐकायला आवडतात आजोबांना बरे वाटल्यावर दोघे लांबवर फिरायला जाणार आहेत,घरातल्या घरात फिरवत असतो घरात बसून आजोबा जुनी गाणी ऐकतात त्यांना नवीन गाणीही ऐकायला आवडतात आजोबांना बरे वाटल्यावर दोघे लांब वर फिरायला जाणार आहे,घरातल्या घरात फिरवतो घरात बसून आजोबा जुनी गाणी ऐकतात त्यांना नवीन गाणीही ऐकायला आवडतात आजोबांना बरे वाटल्यावर दोघे लांबवर फिरायला जाणार आहेत,घरातल्या घरात फिरवत असतो घरात बसून आजोबा जुनी गाणी ऐकतात त्यांना नवीन गाणीही ऐकायला आवडतात आजोबांना बरे वाटल्यावर दोघे लांब वर फिरायला जाणार आहे
/home/hp/Indain_children_spech/ASER-Dataset/audio_processed/chunks/Marathi MH/1036/MR_S4_ST_0_chunk0.wav,Marathi,एक होती आजी एकदा तिला तिच्या बहिणीचे पत्र आले आजीला तिने आपल्या घरी पूजेला बोलाविले होते आजीने आपल्या सामानाचे गाठोडे बांधले निघताना तिने घराला कुलूप लावले ती प्रवासाला पायी निघाली वाटेत आजीला झरा दिसला चालून चालून थकल्याने,एक होती आजी एकदा तिला तिच्या बहिणीचे पत्र आले आजीला तिने आपल्या घरी पूजेला बोलाविले होते आजीने आपल्या सामानाचे गाठोडे बांधले निघता निघताना तिने घराला कुलूप लावली ती प्रवासाला पायी निघाली वाटेत आजीला झरा दिसला चालून चालून थकल्याने,एक होती आजी एकदा तिला तिच्या बहिणीचे पत्र आले आजीला तिने आपल्या घरी पूजेला बोलाविले होते आजीने आपल्या सामानाचे गाठोडे बांधले निघताना तिने घराला कुलूप लावले ती प्रवासाला पायी निघाली वाटेत आजीला झरा दिसला चालून चालून थकल्याने,एक होती आजी एकदा तिला तिच्या बहिणीचे पत्र आले आजीला तिने आपल्या घरी पूजेला बोलाविले होते आजीने आपल्या सामानाचे गाठोडे बांधले निघता निघताना तिने घराला कुलूप लावली ती प्रवासाला पायी निघाली वाटेत आजीला झरा दिसला चालून चालून थकल्याने
/home/hp/Indain_children_spech/ASER-Dataset/audio_processed/chunks/Marathi MH/1036/MR_S4_ST_0_chunk1.wav,Marathi,ती झऱ्याकाठी बसली थोडे खाऊन तिने थंड पाणी प्यायले आणि ती झोपी गेली काहीं वेळाने समोरून एक टांगा आला टांग्यातील माणसाने तिला बहिणीकडे सोडले आजीने त्याचे आभार मानले आणि ती घरात गेली,ती झऱ्याकाठी बसली थोडे खाऊन ती तिने थंड पाणी पियाले आणि ती झोपी गेली काही वेळाने समोरून एक टांगा आला टांग्या तिला माणसाने तिला बहिणीकडे सोडले आजीने त्याचे आभार मानले आणि ती घरात गेली,ती झऱ्याकाठी बसली थोडे खाऊन तिने थंड पाणी प्यायले आणि ती झोपी गेली काहीं वेळाने समोरून एक टांगा आला टांग्यातील माणसाने तिला बहिणीकडे सोडले आजीने त्याचे आभार मानले आणि ती घरात गेली,ती झऱ्याकाठी बसली थोडे खाऊन ती तिने थंड पाणी पियाले आणि ती झोपी गेली काही वेळाने समोरून एक टांगा आला टांग्या तिला माणसाने तिला बहिणीकडे सोडले आजीने त्याचे आभार मानले आणि ती घरात गेली
/home/hp/Indain_children_spech/ASER-Dataset/audio_processed/chunks/Marathi MH/1061/MR_S1_ST_0_chunk0.wav,Marathi,दाजी आजोबा आजारी असतात ते खूप थकलेले दिसतात हल्ली त्यांना नीट दिसत नाहीआजोबांचा नातू रमेश त्यांची खूप काळजी घेतो त्यांना खूप खोकलाही झाला आहे रमेश त्यांना वेळेवर औषध देतो नीट दिसत नसल्यामुळे आजोबा घरात बसून असतात रमेश त्यांच्या हाताला धरून घरातल्या घरात फिरवतो घरात बसून,दाजी आजोबा आजारी असतात ते खूप थकलेले दिसतात हल्ली त्यांना नीट दिसत नाही आजोबांचा नातो रमेश त्यांची खूप काळजी घेतो त्यांना खूप लोक खूप खोकलाही झाला आहे रमेश त्यांना वेळेवर औषधी औषध देतो नीट दिसत नसल्यामुळे नीट नीट दिसत नसल्यामुळे आजोबा आजोबा घरात बसून असतात रमेश त्यांच्या हाताला धरून घरातल्या घरात फिरवतो घरात बसून आ,दाजी आजोबा आजारी असतात ते खूप थकलेले दिसतात हल्ली त्यांना नीट दिसत नाहीआजोबांचा नातू रमेश त्यांची खूप काळजी घेतो त्यांना खूप खोकलाही झाला आहे रमेश त्यांना वेळेवर औषध देतो नीट दिसत नसल्यामुळे आजोबा घरात बसून असतात रमेश त्यांच्या हाताला धरून घरातल्या घरात फिरवतो घरात बसून,दाजी आजोबा आजारी असतात ते खूप थकलेले दिसतात हल्ली त्यांना नीट दिसत नाही आजोबांचा नातो रमेश त्यांची खूप काळजी घेतो त्यांना खूप लोक खूप खोकलाही झाला आहे रमेश त्यांना वेळेवर औषधी औषध देतो नीट दिसत नसल्यामुळे नीट नीट दिसत नसल्यामुळे आजोबा आजोबा घरात बसून असतात रमेश त्यांच्या हाताला धरून घरातल्या घरात फिरवतो घरात बसून आ
/home/hp/Indain_children_spech/ASER-Dataset/audio_processed/chunks/Marathi MH/1061/MR_S1_ST_0_chunk1.wav,Marathi,आजोबा जुनी गाणी ऐकतात त्यांना नवीन गाणीही ऐकायला आवडतात आजोबांना बरे वाटल्यावर दोघे लांबवर फिरायला जाणार आहेत,आजोबा जुनी जुनी गाणी ऐकतात त्यांना नवीन गाणीही ऐकायला आवडतात आजोबांना बरे वाटल्यावर दोघे ब लांबवर फिरायला जाणार आहेत,आजोबा जुनी गाणी ऐकतात त्यांना नवीन गाणीही ऐकायला आवडतात आजोबांना बरे वाटल्यावर दोघे लांबवर फिरायला जाणार आहेत,आजोबा जुनी जुनी गाणी ऐकतात त्यांना नवीन गाणीही ऐकायला आवडतात आजोबांना बरे वाटल्यावर दोघे ब लांबवर फिरायला जाणार आहेत
/home/hp/Indain_children_spech/ASER-Dataset/audio_processed/chunks/Marathi MH/1070/MR_S2_ST_0_chunk0.wav,Marathi,एका गावात एक आजीबाई राहत होती आजीचे घर छोटे होते घरासमोर मोठी फुलबाग होती बागेत गुलाब जाईजुई अबोली झेंडूची फुलझाडे होती मोठीमोठी आंब्याची फणसाची झाडे होती झाडांवर पक्ष्यांची घरटी होती,एका गावात एक आजीबाई राहत होती आजीचे घर छोटे होते घरासमोर मोठी फुलबाग होती बागेत गुलाब जुई जाई जुई अबोली झेंडूची फुल फुल झाडे होती मोठी मोठी आंब्याची फणसाची झाडे होती झाडावर पक्ष्याचे घरी होती,एका गावात एक आजीबाई राहत होती आजीचे घर छोटे होते घरासमोर मोठी फुलबाग होती बागेत गुलाब जाईजुई अबोली झेंडूची फुलझाडे होती मोठीमोठी आंब्याची फणसाची झाडे होती झाडांवर पक्ष्यांची घरटी होती,एका गावात एक आजीबाई राहत होती आजीचे घर छोटे होते घरासमोर मोठी फुलबाग होती बागेत गुलाब जुई जाई जुई अबोली झेंडूची फुल फुल झाडे होती मोठी मोठी आंब्याची फणसाची झाडे होती झाडावर पक्ष्याचे घरी होती
/home/hp/Indain_children_spech/ASER-Dataset/audio_processed/chunks/Marathi MH/1070/MR_S2_ST_0_chunk1.wav,Marathi,हिरवेकोवळे गवत होते आजीची बाग सुंदर होती संध्याकाळ होताच गावातील मुले बागेमध्ये खेळायला येत असत ती भरपूर मजा करत मुलांना खेळताना बघून आजीला आनंद होई आजीबाई संध्याकाळी मुलांना गोष्टी सांगत असे त्यामुळे,हिरवे कोवळे गवत होते आजीची बाग सुंदर होती संध्याकाळ होताच गावातील मुले बागेमध्ये खेळायला येत असत ती भरपूर मजा करत मुलांना खेळताना बघून आजीला आनंद होई आजीबाई संध्याकाळी मुलांना गोष्टी सांगत सांगत सांगत असे त्यामुळे,हिरवेकोवळे गवत होते आजीची बाग सुंदर होती संध्याकाळ होताच गावातील मुले बागेमध्ये खेळायला येत असत ती भरपूर मजा करत मुलांना खेळताना बघून आजीला आनंद होई आजीबाई संध्याकाळी मुलांना गोष्टी सांगत असे त्यामुळे,हिरवे कोवळे गवत होते आजीची बाग सुंदर होती संध्याकाळ होताच गावातील मुले बागेमध्ये खेळायला येत असत ती भरपूर मजा करत मुलांना खेळताना बघून आजीला आनंद होई आजीबाई संध्याकाळी मुलांना गोष्टी सांगत सांगत सांगत असे त्यामुळे
/home/hp/Indain_children_spech/ASER-Dataset/audio_processed/chunks/Marathi MH/1070/MR_S2_ST_0_chunk2.wav,Marathi,मुलांनादेखील आजीबाई खूप आवडे,मुलांना देखील आजीबाई खूप आवडेल,मुलांनादेखील आजीबाई खूप आवडे,मुलांना देखील आजीबाई खूप आवडेल
/home/hp/Indain_children_spech/ASER-Dataset/audio_processed/chunks/Marathi MH/1077/MR_S1_ST_0_chunk0.wav,Marathi,दाजी आजोबा आजारी असतात ते खूप थकलेले दिसतात हल्ली त्यांना नीट दिसत नाहीआजोबांचा नातू रमेश त्यांची खूप काळजी घेतो त्यांना खूप खोकलाही झाला आहे रमेश त्यांना वेळेवर औषध देतो नीट दिसत नसल्यामुळे,दाजी आजोबा आजारी असतात ते खूप थकलेले दिसतात हल्ली त्यांना नीट दिसत नाही आजोबाचा नातू रमेश त्यांनी खूप काळजी घेतो त्यांना खूप खोकलाही झाला आहे रमेश त्यांना वेळेवर औषध देतो नीट दिसत नसल्यामुळे,दाजी आजोबा आजारी असतात ते खूप थकलेले दिसतात हल्ली त्यांना नीट दिसत नाहीआजोबांचा नातू रमेश त्यांची खूप काळजी घेतो त्यांना खूप खोकलाही झाला आहे रमेश त्यांना वेळेवर औषध देतो नीट दिसत नसल्यामुळे,दाजी आजोबा आजारी असतात ते खूप थकलेले दिसतात हल्ली त्यांना नीट दिसत नाही आजोबाचा नातू रमेश त्यांनी खूप काळजी घेतो त्यांना खूप खोकलाही झाला आहे रमेश त्यांना वेळेवर औषध देतो नीट दिसत नसल्यामुळे
/home/hp/Indain_children_spech/ASER-Dataset/audio_processed/chunks/Marathi MH/1077/MR_S1_ST_0_chunk1.wav,Marathi,आजोबा घरात बसून असतात रमेश त्यांच्या हाताला धरून घरातल्या घरात फिरवतो घरात बसून आजोबा जुनी गाणी ऐकतात त्यांना नवीन गाणीही ऐकायला आवडतात आजोबांना बरे वाटल्यावर दोघे,आजोबा घरात बसून असतात रमेश त्यांना हात हाताला धरून घर घरातल्या घरात फिर फिरवतो घरात बसून आजोबा जुनी गाणी ऐकतात त्यांना नवीन गाणीही ऐकायला आवडतात आजोबांना बरे वाटल्यावर दोघे,आजोबा घरात बसून असतात रमेश त्यांच्या हाताला धरून घरातल्या घरात फिरवतो घरात बसून आजोबा जुनी गाणी ऐकतात त्यांना नवीन गाणीही ऐकायला आवडतात आजोबांना बरे वाटल्यावर दोघे,आजोबा घरात बसून असतात रमेश त्यांना हात हाताला धरून घर घरातल्या घरात फिर फिरवतो घरात बसून आजोबा जुनी गाणी ऐकतात त्यांना नवीन गाणीही ऐकायला आवडतात आजोबांना बरे वाटल्यावर दोघे
/home/hp/Indain_children_spech/ASER-Dataset/audio_processed/chunks/Marathi MH/1077/MR_S1_ST_0_chunk2.wav,Marathi,लांबवर फिरायला जाणार आहेत,लांब वर फिरायला जात जाणार आहे,लांबवर फिरायला जाणार आहेत,लांब वर फिरायला जात जाणार आहे
/home/hp/Indain_children_spech/ASER-Dataset/audio_processed/chunks/Marathi MH/1085/MR_S3_ST_0_chunk0.wav,Marathi,मीना शाळेतून घरी आली ती घरात एकटीच होती तिला करमत नव्हते मग मीनाने वाढदिवशी बाबांनी दिलेली बाहुली कपाटातून काढली ती बाहुली घेऊन खेळायला लागली थोड्या वेळाने राधा आली तिने खाऊ आणला होता मीनाने,मीना शाळेतून घरी आली ती घरात एकटीच होती तिला करमत नव्हते मग म मीनाने वाढदिवशीी बाबांनी दिलेली बाहुली कपाटातून काढली ती बाहुली घेऊन खेळायला लागली थोड्या वेळाने राधा आली तिने खाऊ आणला होता मीनाने,मीना शाळेतून घरी आली ती घरात एकटीच होती तिला करमत नव्हते मग मीनाने वाढदिवशी बाबांनी दिलेली बाहुली कपाटातून काढली ती बाहुली घेऊन खेळायला लागली थोड्या वेळाने राधा आली तिने खाऊ आणला होता मीनाने,मीना शाळेतून घरी आली ती घरात एकटीच होती तिला करमत नव्हते मग म मीनाने वाढदिवशीी बाबांनी दिलेली बाहुली कपाटातून काढली ती बाहुली घेऊन खेळायला लागली थोड्या वेळाने राधा आली तिने खाऊ आणला होता मीनाने
/home/hp/Indain_children_spech/ASER-Dataset/audio_processed/chunks/Marathi MH/1085/MR_S3_ST_0_chunk1.wav,Marathi,वाढदिवशी मिळालेली बाहुली राधाला दाखविली राधाला बाहुली खूपच आवडलीमीनाने राधाला बाहुली देऊन टाकली राधाने मीनाला खाऊ दिला दोघी खूपच खूष झाल्या त्यांनी,वाढदिवशी मिळा मिळालेली बाहुली राधाला दाखवली राधाला बाहुली खूप आवडली मीनाने राधाला बाहुली देऊन टाकली राधाने मिला मीनाला खाऊ दिला दोघी खूपच खू खुश झाल्या त्यांनी,वाढदिवशी मिळालेली बाहुली राधाला दाखविली राधाला बाहुली खूपच आवडलीमीनाने राधाला बाहुली देऊन टाकली राधाने मीनाला खाऊ दिला दोघी खूपच खूष झाल्या त्यांनी,वाढदिवशी मिळा मिळालेली बाहुली राधाला दाखवली राधाला बाहुली खूप आवडली मीनाने राधाला बाहुली देऊन टाकली राधाने मिला मीनाला खाऊ दिला दोघी खूपच खू खुश झाल्या त्यांनी
/home/hp/Indain_children_spech/ASER-Dataset/audio_processed/chunks/Marathi MH/1085/MR_S3_ST_0_chunk2.wav,Marathi,एकमेकींना टाळ्या दिल्या टाळ्या देता देता हसू लागल्या,एकमेकींना टाळ्या दिल्या टाळ्या देता देता हसू लागल्या,एकमेकींना टाळ्या दिल्या टाळ्या देता देता हसू लागल्या,एकमेकींना टाळ्या दिल्या टाळ्या देता देता हसू लागल्या
/home/hp/Indain_children_spech/ASER-Dataset/audio_processed/chunks/Marathi MH/1100/MR_S2_P_1_chunk0.wav,Marathi,पावसाळा सुरु झाला आईने नवी तुळस लावली तुळस भरभर वाढली,पावसाळा सुरू झाला आईने न नववी तुळस तुळस लावली तुळस भर तुळसभर भर तुळसभरभर वाढली,पावसाळा सुरु झाला आईने नवी तुळस लावली तुळस भरभर वाढली,पावसाळा सुरू झाला आईने न नववी तुळस तुळस लावली तुळस भर तुळसभर भर तुळसभरभर वाढली
/home/hp/Indain_children_spech/ASER-Dataset/audio_processed/chunks/Marathi MH/1100/MR_S2_P_1_chunk1.wav,Marathi,छान दिसू लागली,छान दिशू लागली,छान दिसू लागली,छान दिशू लागली
/home/hp/Indain_children_spech/ASER-Dataset/audio_processed/chunks/Marathi MH/1100/MR_S2_ST_0_chunk0.wav,Marathi,एका गावात एक आजीबाई राहत होती आजीचे घर छोटे होते घरासमोर मोठी फुलबाग होती बागेत गुलाब जाईजुई अबोली झेंडूची फुलझाडे होती मोठीमोठी आंब्याची फणसाची झाडे होती,ाातजीबा राहत होती आजीचे घर छोटे होतेर,एका गावात एक आजीबाई राहत होती आजीचे घर छोटे होते घरासमोर मोठी फुलबाग होती बागेत गुलाब जाईजुई अबोली झेंडूची फुलझाडे होती मोठीमोठी आंब्याची फणसाची झाडे होती,ाातजीबा राहत होती आजीचे घर छोटे होतेर
/home/hp/Indain_children_spech/ASER-Dataset/audio_processed/chunks/Marathi MH/1100/MR_S2_ST_0_chunk1.wav,Marathi,झाडांवर पक्ष्यांची घरटी होती हिरवेकोवळे गवत होते आजीची बाग सुंदर होती संध्याकाळ होताच गावातील मुले बागेमध्ये खेळायला येत असत ती भरपूर मजा करत मुलांना खेळताना बघून आजीला,घरा समोर घरासमोर मोठी फुल बाग फुलबाग हो होती बागेत बागेत गुलाब,झाडांवर पक्ष्यांची घरटी होती हिरवेकोवळे गवत होते आजीची बाग सुंदर होती संध्याकाळ होताच गावातील मुले बागेमध्ये खेळायला येत असत ती भरपूर मजा करत मुलांना खेळताना बघून आजीला,घरा समोर घरासमोर मोठी फुल बाग फुलबाग हो होती बागेत बागेत गुलाब
/home/hp/Indain_children_spech/ASER-Dataset/audio_processed/chunks/Marathi MH/1100/MR_S2_ST_0_chunk2.wav,Marathi,आनंद होई आजीबाई संध्याकाळी मुलांना गोष्टी सांगत असे त्यामुळे मुलांनादेखील आजीबाई खूप आवडे,हो होती हि रावे,आनंद होई आजीबाई संध्याकाळी मुलांना गोष्टी सांगत असे त्यामुळे मुलांनादेखील आजीबाई खूप आवडे,हो होती हि रावे
/home/hp/Indain_children_spech/ASER-Dataset/audio_processed/chunks/Marathi MH/1130/MR_S1_ST_0_chunk0.wav,Marathi,दाजी आजोबा आजारी असतात ते खूप थकलेले दिसतात हल्ली त्यांना नीट दिसत नाहीआजोबांचा नातू रमेश,दाजी आजोबा आ आजारी असतात ते खूप थकलेले दिसतात हई त्यांना नित दिसत नाही आजोबाच्या नातून आजोबा,दाजी आजोबा आजारी असतात ते खूप थकलेले दिसतात हल्ली त्यांना नीट दिसत नाहीआजोबांचा नातू रमेश,दाजी आजोबा आ आजारी असतात ते खूप थकलेले दिसतात हई त्यांना नित दिसत नाही आजोबाच्या नातून आजोबा
/home/hp/Indain_children_spech/ASER-Dataset/audio_processed/chunks/Marathi MH/1130/MR_S1_ST_0_chunk1.wav,Marathi,त्यांची खूप काळजी घेतो त्यांना खूप खोकलाही झाला आहे रमेश त्यांना वेळेवर औषध देतो नीट दिसत,वाचानातू खेतो त्यांना खूप खोकलाही झाला आहे रमेश त्यांना रमेश त्यां त्यांना वेळेवर औषध औषध देतो नीट नीट दिसत,त्यांची खूप काळजी घेतो त्यांना खूप खोकलाही झाला आहे रमेश त्यांना वेळेवर औषध देतो नीट दिसत,वाचानातू खेतो त्यांना खूप खोकलाही झाला आहे रमेश त्यांना रमेश त्यां त्यांना वेळेवर औषध औषध देतो नीट नीट दिसत
/home/hp/Indain_children_spech/ASER-Dataset/audio_processed/chunks/Marathi MH/1130/MR_S1_ST_0_chunk2.wav,Marathi,नसल्यामुळे आजोबा घरात बसून असतात रमेश त्यांच्या हाताला धरून घरातल्या,नसल्यामुळे आजोबा घरात बसून असतात रमेश त्यांच्या हाताला धरून घरातल्या,नसल्यामुळे आजोबा घरात बसून असतात रमेश त्यांच्या हाताला धरून घरातल्या,नसल्यामुळे आजोबा घरात बसून असतात रमेश त्यांच्या हाताला धरून घरातल्या
/home/hp/Indain_children_spech/ASER-Dataset/audio_processed/chunks/Marathi MH/1130/MR_S1_ST_0_chunk3.wav,Marathi,घरात फिरवतो घरात बसून आजोबा जुनी गाणी ऐकतात त्यांना नवीन गाणीही,घर फिरवतो घरात बसून आजोबा जुनी आजोबा जुनी आणि गाणी एकतात त्यांना नवीन गाणीही,घरात फिरवतो घरात बसून आजोबा जुनी गाणी ऐकतात त्यांना नवीन गाणीही,घर फिरवतो घरात बसून आजोबा जुनी आजोबा जुनी आणि गाणी एकतात त्यांना नवीन गाणीही
/home/hp/Indain_children_spech/ASER-Dataset/audio_processed/chunks/Marathi MH/1130/MR_S1_ST_0_chunk4.wav,Marathi,ऐकायला आवडतात आजोबांना बरे वाटल्यावर दोघे लांबवर फिरायला जाणार आहेत,काय एकायला आवडतात अजो आजोबा आजोबांना बरे फिराला जा आहेत,ऐकायला आवडतात आजोबांना बरे वाटल्यावर दोघे लांबवर फिरायला जाणार आहेत,काय एकायला आवडतात अजो आजोबा आजोबांना बरे फिराला जा आहेत
/home/hp/Indain_children_spech/ASER-Dataset/audio_processed/chunks/Marathi MH/1131/MR_S1_ST_0_chunk0.wav,Marathi,दाजी आजोबा आजारी असतात ते खूप थकलेले दिसतात हल्ली त्यांना नीट दिसत नाहीआजोबांचा नातू रमेश त्यांची खूप,दहा आजोबा आ आ आजारी असतात ते खूप थक थकले दिसतात खल्ली त्यांना नीट दिसत नाही आजोबा आजोबाचा नातू रमेश त्याची खूप,दाजी आजोबा आजारी असतात ते खूप थकलेले दिसतात हल्ली त्यांना नीट दिसत नाहीआजोबांचा नातू रमेश त्यांची खूप,दहा आजोबा आ आ आजारी असतात ते खूप थक थकले दिसतात खल्ली त्यांना नीट दिसत नाही आजोबा आजोबाचा नातू रमेश त्याची खूप
/home/hp/Indain_children_spech/ASER-Dataset/audio_processed/chunks/Marathi MH/1131/MR_S1_ST_0_chunk1.wav,Marathi,काळजी घेतो त्यांना खूप खोकलाही झाला आहे रमेश त्यांना वेळेवर औषध देतो नीट दिसत नसल्यामुळे आजोबा घरात बसून असतात रमेश त्यांच्या हाताला धरून घरातल्या,काळजी यती येतेतो त्यांना खूप खलुलाही आ झाला आहे रमेश त्यांना वेळेवर औषध देतो नीट दिस दिसत नसल्यामुळे आजोबा घरात बसून असतात रमेश त्याच्या हाता हाताला,काळजी घेतो त्यांना खूप खोकलाही झाला आहे रमेश त्यांना वेळेवर औषध देतो नीट दिसत नसल्यामुळे आजोबा घरात बसून असतात रमेश त्यांच्या हाताला धरून घरातल्या,काळजी यती येतेतो त्यांना खूप खलुलाही आ झाला आहे रमेश त्यांना वेळेवर औषध देतो नीट दिस दिसत नसल्यामुळे आजोबा घरात बसून असतात रमेश त्याच्या हाता हाताला
/home/hp/Indain_children_spech/ASER-Dataset/audio_processed/chunks/Marathi MH/1131/MR_S1_ST_0_chunk2.wav,Marathi,घरात फिरवतो घरात बसून आजोबा जुनी गाणी ऐकतात त्यांना नवीन गाणीही ऐकायला आवडतात आजोबांना बरे वाटल्यावर दोघे लांबवर फिरायला जाणार आहेत,धरून घरातल्या घरात फिरवत,घरात फिरवतो घरात बसून आजोबा जुनी गाणी ऐकतात त्यांना नवीन गाणीही ऐकायला आवडतात आजोबांना बरे वाटल्यावर दोघे लांबवर फिरायला जाणार आहेत,धरून घरातल्या घरात फिरवत
/home/hp/Indain_children_spech/ASER-Dataset/audio_processed/chunks/Marathi MH/1163/MR_S2_ST_0_chunk0.wav,Marathi,एका गावात एक आजीबाई राहत होती आजीचे घर छोटे होते घरासमोर मोठी फुलबाग होती बागेत गुलाब जाईजुई अबोली,गावात एक आजीबाई राहत होती आजीचे घर छोटे होते घरासमोर मोठी फुल फुलबाग होती बागेत फुला फुलाब जाई जुई बोली,एका गावात एक आजीबाई राहत होती आजीचे घर छोटे होते घरासमोर मोठी फुलबाग होती बागेत गुलाब जाईजुई अबोली,गावात एक आजीबाई राहत होती आजीचे घर छोटे होते घरासमोर मोठी फुल फुलबाग होती बागेत फुला फुलाब जाई जुई बोली
/home/hp/Indain_children_spech/ASER-Dataset/audio_processed/chunks/Marathi MH/1163/MR_S2_ST_0_chunk1.wav,Marathi,झेंडूची फुलझाडे होती मोठीमोठी आंब्याची फणसाची झाडे होती झाडांवर पक्ष्यांची घरटी होती हिरवेकोवळे गवत होते आजीची बाग,झेंडूची फु झाडेतीठी मोठी आंब्याची फणसाची झाडे होती झाडावर पक्ष्यांची गट होती हिरवे हिरवे कोक कोवळे गवत होते आजी आजीची बाग,झेंडूची फुलझाडे होती मोठीमोठी आंब्याची फणसाची झाडे होती झाडांवर पक्ष्यांची घरटी होती हिरवेकोवळे गवत होते आजीची बाग,झेंडूची फु झाडेतीठी मोठी आंब्याची फणसाची झाडे होती झाडावर पक्ष्यांची गट होती हिरवे हिरवे कोक कोवळे गवत होते आजी आजीची बाग
/home/hp/Indain_children_spech/ASER-Dataset/audio_processed/chunks/Marathi MH/1163/MR_S2_ST_0_chunk2.wav,Marathi,सुंदर होती संध्याकाळ होताच,सुंदर होती संध्याकाळ संध्याकाळ होताच,सुंदर होती संध्याकाळ होताच,सुंदर होती संध्याकाळ संध्याकाळ होताच
/home/hp/Indain_children_spech/ASER-Dataset/audio_processed/chunks/Marathi MH/1163/MR_S2_ST_0_chunk3.wav,Marathi,गावातील मुले,ा गावील मुले,गावातील मुले,ा गावील मुले
/home/hp/Indain_children_spech/ASER-Dataset/audio_processed/chunks/Marathi MH/1163/MR_S2_ST_0_chunk4.wav,Marathi,बागेमध्ये खेळायला येत असत ती भरपूर मजा करत मुलांना खेळताना बघून आजीला आनंद होई आजीबाई संध्याकाळी मुलांना गोष्टी सांगत असे,बागे म खेळायला येत येत असल ती भरपूर मज्जा करत मुलाना खेळताना ब बघून आजीला आनंद हो होई आजीबाई संध्याकाळी मुलाना गोष्टी सांगत असे,बागेमध्ये खेळायला येत असत ती भरपूर मजा करत मुलांना खेळताना बघून आजीला आनंद होई आजीबाई संध्याकाळी मुलांना गोष्टी सांगत असे,बागे म खेळायला येत येत असल ती भरपूर मज्जा करत मुलाना खेळताना ब बघून आजीला आनंद हो होई आजीबाई संध्याकाळी मुलाना गोष्टी सांगत असे
/home/hp/Indain_children_spech/ASER-Dataset/audio_processed/chunks/Marathi MH/1163/MR_S2_ST_0_chunk5.wav,Marathi,त्यामुळे मुलांनादेखील आजीबाई खूप आवडे,त्यामुळे मुलांना देखील मुलांना देखील आजीबाई खूप आवडते,त्यामुळे मुलांनादेखील आजीबाई खूप आवडे,त्यामुळे मुलांना देखील मुलांना देखील आजीबाई खूप आवडते
/home/hp/Indain_children_spech/ASER-Dataset/audio_processed/chunks/Marathi MH/1184/MR_S2_ST_0_chunk0.wav,Marathi,एका गावात एक आजीबाई राहत होती आजीचे घर छोटे होते घरासमोर मोठी फुलबाग होती बागेत गुलाब जाईजुई अबोली झेंडूची फुलझाडे होती मोठीमोठी आंब्याची फणसाची झाडे होती झाडांवर पक्ष्यांची घरटी होती हिरवेकोवळे गवत होते आजीची बाग सुंदर होती संध्याकाळ होताच गावातील मुले बागेमध्ये खेळायला येत असत,एक गावात आई बाई रा होतेछ होते घ समोर मोठी फुलाचा बाग होती बागत गुलाब जाई जुई झेंडूची,एका गावात एक आजीबाई राहत होती आजीचे घर छोटे होते घरासमोर मोठी फुलबाग होती बागेत गुलाब जाईजुई अबोली झेंडूची फुलझाडे होती मोठीमोठी आंब्याची फणसाची झाडे होती झाडांवर पक्ष्यांची घरटी होती हिरवेकोवळे गवत होते आजीची बाग सुंदर होती संध्याकाळ होताच गावातील मुले बागेमध्ये खेळायला येत असत,एक गावात आई बाई रा होतेछ होते घ समोर मोठी फुलाचा बाग होती बागत गुलाब जाई जुई झेंडूची
/home/hp/Indain_children_spech/ASER-Dataset/audio_processed/chunks/Marathi MH/1184/MR_S2_ST_0_chunk1.wav,Marathi,ती भरपूर मजा करत मुलांना खेळताना बघून आजीला आनंद होई आजीबाई संध्याकाळी मुलांना गोष्टी सांगत असे त्यामुळे मुलांनादेखील आजीबाई खूप आवडे,फुले झा,ती भरपूर मजा करत मुलांना खेळताना बघून आजीला आनंद होई आजीबाई संध्याकाळी मुलांना गोष्टी सांगत असे त्यामुळे मुलांनादेखील आजीबाई खूप आवडे,फुले झा
/home/hp/Indain_children_spech/ASER-Dataset/audio_processed/chunks/Marathi MH/1237/MR_S1_ST_0_chunk0.wav,Marathi,दाजी आजोबा आजारी असतात ते खूप थकलेले दिसतात हल्ली त्यांना नीट दिसत नाहीआजोबांचा नातू रमेश त्यांची खूप काळजी घेतो त्यांना खूप खोकलाही झाला आहे रमेश त्यांना वेळेवर औषध देतो नीट दिसत नसल्यामुळे आजोबा घरात बसून असतात रमेश त्यांच्या हाताला धरून घरातल्या घरात फिरवतो घरात बसून आजोबा जुनी गाणी ऐकतात त्यांना नवीन गाणीही,राजी आजोबा जरी असतात ते खूप थकले दिना नीट दिसत नाही आजोबाच्या नातमे खूप काळजी घेतो त्यांना खूप खोकला झा त्यांना वेळेवर औषध देतो नीट दिसत नसल्यामुळे आजोबा घरातून बसून असतात रमेश त्यांच्या हाताला धरून घरातल्या घरात फिरतो घर बसून आजोबांनी जुनी गाणी ऐकतात त्यांना नवीन गाणीही,दाजी आजोबा आजारी असतात ते खूप थकलेले दिसतात हल्ली त्यांना नीट दिसत नाहीआजोबांचा नातू रमेश त्यांची खूप काळजी घेतो त्यांना खूप खोकलाही झाला आहे रमेश त्यांना वेळेवर औषध देतो नीट दिसत नसल्यामुळे आजोबा घरात बसून असतात रमेश त्यांच्या हाताला धरून घरातल्या घरात फिरवतो घरात बसून आजोबा जुनी गाणी ऐकतात त्यांना नवीन गाणीही,राजी आजोबा जरी असतात ते खूप थकले दिना नीट दिसत नाही आजोबाच्या नातमे खूप काळजी घेतो त्यांना खूप खोकला झा त्यांना वेळेवर औषध देतो नीट दिसत नसल्यामुळे आजोबा घरातून बसून असतात रमेश त्यांच्या हाताला धरून घरातल्या घरात फिरतो घर बसून आजोबांनी जुनी गाणी ऐकतात त्यांना नवीन गाणीही
/home/hp/Indain_children_spech/ASER-Dataset/audio_processed/chunks/Marathi MH/1237/MR_S1_ST_0_chunk1.wav,Marathi,ऐकायला आवडतात आजोबांना बरे वाटल्यावर दोघे लांबवर फिरायला जाणार आहेत,ऐला आवडतात आजोबांना बरे वाटल्यावर दोघं लांबवर फिरायला जाणार,ऐकायला आवडतात आजोबांना बरे वाटल्यावर दोघे लांबवर फिरायला जाणार आहेत,ऐला आवडतात आजोबांना बरे वाटल्यावर दोघं लांबवर फिरायला जाणार
/home/hp/Indain_children_spech/ASER-Dataset/audio_processed/chunks/Marathi MH/1251/MR_S2_ST_0_chunk0.wav,Marathi,एका गावात एक आजीबाई राहत होती आजीचे घर छोटे होते घरासमोर मोठी फुलबाग होती बागेत गुलाब जाईजुई अबोली झेंडूची फुलझाडे होती मोठीमोठी आंब्याची फणसाची झाडे होती झाडांवर पक्ष्यांची घरटी होती हिरवेकोवळे गवत होते आजीची बाग सुंदर होती संध्याकाळ होताच गावातील मुले बागेमध्ये खेळायला येत असत,एका गावात एक आजी आजीबाई राहत होती आजीचे घर छोटे होते घरासमोर मोठी फुलबाग होती बागेत गुलाब जाई जुई ओब अबोली झेंडूची फुल झाडे होती मो मोठी मोठी आंब्याची फन फणसाची झाडे होती झाडावर पक्ष्यांची घटी होती हिरवे कोवळे गवत होते आजीची बाग सुंदर होती संध्याकाळ होतच गावातील मुले बागेमध्ये खेळायला येत असतात,एका गावात एक आजीबाई राहत होती आजीचे घर छोटे होते घरासमोर मोठी फुलबाग होती बागेत गुलाब जाईजुई अबोली झेंडूची फुलझाडे होती मोठीमोठी आंब्याची फणसाची झाडे होती झाडांवर पक्ष्यांची घरटी होती हिरवेकोवळे गवत होते आजीची बाग सुंदर होती संध्याकाळ होताच गावातील मुले बागेमध्ये खेळायला येत असत,एका गावात एक आजी आजीबाई राहत होती आजीचे घर छोटे होते घरासमोर मोठी फुलबाग होती बागेत गुलाब जाई जुई ओब अबोली झेंडूची फुल झाडे होती मो मोठी मोठी आंब्याची फन फणसाची झाडे होती झाडावर पक्ष्यांची घटी होती हिरवे कोवळे गवत होते आजीची बाग सुंदर होती संध्याकाळ होतच गावातील मुले बागेमध्ये खेळायला येत असतात
/home/hp/Indain_children_spech/ASER-Dataset/audio_processed/chunks/Marathi MH/1251/MR_S2_ST_0_chunk1.wav,Marathi,ती भरपूर मजा करत मुलांना खेळताना बघून आजीला आनंद होई आजीबाई संध्याकाळी मुलांना गोष्टी सांगत असे त्यामुळे मुलांनादेखील आजीबाई खूप आवडे,ती भरपूर मजा करत मुलांना खेळताना बघून आजीला आनंद होई आजीबाई संध्याकाळी मुलांना गोष्टी सांगत असते त्यामुळे मुलांना मुलांना देखील आजी आजीबाई खूप आवड आवडेल,ती भरपूर मजा करत मुलांना खेळताना बघून आजीला आनंद होई आजीबाई संध्याकाळी मुलांना गोष्टी सांगत असे त्यामुळे मुलांनादेखील आजीबाई खूप आवडे,ती भरपूर मजा करत मुलांना खेळताना बघून आजीला आनंद होई आजीबाई संध्याकाळी मुलांना गोष्टी सांगत असते त्यामुळे मुलांना मुलांना देखील आजी आजीबाई खूप आवड आवडेल
/home/hp/Indain_children_spech/ASER-Dataset/audio_processed/chunks/Marathi MH/1257/MR_S1_ST_0_chunk0.wav,Marathi,दाजी आजोबा आजारी असतात ते खूप थकलेले दिसतात हल्ली त्यांना नीट दिसत नाहीआजोबांचा नातू रमेश त्यांची खूप काळजी घेतो त्यांना खूप खोकलाही झाला आहे रमेश त्यांना वेळेवर औषध देतो नीट दिसत नसल्यामुळे आजोबा घरात बसून असतात रमेश त्यांच्या हाताला धरून घरातल्या,ा आजोबा आजारी असत खथ हल् नीट दित नाही आजोबांचा नात खप काळजी घेत खूप खोकला त्यांना खूप खोकला ह झाला आहे रमेश त्यांना वेळेवरशध देतो नीट दिस दिसत नसल्यामुळे आजोबा घरात बसून असतात रमेश त्यांच्या हातात ला धरून घरातल्या,दाजी आजोबा आजारी असतात ते खूप थकलेले दिसतात हल्ली त्यांना नीट दिसत नाहीआजोबांचा नातू रमेश त्यांची खूप काळजी घेतो त्यांना खूप खोकलाही झाला आहे रमेश त्यांना वेळेवर औषध देतो नीट दिसत नसल्यामुळे आजोबा घरात बसून असतात रमेश त्यांच्या हाताला धरून घरातल्या,ा आजोबा आजारी असत खथ हल् नीट दित नाही आजोबांचा नात खप काळजी घेत खूप खोकला त्यांना खूप खोकला ह झाला आहे रमेश त्यांना वेळेवरशध देतो नीट दिस दिसत नसल्यामुळे आजोबा घरात बसून असतात रमेश त्यांच्या हातात ला धरून घरातल्या
/home/hp/Indain_children_spech/ASER-Dataset/audio_processed/chunks/Marathi MH/1257/MR_S1_ST_0_chunk1.wav,Marathi,घरात फिरवतो घरात बसून आजोबा जुनी गाणी ऐकतात त्यांना नवीन गाणीही ऐकायला आवडतात आजोबांना बरे वाटल्यावर दोघे लांबवर फिरायला जाणार आहेत,घरात फिर फिरवतो घरात बसून आजोबा अजून गाणी ऐकतात त्यांना नवीन को गाणी ह ऐकायला आवडतात आजोबांना बरे वाटल्यावर दोघे लांब वार फिरायला जाणार आहेत,घरात फिरवतो घरात बसून आजोबा जुनी गाणी ऐकतात त्यांना नवीन गाणीही ऐकायला आवडतात आजोबांना बरे वाटल्यावर दोघे लांबवर फिरायला जाणार आहेत,घरात फिर फिरवतो घरात बसून आजोबा अजून गाणी ऐकतात त्यांना नवीन को गाणी ह ऐकायला आवडतात आजोबांना बरे वाटल्यावर दोघे लांब वार फिरायला जाणार आहेत
/home/hp/Indain_children_spech/ASER-Dataset/audio_processed/chunks/Marathi MH/1273/MR_S3_ST_0_chunk0.wav,Marathi,मीना शाळेतून घरी आली ती घरात एकटीच होती तिला करमत नव्हते मग मीनाने वाढदिवशी बाबांनी दिलेली बाहुली कपाटातून काढली ती बाहुली घेऊन खेळायला लागली थोड्या वेळाने राधा आली तिने खाऊ आणला होता मीनाने वाढदिवशी,मीना शाळेतून घरी आली ती घ तिला करमत नव्हते मग मीनाने वा वाढदिवसाची बा बाबांनी दिलेली बावली कपाटातून काढली ती बावली घेऊन खेळायला लागली थोड्या वेळानं राधा आली तिने खाऊ आणला होता मीनाने वाढ दिवशी वाढदिवशी,मीना शाळेतून घरी आली ती घरात एकटीच होती तिला करमत नव्हते मग मीनाने वाढदिवशी बाबांनी दिलेली बाहुली कपाटातून काढली ती बाहुली घेऊन खेळायला लागली थोड्या वेळाने राधा आली तिने खाऊ आणला होता मीनाने वाढदिवशी,मीना शाळेतून घरी आली ती घ तिला करमत नव्हते मग मीनाने वा वाढदिवसाची बा बाबांनी दिलेली बावली कपाटातून काढली ती बावली घेऊन खेळायला लागली थोड्या वेळानं राधा आली तिने खाऊ आणला होता मीनाने वाढ दिवशी वाढदिवशी
/home/hp/Indain_children_spech/ASER-Dataset/audio_processed/chunks/Marathi MH/1273/MR_S3_ST_0_chunk1.wav,Marathi,मिळालेली बाहुली राधाला दाखविली राधाला बाहुली खूपच आवडलीमीनाने राधाला बाहुली देऊन टाकली राधाने मीनाला खाऊ दिला दोघी खूपच खूष झाल्या त्यांनी,मिळालेली बाहुली राधाला दाखवली राधाला राधाला बाहुली खूपच आवडली मीनाने राधाला बा बाहुली देऊ दे देऊन टाकली राधाने मीनाला खाऊ दिला दोघी खूपच खूप खुश झाल्या त्यांनी,मिळालेली बाहुली राधाला दाखविली राधाला बाहुली खूपच आवडलीमीनाने राधाला बाहुली देऊन टाकली राधाने मीनाला खाऊ दिला दोघी खूपच खूष झाल्या त्यांनी,मिळालेली बाहुली राधाला दाखवली राधाला राधाला बाहुली खूपच आवडली मीनाने राधाला बा बाहुली देऊ दे देऊन टाकली राधाने मीनाला खाऊ दिला दोघी खूपच खूप खुश झाल्या त्यांनी
/home/hp/Indain_children_spech/ASER-Dataset/audio_processed/chunks/Marathi MH/1273/MR_S3_ST_0_chunk2.wav,Marathi,एकमेकींना टाळ्या दिल्या टाळ्या देता देता हसू लागल्या,एकमेकींना टाळ्या दिल्या टळ्या देता देता हसू लागल्या,एकमेकींना टाळ्या दिल्या टाळ्या देता देता हसू लागल्या,एकमेकींना टाळ्या दिल्या टळ्या देता देता हसू लागल्या
/home/hp/Indain_children_spech/ASER-Dataset/audio_processed/chunks/Marathi MH/130/MR_S1_ST_0_chunk0.wav,Marathi,दाजी आजोबा आजारी असतात ते खूप थकलेले दिसतात हल्ली त्यांना नीट दिसत नाहीआजोबांचा नातू रमेश त्यांची खूप काळजी घेतो त्यांना खूप खोकलाही झाला आहे रमेश त्यांना वेळेवर औषध देतो नीट दिसत नसल्यामुळे आजोबा,दाजी आजोबा आजारी असतात ते खूप थकलेले दिसतात हल्ली त्यांना नीट दिसते दिसत नाही आजोबांना नाचू रमेश त्यांची खूप काळजी घेतो त्यांना खूप खोक खोकलाही झाला आहे रमेश त्यांना वेग वेळेवर औषध देतो नीट दिसत नसल्यामुळे आजोबा,दाजी आजोबा आजारी असतात ते खूप थकलेले दिसतात हल्ली त्यांना नीट दिसत नाहीआजोबांचा नातू रमेश त्यांची खूप काळजी घेतो त्यांना खूप खोकलाही झाला आहे रमेश त्यांना वेळेवर औषध देतो नीट दिसत नसल्यामुळे आजोबा,दाजी आजोबा आजारी असतात ते खूप थकलेले दिसतात हल्ली त्यांना नीट दिसते दिसत नाही आजोबांना नाचू रमेश त्यांची खूप काळजी घेतो त्यांना खूप खोक खोकलाही झाला आहे रमेश त्यांना वेग वेळेवर औषध देतो नीट दिसत नसल्यामुळे आजोबा
/home/hp/Indain_children_spech/ASER-Dataset/audio_processed/chunks/Marathi MH/130/MR_S1_ST_0_chunk1.wav,Marathi,घरात बसून असतात रमेश त्यांच्या हाताला धरून घरातल्या घरात फिरवतो घरात बसून आजोबा जुनी गाणी ऐकतात त्यांना नवीन गाणीही ऐकायला आवडतात आजोबांना बरे वाटल्यावर दोघे लांबवर फिरायला,घरात बसून असतात रमेश त्यांच्या हातात हाताला ध धरून घरातल्या घरात फिरवतो घरात बसून आजोबा जुनी गाणी ऐकतात त्यांना नवीन गाणीही ऐकायला आवडतात आजोबांना बरे वाट वाटल्यावर दोघे लांबावर फिरायला,घरात बसून असतात रमेश त्यांच्या हाताला धरून घरातल्या घरात फिरवतो घरात बसून आजोबा जुनी गाणी ऐकतात त्यांना नवीन गाणीही ऐकायला आवडतात आजोबांना बरे वाटल्यावर दोघे लांबवर फिरायला,घरात बसून असतात रमेश त्यांच्या हातात हाताला ध धरून घरातल्या घरात फिरवतो घरात बसून आजोबा जुनी गाणी ऐकतात त्यांना नवीन गाणीही ऐकायला आवडतात आजोबांना बरे वाट वाटल्यावर दोघे लांबावर फिरायला
/home/hp/Indain_children_spech/ASER-Dataset/audio_processed/chunks/Marathi MH/130/MR_S1_ST_0_chunk2.wav,Marathi,जाणार आहेत,जाणार आहेत,जाणार आहेत,जाणार आहेत
/home/hp/Indain_children_spech/ASER-Dataset/audio_processed/chunks/Marathi MH/1315/MR_S1_ST_0_chunk0.wav,Marathi,दाजी आजोबा आजारी असतात ते खूप थकलेले दिसतात हल्ली त्यांना नीट दिसत नाहीआजोबांचा नातू रमेश त्यांची खूप,तजी आजोबा आजारी अस असतात ते खूपच थथकलेले दिसतात हल्याली त्यांना नट दिसत नाही आजोबा नातू रमेश त्यांचे खूपच,दाजी आजोबा आजारी असतात ते खूप थकलेले दिसतात हल्ली त्यांना नीट दिसत नाहीआजोबांचा नातू रमेश त्यांची खूप,तजी आजोबा आजारी अस असतात ते खूपच थथकलेले दिसतात हल्याली त्यांना नट दिसत नाही आजोबा नातू रमेश त्यांचे खूपच
/home/hp/Indain_children_spech/ASER-Dataset/audio_processed/chunks/Marathi MH/1315/MR_S1_ST_0_chunk1.wav,Marathi,काळजी घेतो त्यांना खूप खोकलाही झाला आहे रमेश त्यांना वेळेवर औषध देतो नीट दिसत नसल्यामुळे आजोबा घरात,काळजी घेत त्यांना खूप खोकलाही झाला आ आहे रमेश त्यांना वेळेवर औषध देतो नीट दिसत नसल्याल्यामुळे आजोबा घरातच,काळजी घेतो त्यांना खूप खोकलाही झाला आहे रमेश त्यांना वेळेवर औषध देतो नीट दिसत नसल्यामुळे आजोबा घरात,काळजी घेत त्यांना खूप खोकलाही झाला आ आहे रमेश त्यांना वेळेवर औषध देतो नीट दिसत नसल्याल्यामुळे आजोबा घरातच
/home/hp/Indain_children_spech/ASER-Dataset/audio_processed/chunks/Marathi MH/1315/MR_S1_ST_0_chunk2.wav,Marathi,बसून असतात रमेश त्यांच्या हाताला धरून घरातल्या घरात फिरवतो घरात बसून आजोबा जुनी गाणी ऐकतात त्यांना नवीन गाणीही,बसून असतात रमेश त्या त्याच्या हातमधून घरातल्या घरात फिर फिरवतो घरात बसून आजोबा जुनी गाई ऐकताना त्यांना नवी रवी,बसून असतात रमेश त्यांच्या हाताला धरून घरातल्या घरात फिरवतो घरात बसून आजोबा जुनी गाणी ऐकतात त्यांना नवीन गाणीही,बसून असतात रमेश त्या त्याच्या हातमधून घरातल्या घरात फिर फिरवतो घरात बसून आजोबा जुनी गाई ऐकताना त्यांना नवी रवी
/home/hp/Indain_children_spech/ASER-Dataset/audio_processed/chunks/Marathi MH/1315/MR_S1_ST_0_chunk3.wav,Marathi,ऐकायला आवडतात आजोबांना बरे वाटल्यावर दोघे लांबवर फिरायला जाणार आहेत,दायनी हे चवीच्या वाटलेल्या दोघे लाभवबिरयला जाणारे आहेत,ऐकायला आवडतात आजोबांना बरे वाटल्यावर दोघे लांबवर फिरायला जाणार आहेत,दायनी हे चवीच्या वाटलेल्या दोघे लाभवबिरयला जाणारे आहेत
/home/hp/Indain_children_spech/ASER-Dataset/audio_processed/chunks/Marathi MH/1335/MR_S3_ST_0_chunk0.wav,Marathi,मीना शाळेतून घरी आली ती घरात एकटीच होती तिला करमत नव्हते मग मीनाने वाढदिवशी बाबांनी दिलेली बाहुली कपाटातून काढली ती बाहुली घेऊन खेळायला लागली थोड्या वेळाने राधा आली तिने खाऊ आणला होता मीनाने वाढदिवशी मिळालेली बाहुली राधाला दाखविली राधाला बाहुली खूपच आवडलीमीनाने राधाला बाहुली देऊन टाकली राधाने मीनाला खाऊ दिला दोघी खूपच खूष झाल्या त्यांनी,ी वावशीली त बाुली घेऊन खेळाला लागली थोड्या वेळाने राधा आली तिने खावा आणला होता मीनाने वाढदिवशी मिळालेली बाहुली राधाला दाखवली राधाला बाहुली खूपच आवडली मीनाने राधाला बाहुली देऊन टाकली राधाने मीनाला खाव दिलं दोघी खूपच खुश झाल्या त्यांनी,मीना शाळेतून घरी आली ती घरात एकटीच होती तिला करमत नव्हते मग मीनाने वाढदिवशी बाबांनी दिलेली बाहुली कपाटातून काढली ती बाहुली घेऊन खेळायला लागली थोड्या वेळाने राधा आली तिने खाऊ आणला होता मीनाने वाढदिवशी मिळालेली बाहुली राधाला दाखविली राधाला बाहुली खूपच आवडलीमीनाने राधाला बाहुली देऊन टाकली राधाने मीनाला खाऊ दिला दोघी खूपच खूष झाल्या त्यांनी,ी वावशीली त बाुली घेऊन खेळाला लागली थोड्या वेळाने राधा आली तिने खावा आणला होता मीनाने वाढदिवशी मिळालेली बाहुली राधाला दाखवली राधाला बाहुली खूपच आवडली मीनाने राधाला बाहुली देऊन टाकली राधाने मीनाला खाव दिलं दोघी खूपच खुश झाल्या त्यांनी
/home/hp/Indain_children_spech/ASER-Dataset/audio_processed/chunks/Marathi MH/1335/MR_S3_ST_0_chunk1.wav,Marathi,एकमेकींना टाळ्या दिल्या टाळ्या देता देता हसू लागल्या,एकमेकींना टाळ्या दिल्या टाळ्या देता देता असू लागले,एकमेकींना टाळ्या दिल्या टाळ्या देता देता हसू लागल्या,एकमेकींना टाळ्या दिल्या टाळ्या देता देता असू लागले
/home/hp/Indain_children_spech/ASER-Dataset/audio_processed/chunks/Marathi MH/137/MR_S4_ST_0_chunk0.wav,Marathi,एक होती आजी एकदा तिला तिच्या बहिणीचे पत्र आले आजीला तिने आपल्या घरी पूजेला बोलाविले होते आजीने आपल्या सामानाचे गाठोडे बांधले,एक होती आजी एकदा तिला तिच्या बहिणीचे पत्र आहे आजीला तिने पाहिले घरी पूजे पूजेला बोलाविले होते आजी आजीने आपल्या आपल्या सा सामानाचे गाठोडे बांधले,एक होती आजी एकदा तिला तिच्या बहिणीचे पत्र आले आजीला तिने आपल्या घरी पूजेला बोलाविले होते आजीने आपल्या सामानाचे गाठोडे बांधले,एक होती आजी एकदा तिला तिच्या बहिणीचे पत्र आहे आजीला तिने पाहिले घरी पूजे पूजेला बोलाविले होते आजी आजीने आपल्या आपल्या सा सामानाचे गाठोडे बांधले
/home/hp/Indain_children_spech/ASER-Dataset/audio_processed/chunks/Marathi MH/137/MR_S4_ST_0_chunk1.wav,Marathi,निघताना तिने घराला कुलूप लावले ती प्रवासाला पायी निघाली वाटेत आजीला झरा दिसला चालून चालून थकल्याने ती झऱ्याकाठी,निघताना तिने तिने घराला कुलूप लावले ती प्रवासाला पा पायी निघाली वाटे वाटेत आजीला ज जरा दिवसा दिवसा चालून चालून थकले थकल्याने ती झट जऱ्याकाठी,निघताना तिने घराला कुलूप लावले ती प्रवासाला पायी निघाली वाटेत आजीला झरा दिसला चालून चालून थकल्याने ती झऱ्याकाठी,निघताना तिने तिने घराला कुलूप लावले ती प्रवासाला पा पायी निघाली वाटे वाटेत आजीला ज जरा दिवसा दिवसा चालून चालून थकले थकल्याने ती झट जऱ्याकाठी
/home/hp/Indain_children_spech/ASER-Dataset/audio_processed/chunks/Marathi MH/137/MR_S4_ST_0_chunk2.wav,Marathi,बसली थोडे खाऊन तिने थंड पाणी प्यायले आणि ती झोपी गेली काहीं वेळाने समोरून एक टांगा आला टांग्यातील माणसाने तिला बहिणीकडे सोडले आजीने त्याचे आभार मानले आणि ती घरात गेली,बसली थोडे जाऊन तिने थंड पाणी प्याले आणि ती झोपून गेली काही वेळात समो सो समोरून एक टांगा आला टांग टांगातील माणसे तिला बहिणीचे जो,बसली थोडे खाऊन तिने थंड पाणी प्यायले आणि ती झोपी गेली काहीं वेळाने समोरून एक टांगा आला टांग्यातील माणसाने तिला बहिणीकडे सोडले आजीने त्याचे आभार मानले आणि ती घरात गेली,बसली थोडे जाऊन तिने थंड पाणी प्याले आणि ती झोपून गेली काही वेळात समो सो समोरून एक टांगा आला टांग टांगातील माणसे तिला बहिणीचे जो
/home/hp/Indain_children_spech/ASER-Dataset/audio_processed/chunks/Marathi MH/14/MR_S4_ST_0_chunk0.wav,Marathi,एक होती आजी एकदा तिला तिच्या बहिणीचे पत्र आले आजीला तिने आपल्या घरी पूजेला बोलाविले होते आजीने आपल्या सामानाचे गाठोडे बांधले निघताना तिने घराला कुलूप लावले ती प्रवासाला पायी निघाली वाटेत आजीला झरा,आजीने आपल्या सामानाचे गोटकाठोडे बांधले निघताना तिने घरात कुलूप लावले ती प्रवासाला पाय निघाली वाटे आजीलारा,एक होती आजी एकदा तिला तिच्या बहिणीचे पत्र आले आजीला तिने आपल्या घरी पूजेला बोलाविले होते आजीने आपल्या सामानाचे गाठोडे बांधले निघताना तिने घराला कुलूप लावले ती प्रवासाला पायी निघाली वाटेत आजीला झरा,आजीने आपल्या सामानाचे गोटकाठोडे बांधले निघताना तिने घरात कुलूप लावले ती प्रवासाला पाय निघाली वाटे आजीलारा
/home/hp/Indain_children_spech/ASER-Dataset/audio_processed/chunks/Marathi MH/14/MR_S4_ST_0_chunk1.wav,Marathi,दिसला चालून चालून थकल्याने ती झऱ्याकाठी बसली थोडे खाऊन तिने थंड पाणी प्यायले आणि ती झोपी गेली काहीं वेळाने समोरून एक टांगा आला टांग्यातील माणसाने तिला बहिणीकडे सोडले आजीने त्याचे आभार मानले आणि ती घरात,दिसला चालून चालून थ झठीली थोडे खाऊन तिने थंड पाणी प्यायले आणि झ गेली काही वेळाने समोरून एक एक टांगा आला टांग्यातील माणसाने तिला बहिणीकडे सोडले आजीने तिला आभार मानले आणि ती घरात गे,दिसला चालून चालून थकल्याने ती झऱ्याकाठी बसली थोडे खाऊन तिने थंड पाणी प्यायले आणि ती झोपी गेली काहीं वेळाने समोरून एक टांगा आला टांग्यातील माणसाने तिला बहिणीकडे सोडले आजीने त्याचे आभार मानले आणि ती घरात,दिसला चालून चालून थ झठीली थोडे खाऊन तिने थंड पाणी प्यायले आणि झ गेली काही वेळाने समोरून एक एक टांगा आला टांग्यातील माणसाने तिला बहिणीकडे सोडले आजीने तिला आभार मानले आणि ती घरात गे
/home/hp/Indain_children_spech/ASER-Dataset/audio_processed/chunks/Marathi MH/168/MR_S1_ST_0_chunk0.wav,Marathi,दाजी आजोबा आजारी असतात ते खूप थकलेले दिसतात हल्ली त्यांना नीट दिसत नाहीआजोबांचा नातू रमेश त्यांची खूप काळजी घेतो त्यांना खूप खोकलाही झाला आहे रमेश त्यांना वेळेवर औषध देतो नीट दिसत नसल्यामुळे आजोबा घरात बसून असतात रमेश त्यांच्या हाताला धरून घरातल्या घरात,आजोबा आजारी असताना आणि नीट दिसत नाही आजोबांचा नातोे त्याच्या खूप काळजी घेतो त्यांना खूप खोकलाही झाला आहे रमेश त्यांना वेळेवर औषध देतो नीट दिसत नसल्यामुळे आजोबा घरात बसून असताना रमेशच्या हाताच्या हातात,दाजी आजोबा आजारी असतात ते खूप थकलेले दिसतात हल्ली त्यांना नीट दिसत नाहीआजोबांचा नातू रमेश त्यांची खूप काळजी घेतो त्यांना खूप खोकलाही झाला आहे रमेश त्यांना वेळेवर औषध देतो नीट दिसत नसल्यामुळे आजोबा घरात बसून असतात रमेश त्यांच्या हाताला धरून घरातल्या घरात,आजोबा आजारी असताना आणि नीट दिसत नाही आजोबांचा नातोे त्याच्या खूप काळजी घेतो त्यांना खूप खोकलाही झाला आहे रमेश त्यांना वेळेवर औषध देतो नीट दिसत नसल्यामुळे आजोबा घरात बसून असताना रमेशच्या हाताच्या हातात
/home/hp/Indain_children_spech/ASER-Dataset/audio_processed/chunks/Marathi MH/168/MR_S1_ST_0_chunk1.wav,Marathi,फिरवतो घरात बसून आजोबा जुनी गाणी ऐकतात त्यांना नवीन गाणीही ऐकायला आवडतात आजोबांना बरे वाटल्यावर दोघे लांबवर फिरायला जाणार आहेत,हाताला धरून घरातून घरातल्या घरात फिरवून घरात बसून आजवांना जुनी,फिरवतो घरात बसून आजोबा जुनी गाणी ऐकतात त्यांना नवीन गाणीही ऐकायला आवडतात आजोबांना बरे वाटल्यावर दोघे लांबवर फिरायला जाणार आहेत,हाताला धरून घरातून घरातल्या घरात फिरवून घरात बसून आजवांना जुनी
/home/hp/Indain_children_spech/ASER-Dataset/audio_processed/chunks/Marathi MH/199/MR_S4_ST_0_chunk0.wav,Marathi,एक होती आजी एकदा तिला तिच्या बहिणीचे पत्र आले आजीला तिने आपल्या घरी पूजेला बोलाविले होते आजीने आपल्या सामानाचे गाठोडे बांधले निघताना तिने घराला कुलूप लावले ती प्रवासाला पायी निघाली,जीरी आजीने आपल्या सामानाचे गाठोळे बांधले निघताना तिने घराला खुलूप लावले ती प्र प्रवासाला पायी निघाली,एक होती आजी एकदा तिला तिच्या बहिणीचे पत्र आले आजीला तिने आपल्या घरी पूजेला बोलाविले होते आजीने आपल्या सामानाचे गाठोडे बांधले निघताना तिने घराला कुलूप लावले ती प्रवासाला पायी निघाली,जीरी आजीने आपल्या सामानाचे गाठोळे बांधले निघताना तिने घराला खुलूप लावले ती प्र प्रवासाला पायी निघाली
/home/hp/Indain_children_spech/ASER-Dataset/audio_processed/chunks/Marathi MH/199/MR_S4_ST_0_chunk1.wav,Marathi,वाटेत आजीला झरा दिसला चालून चालून थकल्याने ती झऱ्याकाठी बसली थोडे खाऊन तिने थंड पाणी प्यायले आणि ती झोपी गेली काहीं वेळाने समोरून एक टांगा आला,झचा चालूनथ थोडे खाऊन तिने थंड पाणी पयला पा पयले आणि ती झोपी गेली काही वेळाने समोरून एक दांडगा आला,वाटेत आजीला झरा दिसला चालून चालून थकल्याने ती झऱ्याकाठी बसली थोडे खाऊन तिने थंड पाणी प्यायले आणि ती झोपी गेली काहीं वेळाने समोरून एक टांगा आला,झचा चालूनथ थोडे खाऊन तिने थंड पाणी पयला पा पयले आणि ती झोपी गेली काही वेळाने समोरून एक दांडगा आला
/home/hp/Indain_children_spech/ASER-Dataset/audio_processed/chunks/Marathi MH/199/MR_S4_ST_0_chunk2.wav,Marathi,टांग्यातील माणसाने तिला बहिणीकडे सोडले आजीने त्याचे आभार मानले आणि ती घरात गेली,टांक्यातील माणसाने तिला बहिणीकडे सोडले आजीने त्याचा आभार मानले आणि ती घरात गेली,टांग्यातील माणसाने तिला बहिणीकडे सोडले आजीने त्याचे आभार मानले आणि ती घरात गेली,टांक्यातील माणसाने तिला बहिणीकडे सोडले आजीने त्याचा आभार मानले आणि ती घरात गेली
/home/hp/Indain_children_spech/ASER-Dataset/audio_processed/chunks/Marathi MH/206/MR_S3_ST_0_chunk0.wav,Marathi,मीना शाळेतून घरी आली ती घरात एकटीच होती तिला करमत नव्हते मग मीनाने वाढदिवशी बाबांनी दिलेली बाहुली कपाटातून काढली ती,मीना शाळेतून घरी आली ती घरात एकटीित होती तिला करमत नव्हते मग मीनाने वाढढदवसाशी बाबांनी दिलेली बाहुली कपाटातून काढली ती,मीना शाळेतून घरी आली ती घरात एकटीच होती तिला करमत नव्हते मग मीनाने वाढदिवशी बाबांनी दिलेली बाहुली कपाटातून काढली ती,मीना शाळेतून घरी आली ती घरात एकटीित होती तिला करमत नव्हते मग मीनाने वाढढदवसाशी बाबांनी दिलेली बाहुली कपाटातून काढली ती
/home/hp/Indain_children_spech/ASER-Dataset/audio_processed/chunks/Marathi MH/206/MR_S3_ST_0_chunk1.wav,Marathi,बाहुली घेऊन खेळायला लागली थोड्या वेळाने राधा आली तिने खाऊ आणला होता मीनाने वाढदिवशी मिळालेली बाहुली,बाहुली घेऊन खेळायला लागली थोड्या वेळाने राधा आली तिने खाऊ आणला होता मी नाने वाढदिवसाशी मिळालेली बाहुळी,बाहुली घेऊन खेळायला लागली थोड्या वेळाने राधा आली तिने खाऊ आणला होता मीनाने वाढदिवशी मिळालेली बाहुली,बाहुली घेऊन खेळायला लागली थोड्या वेळाने राधा आली तिने खाऊ आणला होता मी नाने वाढदिवसाशी मिळालेली बाहुळी
/home/hp/Indain_children_spech/ASER-Dataset/audio_processed/chunks/Marathi MH/206/MR_S3_ST_0_chunk2.wav,Marathi,राधाला दाखविली राधाला बाहुली खूपच आवडलीमीनाने राधाला बाहुली देऊन टाकली राधाने मीनाला खाऊ दिला दोघी खूपच खूष,राधाला दाखवविली राधाला बावली खूपच आवडली मीनाने राधाला बावली देऊन टाकली राधाने मीना मीनाला खाऊऊ दि दिली दोघी खूपच खूप खुश,राधाला दाखविली राधाला बाहुली खूपच आवडलीमीनाने राधाला बाहुली देऊन टाकली राधाने मीनाला खाऊ दिला दोघी खूपच खूष,राधाला दाखवविली राधाला बावली खूपच आवडली मीनाने राधाला बावली देऊन टाकली राधाने मीना मीनाला खाऊऊ दि दिली दोघी खूपच खूप खुश
/home/hp/Indain_children_spech/ASER-Dataset/audio_processed/chunks/Marathi MH/206/MR_S3_ST_0_chunk3.wav,Marathi,झाल्या त्यांनी एकमेकींना टाळ्या दिल्या टाळ्या देता देता हसू लागल्या,झाल्या त्यांनी एकमेकांना टाळ्या दिल्या ताळ्या देता देता हसू लागल्या,झाल्या त्यांनी एकमेकींना टाळ्या दिल्या टाळ्या देता देता हसू लागल्या,झाल्या त्यांनी एकमेकांना टाळ्या दिल्या ताळ्या देता देता हसू लागल्या
/home/hp/Indain_children_spech/ASER-Dataset/audio_processed/chunks/Marathi MH/215/MR_S1_ST_0_chunk0.wav,Marathi,दाजी आजोबा आजारी असतात ते खूप थकलेले दिसतात हल्ली त्यांना नीट दिसत नाहीआजोबांचा नातू रमेश,दाजी आजोबा आजारी असतात ते खूप थकलेले दिसतात हली यांना नीट दिसत नाही आजोबांच्या नातू रमेश,दाजी आजोबा आजारी असतात ते खूप थकलेले दिसतात हल्ली त्यांना नीट दिसत नाहीआजोबांचा नातू रमेश,दाजी आजोबा आजारी असतात ते खूप थकलेले दिसतात हली यांना नीट दिसत नाही आजोबांच्या नातू रमेश
/home/hp/Indain_children_spech/ASER-Dataset/audio_processed/chunks/Marathi MH/215/MR_S1_ST_0_chunk1.wav,Marathi,त्यांची खूप काळजी घेतो त्यांना खूप खोकलाही झाला आहे रमेश त्यांना वेळेवर औषध देतो नीट,यांची खूप काळजी घेतो यांना खूप खोकलाही झाला आ आहे रमेश यांना वेळेवर औषध देतो नीट,त्यांची खूप काळजी घेतो त्यांना खूप खोकलाही झाला आहे रमेश त्यांना वेळेवर औषध देतो नीट,यांची खूप काळजी घेतो यांना खूप खोकलाही झाला आ आहे रमेश यांना वेळेवर औषध देतो नीट
/home/hp/Indain_children_spech/ASER-Dataset/audio_processed/chunks/Marathi MH/215/MR_S1_ST_0_chunk2.wav,Marathi,दिसत नसल्यामुळे आजोबा घरात बसून असतात रमेश त्यांच्या हाताला धरून,दिसत नस नसले नसल्यामुळे आजोबा घरात बसून असतात रमेश यांचे हाताला घरून,दिसत नसल्यामुळे आजोबा घरात बसून असतात रमेश त्यांच्या हाताला धरून,दिसत नस नसले नसल्यामुळे आजोबा घरात बसून असतात रमेश यांचे हाताला घरून
/home/hp/Indain_children_spech/ASER-Dataset/audio_processed/chunks/Marathi MH/215/MR_S1_ST_0_chunk3.wav,Marathi,घरातल्या घरात फिरवतो घरात बसून आजोबा जुनी गाणी ऐकतात त्यांना नवीन गाणीही ऐकायला आवडतात आजोबांना,घरातले घरात फिरवतो घरात बसून आजोबा जुनी गाणी ऐकतात यांना नवीन गाणी एक याला आवडतात आजोबांना,घरातल्या घरात फिरवतो घरात बसून आजोबा जुनी गाणी ऐकतात त्यांना नवीन गाणीही ऐकायला आवडतात आजोबांना,घरातले घरात फिरवतो घरात बसून आजोबा जुनी गाणी ऐकतात यांना नवीन गाणी एक याला आवडतात आजोबांना
/home/hp/Indain_children_spech/ASER-Dataset/audio_processed/chunks/Marathi MH/215/MR_S1_ST_0_chunk4.wav,Marathi,बरे वाटल्यावर दोघे लांबवर फिरायला जाणार आहेत,बरे वाटल्यावर धोते लांबवर फिरायला जाणार आहेत,बरे वाटल्यावर दोघे लांबवर फिरायला जाणार आहेत,बरे वाटल्यावर धोते लांबवर फिरायला जाणार आहेत
/home/hp/Indain_children_spech/ASER-Dataset/audio_processed/chunks/Marathi MH/225/MR_S3_ST_0_chunk0.wav,Marathi,मीना शाळेतून घरी आली ती घरात एकटीच होती तिला करमत नव्हते मग मीनाने वाढदिवशी बाबांनी दिलेली बाहुली कपाटातून काढली ती बाहुली घेऊन खेळायला लागली थोड्या वेळाने राधा आली तिने,मीना शाळेतून घरी आली त त करत नव्ह मीना वाढदिवस दिवशी बाबांनी दिलेली बाहुली कपाटातून काढली ती बाहुली घेऊन खेळायला लागली थोड्या वेळाने राधा आली तिने,मीना शाळेतून घरी आली ती घरात एकटीच होती तिला करमत नव्हते मग मीनाने वाढदिवशी बाबांनी दिलेली बाहुली कपाटातून काढली ती बाहुली घेऊन खेळायला लागली थोड्या वेळाने राधा आली तिने,मीना शाळेतून घरी आली त त करत नव्ह मीना वाढदिवस दिवशी बाबांनी दिलेली बाहुली कपाटातून काढली ती बाहुली घेऊन खेळायला लागली थोड्या वेळाने राधा आली तिने
/home/hp/Indain_children_spech/ASER-Dataset/audio_processed/chunks/Marathi MH/225/MR_S3_ST_0_chunk1.wav,Marathi,खाऊ आणला होता मीनाने वाढदिवशी मिळालेली बाहुली राधाला दाखविली राधाला बाहुली खूपच आवडलीमीनाने राधाला बाहुली देऊन टाकली राधाने मीनाला खाऊ दिला दोघी खूपच खूष झाल्या त्यांनी,खाऊ आणला होता मीना दिवशी मिळालेली बाहुली राने दाखवली राधाला बाहुली खूप खूपच आवडली मीनाने राधाला बाहुली दे देऊन टाकली राधाने मीनाला खाऊ दिला दोघी खूपच खूपच खुश झाल्या त्यांनी,खाऊ आणला होता मीनाने वाढदिवशी मिळालेली बाहुली राधाला दाखविली राधाला बाहुली खूपच आवडलीमीनाने राधाला बाहुली देऊन टाकली राधाने मीनाला खाऊ दिला दोघी खूपच खूष झाल्या त्यांनी,खाऊ आणला होता मीना दिवशी मिळालेली बाहुली राने दाखवली राधाला बाहुली खूप खूपच आवडली मीनाने राधाला बाहुली दे देऊन टाकली राधाने मीनाला खाऊ दिला दोघी खूपच खूपच खुश झाल्या त्यांनी
/home/hp/Indain_children_spech/ASER-Dataset/audio_processed/chunks/Marathi MH/225/MR_S3_ST_0_chunk2.wav,Marathi,एकमेकींना टाळ्या दिल्या टाळ्या देता देता हसू लागल्या,एकमेकींना टाळ्या दिल्या टाळ्या देता देता हसू लागल्या,एकमेकींना टाळ्या दिल्या टाळ्या देता देता हसू लागल्या,एकमेकींना टाळ्या दिल्या टाळ्या देता देता हसू लागल्या
/home/hp/Indain_children_spech/ASER-Dataset/audio_processed/chunks/Marathi MH/233/MR_S4_ST_0_chunk0.wav,Marathi,एक होती आजी एकदा तिला तिच्या बहिणीचे पत्र आले आजीला तिने आपल्या घरी पूजेला बोलाविले होते आजीने आपल्या सामानाचे गाठोडे बांधले निघताना तिने घराला कुलूप लावले ती प्रवासाला पायी,एक होती आजी एकदा तिला तिच्या बहिणीचे पत्र आले आजीला तिने आपल्या घरी पूजेला बोलाविले होते आजीने आपल्या सामानाचे गाठोडे बांधले निघतना तिने घराला फ कुलूप लावले ती प्रका साला पाई,एक होती आजी एकदा तिला तिच्या बहिणीचे पत्र आले आजीला तिने आपल्या घरी पूजेला बोलाविले होते आजीने आपल्या सामानाचे गाठोडे बांधले निघताना तिने घराला कुलूप लावले ती प्रवासाला पायी,एक होती आजी एकदा तिला तिच्या बहिणीचे पत्र आले आजीला तिने आपल्या घरी पूजेला बोलाविले होते आजीने आपल्या सामानाचे गाठोडे बांधले निघतना तिने घराला फ कुलूप लावले ती प्रका साला पाई
/home/hp/Indain_children_spech/ASER-Dataset/audio_processed/chunks/Marathi MH/233/MR_S4_ST_0_chunk1.wav,Marathi,निघाली वाटेत आजीला झरा दिसला चालून चालून थकल्याने ती झऱ्याकाठी बसली थोडे खाऊन तिने थंड पाणी प्यायले आणि ती झोपी गेली काहीं वेळाने समोरून एक,निघाली वाटेत आजीला झरा दिसला चालून चालून थकल्याने ती झऱ्या काठी बसली थोडे जाऊ थोडे जाऊन तिथे थंड पाणी प्यायले प्यायले आणि ती झोपी गेली काही काही वेळाने समोरून एकका एक,निघाली वाटेत आजीला झरा दिसला चालून चालून थकल्याने ती झऱ्याकाठी बसली थोडे खाऊन तिने थंड पाणी प्यायले आणि ती झोपी गेली काहीं वेळाने समोरून एक,निघाली वाटेत आजीला झरा दिसला चालून चालून थकल्याने ती झऱ्या काठी बसली थोडे जाऊ थोडे जाऊन तिथे थंड पाणी प्यायले प्यायले आणि ती झोपी गेली काही काही वेळाने समोरून एकका एक
/home/hp/Indain_children_spech/ASER-Dataset/audio_processed/chunks/Marathi MH/233/MR_S4_ST_0_chunk2.wav,Marathi,टांगा आला टांग्यातील माणसाने तिला बहिणीकडे सोडले आजीने त्याचे आभार मानले आणि ती घरात गेली,टांगा आला टां टांग्यातील माणसाने तिला बहिणीकडे सोडून आजीने त्याचे आभार मानले आणि ती घरी गेली,टांगा आला टांग्यातील माणसाने तिला बहिणीकडे सोडले आजीने त्याचे आभार मानले आणि ती घरात गेली,टांगा आला टां टांग्यातील माणसाने तिला बहिणीकडे सोडून आजीने त्याचे आभार मानले आणि ती घरी गेली
/home/hp/Indain_children_spech/ASER-Dataset/audio_processed/chunks/Marathi MH/241/MR_S4_ST_0_chunk0.wav,Marathi,एक होती आजी एकदा तिला तिच्या बहिणीचे पत्र आले आजीला तिने आपल्या घरी पूजेला बोलाविले होते आजीने आपल्या सामानाचे गाठोडे बांधले निघताना तिने घराला कुलूप लावले ती प्रवासाला पायी निघाली वाटेत आजीला झरा दिसला,एक होती आजी एकदा तिला तिच्या बहिणीचे पत्र आले आजीला तिने आपल्या घरी पूजेला बोलाविले होते आजीने आपल्या सामनाचे काढोडे बांधले नि निघताना तिने घराला कुलूप लावले ती प्र प्रवासाला पायी निघाली वाटेत आजीला झरा दिसला,एक होती आजी एकदा तिला तिच्या बहिणीचे पत्र आले आजीला तिने आपल्या घरी पूजेला बोलाविले होते आजीने आपल्या सामानाचे गाठोडे बांधले निघताना तिने घराला कुलूप लावले ती प्रवासाला पायी निघाली वाटेत आजीला झरा दिसला,एक होती आजी एकदा तिला तिच्या बहिणीचे पत्र आले आजीला तिने आपल्या घरी पूजेला बोलाविले होते आजीने आपल्या सामनाचे काढोडे बांधले नि निघताना तिने घराला कुलूप लावले ती प्र प्रवासाला पायी निघाली वाटेत आजीला झरा दिसला
/home/hp/Indain_children_spech/ASER-Dataset/audio_processed/chunks/Marathi MH/241/MR_S4_ST_0_chunk1.wav,Marathi,चालून चालून थकल्याने ती झऱ्याकाठी बसली थोडे खाऊन तिने थंड पाणी प्यायले आणि ती झोपी गेली काहीं वेळाने समोरून एक टांगा आला टांग्यातील माणसाने तिला बहिणीकडे सोडले आजीने त्याचे आभार मानले आणि ती घरात गेली,चालून चालून थकल्याने ती झऱ्या काठी बसली थोडे खाऊन तिने थंड पाणी प्यायले आणि ती झोपी गेली काही वेळाने समोरून एक टांगा आला टांग्यातील माणसाने तिला बहिणीकडे सोडले आजीत त्यांचे आभार मानले आणि ती घरात गेली,चालून चालून थकल्याने ती झऱ्याकाठी बसली थोडे खाऊन तिने थंड पाणी प्यायले आणि ती झोपी गेली काहीं वेळाने समोरून एक टांगा आला टांग्यातील माणसाने तिला बहिणीकडे सोडले आजीने त्याचे आभार मानले आणि ती घरात गेली,चालून चालून थकल्याने ती झऱ्या काठी बसली थोडे खाऊन तिने थंड पाणी प्यायले आणि ती झोपी गेली काही वेळाने समोरून एक टांगा आला टांग्यातील माणसाने तिला बहिणीकडे सोडले आजीत त्यांचे आभार मानले आणि ती घरात गेली
/home/hp/Indain_children_spech/ASER-Dataset/audio_processed/chunks/Marathi MH/253/MR_S4_ST_0_chunk0.wav,Marathi,एक होती आजी एकदा तिला तिच्या बहिणीचे पत्र आले आजीला तिने आपल्या घरी पूजेला बोलाविले होते आजीने आपल्या सामानाचे गाठोडे बांधले निघताना तिने घराला कुलूप लावले ती प्रवासाला पायी निघाली वाटेत आजीला झरा दिसला चालून,चे गठे बांधले निघताना तिने घराला कुलूप लावले ती प्रवासाला पाय निघाली वाटेत आजी आजीला जरा दिसला चालून,एक होती आजी एकदा तिला तिच्या बहिणीचे पत्र आले आजीला तिने आपल्या घरी पूजेला बोलाविले होते आजीने आपल्या सामानाचे गाठोडे बांधले निघताना तिने घराला कुलूप लावले ती प्रवासाला पायी निघाली वाटेत आजीला झरा दिसला चालून,चे गठे बांधले निघताना तिने घराला कुलूप लावले ती प्रवासाला पाय निघाली वाटेत आजी आजीला जरा दिसला चालून
/home/hp/Indain_children_spech/ASER-Dataset/audio_processed/chunks/Marathi MH/253/MR_S4_ST_0_chunk1.wav,Marathi,चालून थकल्याने ती झऱ्याकाठी बसली थोडे खाऊन तिने थंड पाणी प्यायले आणि ती झोपी गेली काहीं वेळाने समोरून एक टांगा आला टांग्यातील माणसाने तिला बहिणीकडे सोडले आजीने त्याचे आभार मानले आणि ती घरात गेली,चालून थकल्याने ती जऱ्या काठी बसली थोडे खाऊन तिने थंड पाणी प्यायचे आणि ती झोपी गेली काही वेळाने समोरून एक टांगा आला टांगेतील माणसांने तिला बहिणीकडे सोडले आजीने त्यांचे आभार मानले आणि ती घरात गेली,चालून थकल्याने ती झऱ्याकाठी बसली थोडे खाऊन तिने थंड पाणी प्यायले आणि ती झोपी गेली काहीं वेळाने समोरून एक टांगा आला टांग्यातील माणसाने तिला बहिणीकडे सोडले आजीने त्याचे आभार मानले आणि ती घरात गेली,चालून थकल्याने ती जऱ्या काठी बसली थोडे खाऊन तिने थंड पाणी प्यायचे आणि ती झोपी गेली काही वेळाने समोरून एक टांगा आला टांगेतील माणसांने तिला बहिणीकडे सोडले आजीने त्यांचे आभार मानले आणि ती घरात गेली
/home/hp/Indain_children_spech/ASER-Dataset/audio_processed/chunks/Marathi MH/255/MR_S1_ST_0_chunk0.wav,Marathi,दाजी आजोबा आजारी असतात ते खूप थकलेले दिसतात हल्ली त्यांना नीट दिसत नाहीआजोबांचा नातू रमेश त्यांची खूप काळजी घेतो त्यांना खूप,दाजी आजोबा आ आजारी असतात ते खू खूप सकलेले दिसतात हल्ली त्यांना नट दिव दिसत नाही आजोबा आजोबांचा नातू रमेश त्यांची खूप काळजी घेतो त्यांना खूप,दाजी आजोबा आजारी असतात ते खूप थकलेले दिसतात हल्ली त्यांना नीट दिसत नाहीआजोबांचा नातू रमेश त्यांची खूप काळजी घेतो त्यांना खूप,दाजी आजोबा आ आजारी असतात ते खू खूप सकलेले दिसतात हल्ली त्यांना नट दिव दिसत नाही आजोबा आजोबांचा नातू रमेश त्यांची खूप काळजी घेतो त्यांना खूप
/home/hp/Indain_children_spech/ASER-Dataset/audio_processed/chunks/Marathi MH/255/MR_S1_ST_0_chunk1.wav,Marathi,खोकलाही झाला आहे रमेश त्यांना वेळेवर औषध देतो नीट दिसत नसल्यामुळे आजोबा घरात बसून असतात रमेश त्यांच्या हाताला धरून घरातल्या घरात,खोकळाही झाला आहे रमेश त्यांना वेळेवर औषध देतो नित दिवस न नसवल्यामुळे आजोबा घरात बसून बसून असतात रमेश त्यांच्या हाताला धरून घरात घरतल्या घरात,खोकलाही झाला आहे रमेश त्यांना वेळेवर औषध देतो नीट दिसत नसल्यामुळे आजोबा घरात बसून असतात रमेश त्यांच्या हाताला धरून घरातल्या घरात,खोकळाही झाला आहे रमेश त्यांना वेळेवर औषध देतो नित दिवस न नसवल्यामुळे आजोबा घरात बसून बसून असतात रमेश त्यांच्या हाताला धरून घरात घरतल्या घरात
/home/hp/Indain_children_spech/ASER-Dataset/audio_processed/chunks/Marathi MH/255/MR_S1_ST_0_chunk2.wav,Marathi,फिरवतो घरात बसून आजोबा जुनी गाणी ऐकतात त्यांना नवीन गाणीही ऐकायला आवडतात आजोबांना बरे वाटल्यावर दोघे लांबवर,फिरतो घरात बसून आजोबा जुनी गाणी ऐकतात त्यांना ज जनना ह एऐकायला ऐकायला आवडत आवडतात आजोबांना बरे वाटवल्या व दोघे आ बंग,फिरवतो घरात बसून आजोबा जुनी गाणी ऐकतात त्यांना नवीन गाणीही ऐकायला आवडतात आजोबांना बरे वाटल्यावर दोघे लांबवर,फिरतो घरात बसून आजोबा जुनी गाणी ऐकतात त्यांना ज जनना ह एऐकायला ऐकायला आवडत आवडतात आजोबांना बरे वाटवल्या व दोघे आ बंग
/home/hp/Indain_children_spech/ASER-Dataset/audio_processed/chunks/Marathi MH/255/MR_S1_ST_0_chunk3.wav,Marathi,फिरायला जाणार आहेत,फिरायला जा जाणार आहेत,फिरायला जाणार आहेत,फिरायला जा जाणार आहेत
/home/hp/Indain_children_spech/ASER-Dataset/audio_processed/chunks/Marathi MH/290/MR_S1_ST_0_chunk0.wav,Marathi,दाजी आजोबा आजारी असतात ते खूप थकलेले दिसतात हल्ली त्यांना नीट दिसत नाहीआजोबांचा नातू रमेश त्यांची खूप काळजी घेतो त्यांना खूप खोकलाही झाला आहे रमेश त्यांना वेळेवर औषध देतो नीट दिसत नसल्यामुळे आजोबा घरात बसून,े आजोबा आजारी असतात खूप दितात हल्लीना नीट दिसत नाही आजोब आजोबांचा नातू रमेश त्यांची खूप काळजी घेतो त्यांना खूप खोकलाही झाला आहे रमेश त्यांना वेळेवर औषध देतो नीट दिसत नसल्यामुळे आजोबा घरात बसून,दाजी आजोबा आजारी असतात ते खूप थकलेले दिसतात हल्ली त्यांना नीट दिसत नाहीआजोबांचा नातू रमेश त्यांची खूप काळजी घेतो त्यांना खूप खोकलाही झाला आहे रमेश त्यांना वेळेवर औषध देतो नीट दिसत नसल्यामुळे आजोबा घरात बसून,े आजोबा आजारी असतात खूप दितात हल्लीना नीट दिसत नाही आजोब आजोबांचा नातू रमेश त्यांची खूप काळजी घेतो त्यांना खूप खोकलाही झाला आहे रमेश त्यांना वेळेवर औषध देतो नीट दिसत नसल्यामुळे आजोबा घरात बसून
/home/hp/Indain_children_spech/ASER-Dataset/audio_processed/chunks/Marathi MH/290/MR_S1_ST_0_chunk1.wav,Marathi,असतात रमेश त्यांच्या हाताला धरून घरातल्या घरात फिरवतो घरात बसून आजोबा जुनी गाणी ऐकतात त्यांना नवीन गाणीही ऐकायला आवडतात आजोबांना बरे वाटल्यावर दोघे लांबवर फिरायला जाणार आहेत,जोबा जुनी गाणी ऐकतात त्यांना नवीन गाणी ह ऐकायला आवडतात आजोबांना बरे वाटल्यावर दोघे लांबवर फिरायला जाणार आहेत,असतात रमेश त्यांच्या हाताला धरून घरातल्या घरात फिरवतो घरात बसून आजोबा जुनी गाणी ऐकतात त्यांना नवीन गाणीही ऐकायला आवडतात आजोबांना बरे वाटल्यावर दोघे लांबवर फिरायला जाणार आहेत,जोबा जुनी गाणी ऐकतात त्यांना नवीन गाणी ह ऐकायला आवडतात आजोबांना बरे वाटल्यावर दोघे लांबवर फिरायला जाणार आहेत
/home/hp/Indain_children_spech/ASER-Dataset/audio_processed/chunks/Marathi MH/299/MR_S4_ST_0_chunk0.wav,Marathi,एक होती आजी एकदा तिला तिच्या बहिणीचे पत्र आले आजीला तिने आपल्या घरी पूजेला बोलाविले होते आजीने आपल्या सामानाचे गाठोडे बांधले निघताना तिने घराला कुलूप लावले ती,आजीने आजीने आपल्या सामानाचे गाठोडे बांधले निघताना तिने घरात घराला कुलप लावले ती,एक होती आजी एकदा तिला तिच्या बहिणीचे पत्र आले आजीला तिने आपल्या घरी पूजेला बोलाविले होते आजीने आपल्या सामानाचे गाठोडे बांधले निघताना तिने घराला कुलूप लावले ती,आजीने आजीने आपल्या सामानाचे गाठोडे बांधले निघताना तिने घरात घराला कुलप लावले ती
/home/hp/Indain_children_spech/ASER-Dataset/audio_processed/chunks/Marathi MH/299/MR_S4_ST_0_chunk1.wav,Marathi,प्रवासाला पायी निघाली वाटेत आजीला झरा दिसला चालून चालून थकल्याने ती झऱ्याकाठी बसली थोडे खाऊन तिने थंड पाणी प्यायले आणि ती झोपी गेली काहीं वेळाने समोरून एक टांगा,पाीथने झऱ्याकाठी बसली थोडे जाऊून तिने थंड पाणी प्यायले आणि आणि ती झोपी गेली काही वेळाने समोर समोरून एक टांगा,प्रवासाला पायी निघाली वाटेत आजीला झरा दिसला चालून चालून थकल्याने ती झऱ्याकाठी बसली थोडे खाऊन तिने थंड पाणी प्यायले आणि ती झोपी गेली काहीं वेळाने समोरून एक टांगा,पाीथने झऱ्याकाठी बसली थोडे जाऊून तिने थंड पाणी प्यायले आणि आणि ती झोपी गेली काही वेळाने समोर समोरून एक टांगा
/home/hp/Indain_children_spech/ASER-Dataset/audio_processed/chunks/Marathi MH/299/MR_S4_ST_0_chunk2.wav,Marathi,आला टांग्यातील माणसाने तिला बहिणीकडे सोडले आजीने त्याचे आभार मानले आणि ती घरात गेली,टांग्या तिला मानसने तिला बहिणी कडे सोडले आजीने त्याचे आभार मानले आणि ती घरात गेली,आला टांग्यातील माणसाने तिला बहिणीकडे सोडले आजीने त्याचे आभार मानले आणि ती घरात गेली,टांग्या तिला मानसने तिला बहिणी कडे सोडले आजीने त्याचे आभार मानले आणि ती घरात गेली
/home/hp/Indain_children_spech/ASER-Dataset/audio_processed/chunks/Marathi MH/366/MR_S3_ST_0_chunk0.wav,Marathi,मीना शाळेतून घरी आली ती घरात एकटीच होती तिला करमत नव्हते मग मीनाने वाढदिवशी बाबांनी दिलेली बाहुली कपाटातून काढली ती बाहुली घेऊन खेळायला लागली थोड्या वेळाने राधा आली तिने खाऊ आणला होता मीनाने वाढदिवशी मिळालेली बाहुली राधाला दाखविली राधाला बाहुली खूपच आवडलीमीनाने राधाला बाहुली देऊन टाकली राधाने मीनाला खाऊ दिला,मीना शाळेतून घरी आली ती घरात एकटीच होती तिला करमत नव्हते मग मीनाने वाढदिवशी बाबांनी दिलेली बावली कपाटातून काढली ती बावली घेऊन खेळायला लागली थोड्या वेळाने राधा आली तिने खाऊ आणला होता मीनाने वाढदिवस वाढदिवशी मिळालेली बावली राधाला दाखवली राधाला बावली खूपच आवडली मीनाने राधाला बावली देऊन टाकली राधाने मीनाला खाऊ दिला,मीना शाळेतून घरी आली ती घरात एकटीच होती तिला करमत नव्हते मग मीनाने वाढदिवशी बाबांनी दिलेली बाहुली कपाटातून काढली ती बाहुली घेऊन खेळायला लागली थोड्या वेळाने राधा आली तिने खाऊ आणला होता मीनाने वाढदिवशी मिळालेली बाहुली राधाला दाखविली राधाला बाहुली खूपच आवडलीमीनाने राधाला बाहुली देऊन टाकली राधाने मीनाला खाऊ दिला,मीना शाळेतून घरी आली ती घरात एकटीच होती तिला करमत नव्हते मग मीनाने वाढदिवशी बाबांनी दिलेली बावली कपाटातून काढली ती बावली घेऊन खेळायला लागली थोड्या वेळाने राधा आली तिने खाऊ आणला होता मीनाने वाढदिवस वाढदिवशी मिळालेली बावली राधाला दाखवली राधाला बावली खूपच आवडली मीनाने राधाला बावली देऊन टाकली राधाने मीनाला खाऊ दिला
/home/hp/Indain_children_spech/ASER-Dataset/audio_processed/chunks/Marathi MH/366/MR_S3_ST_0_chunk1.wav,Marathi,दोघी खूपच खूष झाल्या त्यांनी एकमेकींना टाळ्या दिल्या टाळ्या देता देता हसू लागल्या,दोघी खूपच खूपच खुश झाल्या त्यांनी एकमेकींना टाळ्या दिल्या टाळ्या देता देता हसू लागल्या,दोघी खूपच खूष झाल्या त्यांनी एकमेकींना टाळ्या दिल्या टाळ्या देता देता हसू लागल्या,दोघी खूपच खूपच खुश झाल्या त्यांनी एकमेकींना टाळ्या दिल्या टाळ्या देता देता हसू लागल्या
/home/hp/Indain_children_spech/ASER-Dataset/audio_processed/chunks/Marathi MH/38/MR_S2_ST_0_chunk0.wav,Marathi,एका गावात एक आजीबाई राहत होती आजीचे घर छोटे होते घरासमोर मोठी फुलबाग होती बागेत गुलाब जाईजुई अबोली झेंडूची फुलझाडे होती मोठीमोठी आंब्याची फणसाची झाडे होती झाडांवर पक्ष्यांची घरटी होती हिरवेकोवळे गवत होते आजीची बाग सुंदर होती संध्याकाळ होताच गावातील मुले बागेमध्ये,आजीबाई राहत होती आजीचे घर छोटे होते घरसमोर,एका गावात एक आजीबाई राहत होती आजीचे घर छोटे होते घरासमोर मोठी फुलबाग होती बागेत गुलाब जाईजुई अबोली झेंडूची फुलझाडे होती मोठीमोठी आंब्याची फणसाची झाडे होती झाडांवर पक्ष्यांची घरटी होती हिरवेकोवळे गवत होते आजीची बाग सुंदर होती संध्याकाळ होताच गावातील मुले बागेमध्ये,आजीबाई राहत होती आजीचे घर छोटे होते घरसमोर
/home/hp/Indain_children_spech/ASER-Dataset/audio_processed/chunks/Marathi MH/38/MR_S2_ST_0_chunk1.wav,Marathi,खेळायला येत असत ती भरपूर मजा करत मुलांना खेळताना बघून आजीला आनंद होई आजीबाई संध्याकाळी मुलांना गोष्टी सांगत असे त्यामुळे मुलांनादेखील आजीबाई खूप आवडे,मोठी फुलवाग होती,खेळायला येत असत ती भरपूर मजा करत मुलांना खेळताना बघून आजीला आनंद होई आजीबाई संध्याकाळी मुलांना गोष्टी सांगत असे त्यामुळे मुलांनादेखील आजीबाई खूप आवडे,मोठी फुलवाग होती
/home/hp/Indain_children_spech/ASER-Dataset/audio_processed/chunks/Marathi MH/420/MR_S3_ST_0_chunk0.wav,Marathi,मीना शाळेतून घरी आली ती घरात एकटीच होती तिला करमत नव्हते मग मीनाने वाढदिवशी बाबांनी दिलेली बाहुली कपाटातून काढली ती बाहुली घेऊन खेळायला लागली थोड्या वेळाने राधा आली तिने खाऊ आणला होता मीनाने वाढदिवशी मिळालेली बाहुली राधाला दाखविली राधाला बाहुली खूपच आवडलीमीनाने राधाला बाहुली देऊन टाकली राधाने मीनाला खाऊ दिला,मीना शाळेतून घरी आली ती घात होती तिला करमत नव्हते मग मीनाने वाढती श बाबांनी दिली ती बाउली कपाटातून काढली ती बावली घेऊन खेळायला लागली थोड्या वेळा राधा आली तिने खाऊ आणला होता मीनाने वाढते शी मिळलेली बाऊली राधाला दली राधाला बाऊली खूपच आवडली मीनाने राधाला बाऊली देऊन टाकली राधा मीनाला खाऊ दिला,मीना शाळेतून घरी आली ती घरात एकटीच होती तिला करमत नव्हते मग मीनाने वाढदिवशी बाबांनी दिलेली बाहुली कपाटातून काढली ती बाहुली घेऊन खेळायला लागली थोड्या वेळाने राधा आली तिने खाऊ आणला होता मीनाने वाढदिवशी मिळालेली बाहुली राधाला दाखविली राधाला बाहुली खूपच आवडलीमीनाने राधाला बाहुली देऊन टाकली राधाने मीनाला खाऊ दिला,मीना शाळेतून घरी आली ती घात होती तिला करमत नव्हते मग मीनाने वाढती श बाबांनी दिली ती बाउली कपाटातून काढली ती बावली घेऊन खेळायला लागली थोड्या वेळा राधा आली तिने खाऊ आणला होता मीनाने वाढते शी मिळलेली बाऊली राधाला दली राधाला बाऊली खूपच आवडली मीनाने राधाला बाऊली देऊन टाकली राधा मीनाला खाऊ दिला
/home/hp/Indain_children_spech/ASER-Dataset/audio_processed/chunks/Marathi MH/420/MR_S3_ST_0_chunk1.wav,Marathi,दोघी खूपच खूष झाल्या त्यांनी एकमेकींना टाळ्या दिल्या टाळ्या देता देता हसू लागल्या,दोघी खूपच खुश झाल्या त्यांनी एकमेकीांना टाळ्या टाळ देता देता असू लागल्या,दोघी खूपच खूष झाल्या त्यांनी एकमेकींना टाळ्या दिल्या टाळ्या देता देता हसू लागल्या,दोघी खूपच खुश झाल्या त्यांनी एकमेकीांना टाळ्या टाळ देता देता असू लागल्या
/home/hp/Indain_children_spech/ASER-Dataset/audio_processed/chunks/Marathi MH/430/MR_S3_ST_0_chunk0.wav,Marathi,मीना शाळेतून घरी आली ती घरात एकटीच होती तिला करमत नव्हते मग मीनाने वाढदिवशी बाबांनी,मीना शाळेतून घरी आली ती घरात एकटीत एकटीच होती तिला करमत नव्हते मग तिना तिनाने वाढ वाढती वषी बाबांनी,मीना शाळेतून घरी आली ती घरात एकटीच होती तिला करमत नव्हते मग मीनाने वाढदिवशी बाबांनी,मीना शाळेतून घरी आली ती घरात एकटीत एकटीच होती तिला करमत नव्हते मग तिना तिनाने वाढ वाढती वषी बाबांनी
/home/hp/Indain_children_spech/ASER-Dataset/audio_processed/chunks/Marathi MH/430/MR_S3_ST_0_chunk1.wav,Marathi,दिलेली बाहुली कपाटातून काढली ती बाहुली घेऊन खेळायला लागली थोड्या वेळाने राधा आली तिने खाऊ आणला होता,दिलेली बाऊली कपाटतून काढली ती पाून पाऊ बाउली घेऊन खेळायला लागली थोड्या वेळाने राधा आली तिने खाऊ आणला होता,दिलेली बाहुली कपाटातून काढली ती बाहुली घेऊन खेळायला लागली थोड्या वेळाने राधा आली तिने खाऊ आणला होता,दिलेली बाऊली कपाटतून काढली ती पाून पाऊ बाउली घेऊन खेळायला लागली थोड्या वेळाने राधा आली तिने खाऊ आणला होता
/home/hp/Indain_children_spech/ASER-Dataset/audio_processed/chunks/Marathi MH/430/MR_S3_ST_0_chunk2.wav,Marathi,मीनाने वाढदिवशी मिळालेली बाहुली राधाला दाखविली राधाला बाहुली खूपच आवडलीमीनाने राधाला बाहुली,मीनाने वाढदिवशीी मिळालेली बाऊली रा राधाला दा दाखविली दाखवली राधाला बाऊली खूपच खूपच आवडली मी मी नाने मीनाने राधाला बाऊली,मीनाने वाढदिवशी मिळालेली बाहुली राधाला दाखविली राधाला बाहुली खूपच आवडलीमीनाने राधाला बाहुली,मीनाने वाढदिवशीी मिळालेली बाऊली रा राधाला दा दाखविली दाखवली राधाला बाऊली खूपच खूपच आवडली मी मी नाने मीनाने राधाला बाऊली
/home/hp/Indain_children_spech/ASER-Dataset/audio_processed/chunks/Marathi MH/430/MR_S3_ST_0_chunk3.wav,Marathi,देऊन टाकली राधाने मीनाला खाऊ दिला दोघी खूपच खूष झाल्या त्यांनी एकमेकींना टाळ्या दिल्या टाळ्या,देऊन टाकली राजने मीनाला खाऊ दिला दोघी खू खूपच खुश झाल्या त्यांनी त्यांनी एकमेकीला एकमेकीना टाळ्या दिल्या टाळ्या,देऊन टाकली राधाने मीनाला खाऊ दिला दोघी खूपच खूष झाल्या त्यांनी एकमेकींना टाळ्या दिल्या टाळ्या,देऊन टाकली राजने मीनाला खाऊ दिला दोघी खू खूपच खुश झाल्या त्यांनी त्यांनी एकमेकीला एकमेकीना टाळ्या दिल्या टाळ्या
/home/hp/Indain_children_spech/ASER-Dataset/audio_processed/chunks/Marathi MH/430/MR_S3_ST_0_chunk4.wav,Marathi,देता देता हसू लागल्या,देता देता हसू लागल्या,देता देता हसू लागल्या,देता देता हसू लागल्या
/home/hp/Indain_children_spech/ASER-Dataset/audio_processed/chunks/Marathi MH/436/MR_S1_ST_0_chunk0.wav,Marathi,दाजी आजोबा आजारी असतात ते खूप थकलेले दिसतात हल्ली त्यांना नीट दिसत नाहीआजोबांचा नातू रमेश त्यांची खूप काळजी घेतो त्यांना खूप खोकलाही झाला आहे रमेश त्यांना वेळेवर औषध देतो नीट दिसत नसल्यामुळे आजोबा घरात बसून असतात रमेश त्यांच्या हाताला धरून घरातल्या,आजोबा आजारीतात हल् नीट दिसत नाही आजोबच्या ना खूप काळजी घेतो त्यांना खूप खोकला ह झाला आहे रमेश त्यांना वेळेवर औषध देत नीट दिसत नसल्यामुळे आजोबा घरात बसून असतात रमेश त्यांच्या हाताला धरून घ घरातले घरातले घरातल्या,दाजी आजोबा आजारी असतात ते खूप थकलेले दिसतात हल्ली त्यांना नीट दिसत नाहीआजोबांचा नातू रमेश त्यांची खूप काळजी घेतो त्यांना खूप खोकलाही झाला आहे रमेश त्यांना वेळेवर औषध देतो नीट दिसत नसल्यामुळे आजोबा घरात बसून असतात रमेश त्यांच्या हाताला धरून घरातल्या,आजोबा आजारीतात हल् नीट दिसत नाही आजोबच्या ना खूप काळजी घेतो त्यांना खूप खोकला ह झाला आहे रमेश त्यांना वेळेवर औषध देत नीट दिसत नसल्यामुळे आजोबा घरात बसून असतात रमेश त्यांच्या हाताला धरून घ घरातले घरातले घरातल्या
/home/hp/Indain_children_spech/ASER-Dataset/audio_processed/chunks/Marathi MH/436/MR_S1_ST_0_chunk1.wav,Marathi,घरात फिरवतो घरात बसून आजोबा जुनी गाणी ऐकतात त्यांना नवीन गाणीही ऐकायला आवडतात आजोबांना बरे वाटल्यावर दोघे लांबवर फिरायला जाणार आहेत,ो घातून आजोबा आजोबा जुनी गाणी ऐकतात त्यांना नवीन गाणी हे ऐक ऐकायला आवडतात आजोबांना बरे वाटल्यावर दोघे लांब वर फि फिरायला जाणार आहे,घरात फिरवतो घरात बसून आजोबा जुनी गाणी ऐकतात त्यांना नवीन गाणीही ऐकायला आवडतात आजोबांना बरे वाटल्यावर दोघे लांबवर फिरायला जाणार आहेत,ो घातून आजोबा आजोबा जुनी गाणी ऐकतात त्यांना नवीन गाणी हे ऐक ऐकायला आवडतात आजोबांना बरे वाटल्यावर दोघे लांब वर फि फिरायला जाणार आहे
/home/hp/Indain_children_spech/ASER-Dataset/audio_processed/chunks/Marathi MH/473/MR_S2_ST_0_chunk0.wav,Marathi,एका गावात एक आजीबाई राहत होती आजीचे घर छोटे होते घरासमोर मोठी फुलबाग होती बागेत गुलाब जाईजुई अबोली झेंडूची फुलझाडे होती मोठीमोठी,ाात आजीबाई कात होती,एका गावात एक आजीबाई राहत होती आजीचे घर छोटे होते घरासमोर मोठी फुलबाग होती बागेत गुलाब जाईजुई अबोली झेंडूची फुलझाडे होती मोठीमोठी,ाात आजीबाई कात होती
/home/hp/Indain_children_spech/ASER-Dataset/audio_processed/chunks/Marathi MH/473/MR_S2_ST_0_chunk1.wav,Marathi,आंब्याची फणसाची झाडे होती झाडांवर पक्ष्यांची घरटी होती हिरवेकोवळे गवत होते आजीची बाग सुंदर होती संध्याकाळ होताच गावातील मुले बागेमध्ये खेळायला येत असत ती,जीचे घर छटे होते घरासमोर मोठी पलबाग हो,आंब्याची फणसाची झाडे होती झाडांवर पक्ष्यांची घरटी होती हिरवेकोवळे गवत होते आजीची बाग सुंदर होती संध्याकाळ होताच गावातील मुले बागेमध्ये खेळायला येत असत ती,जीचे घर छटे होते घरासमोर मोठी पलबाग हो
/home/hp/Indain_children_spech/ASER-Dataset/audio_processed/chunks/Marathi MH/473/MR_S2_ST_0_chunk2.wav,Marathi,भरपूर मजा करत मुलांना खेळताना बघून आजीला आनंद होई आजीबाई संध्याकाळी मुलांना गोष्टी सांगत असे त्यामुळे मुलांनादेखील आजीबाई खूप आवडे,बाजेत गु लाब जाई जुईमली जेडुची लू जाडे होती,भरपूर मजा करत मुलांना खेळताना बघून आजीला आनंद होई आजीबाई संध्याकाळी मुलांना गोष्टी सांगत असे त्यामुळे मुलांनादेखील आजीबाई खूप आवडे,बाजेत गु लाब जाई जुईमली जेडुची लू जाडे होती
/home/hp/Indain_children_spech/ASER-Dataset/audio_processed/chunks/Marathi MH/48/MR_S4_ST_0_chunk0.wav,Marathi,एक होती आजी एकदा तिला तिच्या बहिणीचे पत्र आले आजीला तिने आपल्या घरी पूजेला बोलाविले होते आजीने आपल्या सामानाचे गाठोडे बांधले निघताना तिने घराला कुलूप लावले ती प्रवासाला,मानाचे गाठोडे बांधले निघताना तिने घराला कुलूप लावले ती प्रवासाला,एक होती आजी एकदा तिला तिच्या बहिणीचे पत्र आले आजीला तिने आपल्या घरी पूजेला बोलाविले होते आजीने आपल्या सामानाचे गाठोडे बांधले निघताना तिने घराला कुलूप लावले ती प्रवासाला,मानाचे गाठोडे बांधले निघताना तिने घराला कुलूप लावले ती प्रवासाला
/home/hp/Indain_children_spech/ASER-Dataset/audio_processed/chunks/Marathi MH/48/MR_S4_ST_0_chunk1.wav,Marathi,पायी निघाली वाटेत आजीला झरा दिसला चालून चालून थकल्याने ती झऱ्याकाठी बसली थोडे खाऊन तिने थंड पाणी प्यायले आणि ती झोपी गेली काहीं वेळाने समोरून एक,घाठी बसली थोडे खाऊन तिने थंड पाणी प प्याले आणि ती झोपी झोपी गेली काही वेळाने समोरून एक,पायी निघाली वाटेत आजीला झरा दिसला चालून चालून थकल्याने ती झऱ्याकाठी बसली थोडे खाऊन तिने थंड पाणी प्यायले आणि ती झोपी गेली काहीं वेळाने समोरून एक,घाठी बसली थोडे खाऊन तिने थंड पाणी प प्याले आणि ती झोपी झोपी गेली काही वेळाने समोरून एक
/home/hp/Indain_children_spech/ASER-Dataset/audio_processed/chunks/Marathi MH/48/MR_S4_ST_0_chunk2.wav,Marathi,टांगा आला टांग्यातील माणसाने तिला बहिणीकडे सोडले आजीने त्याचे आभार मानले आणि ती घरात गेली,टांगा आला त्या टांगेतील माणसांने तिला बहिणीकडे सोड सोडले आजीने त्याचे आभार मानले आणि ती घरात गेली,टांगा आला टांग्यातील माणसाने तिला बहिणीकडे सोडले आजीने त्याचे आभार मानले आणि ती घरात गेली,टांगा आला त्या टांगेतील माणसांने तिला बहिणीकडे सोड सोडले आजीने त्याचे आभार मानले आणि ती घरात गेली
/home/hp/Indain_children_spech/ASER-Dataset/audio_processed/chunks/Marathi MH/484/MR_S4_ST_0_chunk0.wav,Marathi,एक होती आजी एकदा तिला तिच्या बहिणीचे पत्र आले आजीला तिने आपल्या घरी पूजेला,होती आजी एकदा त तिच्या बहिणीचे ब पत्र आले आजीला तिने आपल्या घरी पूजेला,एक होती आजी एकदा तिला तिच्या बहिणीचे पत्र आले आजीला तिने आपल्या घरी पूजेला,होती आजी एकदा त तिच्या बहिणीचे ब पत्र आले आजीला तिने आपल्या घरी पूजेला
/home/hp/Indain_children_spech/ASER-Dataset/audio_processed/chunks/Marathi MH/484/MR_S4_ST_0_chunk1.wav,Marathi,बोलाविले होते आजीने आपल्या सामानाचे गाठोडे बांधले निघताना तिने घराला कुलूप लावले ती प्रवासाला पायी,बोलाविले होत्या आजीने आप आपल्या सामानाचे गाठेने बांधले नि निघताना तिने घराला कुलुपलापली,बोलाविले होते आजीने आपल्या सामानाचे गाठोडे बांधले निघताना तिने घराला कुलूप लावले ती प्रवासाला पायी,बोलाविले होत्या आजीने आप आपल्या सामानाचे गाठेने बांधले नि निघताना तिने घराला कुलुपलापली
/home/hp/Indain_children_spech/ASER-Dataset/audio_processed/chunks/Marathi MH/484/MR_S4_ST_0_chunk2.wav,Marathi,निघाली वाटेत आजीला झरा दिसला चालून चालून थकल्याने ती झऱ्याकाठी बसली थोडे खाऊन तिने थंड पाणी प्यायले आणि ती झोपी गेली काहीं वेळाने समोरून एक टांगा आला टांग्यातील माणसाने तिला बहिणीकडे सोडले आजीने त्याचे आभार मानले आणि ती घरात गेली,हे थाळे तिने थर पाणी आणि,निघाली वाटेत आजीला झरा दिसला चालून चालून थकल्याने ती झऱ्याकाठी बसली थोडे खाऊन तिने थंड पाणी प्यायले आणि ती झोपी गेली काहीं वेळाने समोरून एक टांगा आला टांग्यातील माणसाने तिला बहिणीकडे सोडले आजीने त्याचे आभार मानले आणि ती घरात गेली,हे थाळे तिने थर पाणी आणि
/home/hp/Indain_children_spech/ASER-Dataset/audio_processed/chunks/Marathi MH/513/MR_S1_ST_0_chunk0.wav,Marathi,दाजी आजोबा आजारी असतात ते खूप थकलेले दिसतात हल्ली त्यांना नीट दिसत नाहीआजोबांचा नातू रमेश त्यांची खूप काळजी घेतो त्यांना खूप खोकलाही झाला आहे रमेश त्यांना वेळेवर औषध,दजे आजोबा आजारी असताना तो खूप थकलेला दिसतात हल ह हली त्यांना नीट दिसत नाही आजोबांचा नातू रमेश त्याची खूप काळजी घेतो त्यांना खूप त्यांना वेळेवर औषध,दाजी आजोबा आजारी असतात ते खूप थकलेले दिसतात हल्ली त्यांना नीट दिसत नाहीआजोबांचा नातू रमेश त्यांची खूप काळजी घेतो त्यांना खूप खोकलाही झाला आहे रमेश त्यांना वेळेवर औषध,दजे आजोबा आजारी असताना तो खूप थकलेला दिसतात हल ह हली त्यांना नीट दिसत नाही आजोबांचा नातू रमेश त्याची खूप काळजी घेतो त्यांना खूप त्यांना वेळेवर औषध
/home/hp/Indain_children_spech/ASER-Dataset/audio_processed/chunks/Marathi MH/513/MR_S1_ST_0_chunk1.wav,Marathi,देतो नीट दिसत नसल्यामुळे आजोबा घरात बसून असतात रमेश त्यांच्या हाताला धरून घरातल्या घरात फिरवतो घरात बसून आजोबा जुनी गाणी ऐकतात त्यांना नवीन गाणीही ऐकायला आवडतात,देतो नीट दिसत नसल्यामुळे आजोबा घरात बसून असतात रमेश त्यांच्या हाताला धरून घरातल्या घरात फिरत होतो घा घरात बसून आजोबां जुनी गाणी ऐकतात त्यांना नवीन गाणीही ऐकायला आवडतात,देतो नीट दिसत नसल्यामुळे आजोबा घरात बसून असतात रमेश त्यांच्या हाताला धरून घरातल्या घरात फिरवतो घरात बसून आजोबा जुनी गाणी ऐकतात त्यांना नवीन गाणीही ऐकायला आवडतात,देतो नीट दिसत नसल्यामुळे आजोबा घरात बसून असतात रमेश त्यांच्या हाताला धरून घरातल्या घरात फिरत होतो घा घरात बसून आजोबां जुनी गाणी ऐकतात त्यांना नवीन गाणीही ऐकायला आवडतात
/home/hp/Indain_children_spech/ASER-Dataset/audio_processed/chunks/Marathi MH/513/MR_S1_ST_0_chunk2.wav,Marathi,आजोबांना बरे वाटल्यावर दोघे लांबवर फिरायला जाणार आहेत,आजोबांना बरो बरे वाटल्यावर दोघे लांब वर फिरायला जाणार आहे,आजोबांना बरे वाटल्यावर दोघे लांबवर फिरायला जाणार आहेत,आजोबांना बरो बरे वाटल्यावर दोघे लांब वर फिरायला जाणार आहे
/home/hp/Indain_children_spech/ASER-Dataset/audio_processed/chunks/Marathi MH/514/MR_S2_ST_0_chunk0.wav,Marathi,एका गावात एक आजीबाई राहत होती आजीचे घर छोटे होते घरासमोर मोठी फुलबाग होती बागेत गुलाब जाईजुई अबोली झेंडूची फुलझाडे होती मोठीमोठी आंब्याची फणसाची झाडे होती झाडांवर पक्ष्यांची घरटी होती हिरवेकोवळे गवत होते आजीची बाग सुंदर होती संध्याकाळ होताच,एका गावात एक आजीबाई राहत होते आजीचे घर छोटे होते घरासमोर मोठी फुग होती बागेत गुलाब जाई ज अलोबी झेंडूची फुल झाडे होती मोठी मोठी आंब्याची फणसाची झाडे होती झाडावर पक्ष्यांची घरटी होती हिरवे कवळे गवत होते आजीची बाग सुंदर होती संध्याकाळ होता,एका गावात एक आजीबाई राहत होती आजीचे घर छोटे होते घरासमोर मोठी फुलबाग होती बागेत गुलाब जाईजुई अबोली झेंडूची फुलझाडे होती मोठीमोठी आंब्याची फणसाची झाडे होती झाडांवर पक्ष्यांची घरटी होती हिरवेकोवळे गवत होते आजीची बाग सुंदर होती संध्याकाळ होताच,एका गावात एक आजीबाई राहत होते आजीचे घर छोटे होते घरासमोर मोठी फुग होती बागेत गुलाब जाई ज अलोबी झेंडूची फुल झाडे होती मोठी मोठी आंब्याची फणसाची झाडे होती झाडावर पक्ष्यांची घरटी होती हिरवे कवळे गवत होते आजीची बाग सुंदर होती संध्याकाळ होता
/home/hp/Indain_children_spech/ASER-Dataset/audio_processed/chunks/Marathi MH/514/MR_S2_ST_0_chunk1.wav,Marathi,गावातील मुले बागेमध्ये खेळायला येत असत ती भरपूर मजा करत मुलांना खेळताना बघून आजीला आनंद होई आजीबाई संध्याकाळी मुलांना गोष्टी सांगत असे त्यामुळे मुलांनादेखील आजीबाई खूप आवडे,गावातील मुले बागेमध्ये खेळायला येत असत ती भरपूर मजा करत मुलांना खेळायला बघून आजीचा आजीला आनंद होईल आजी आजीबाई संध्याकाळी मुलाला मुलांना गोष्टी सांगत असे त्यामुळे मुलां देखील आजीबाई खूप आवडे,गावातील मुले बागेमध्ये खेळायला येत असत ती भरपूर मजा करत मुलांना खेळताना बघून आजीला आनंद होई आजीबाई संध्याकाळी मुलांना गोष्टी सांगत असे त्यामुळे मुलांनादेखील आजीबाई खूप आवडे,गावातील मुले बागेमध्ये खेळायला येत असत ती भरपूर मजा करत मुलांना खेळायला बघून आजीचा आजीला आनंद होईल आजी आजीबाई संध्याकाळी मुलाला मुलांना गोष्टी सांगत असे त्यामुळे मुलां देखील आजीबाई खूप आवडे
/home/hp/Indain_children_spech/ASER-Dataset/audio_processed/chunks/Marathi MH/522/MR_S4_ST_0_chunk0.wav,Marathi,एक होती आजी एकदा तिला तिच्या बहिणीचे पत्र आले आजीला तिने आपल्या घरी पूजेला बोलाविले होते आजीने आपल्या सामानाचे गाठोडे बांधले,एक होती आजी एकदा तिला तिच्या बहिणीचे पत्र आले आजीला तने आपल्या घरी पूजेला बोलविले बोलविले होते आजीने आपल्या समानाचे गाठोडी बांधले,एक होती आजी एकदा तिला तिच्या बहिणीचे पत्र आले आजीला तिने आपल्या घरी पूजेला बोलाविले होते आजीने आपल्या सामानाचे गाठोडे बांधले,एक होती आजी एकदा तिला तिच्या बहिणीचे पत्र आले आजीला तने आपल्या घरी पूजेला बोलविले बोलविले होते आजीने आपल्या समानाचे गाठोडी बांधले
/home/hp/Indain_children_spech/ASER-Dataset/audio_processed/chunks/Marathi MH/522/MR_S4_ST_0_chunk1.wav,Marathi,निघताना तिने घराला कुलूप लावले ती प्रवासाला पायी निघाली वाटेत आजीला झरा दिसला चालून चालून थकल्याने ती झऱ्याकाठी बसली थोडे खाऊन,निघताना तने घराला कुलूप लाली त प्रवा पायी निघा झ दि चालून चालून थकल्याने ती झ झऱ्याकाठी बसली थोड्या काळ थोड्या काळून,निघताना तिने घराला कुलूप लावले ती प्रवासाला पायी निघाली वाटेत आजीला झरा दिसला चालून चालून थकल्याने ती झऱ्याकाठी बसली थोडे खाऊन,निघताना तने घराला कुलूप लाली त प्रवा पायी निघा झ दि चालून चालून थकल्याने ती झ झऱ्याकाठी बसली थोड्या काळ थोड्या काळून
/home/hp/Indain_children_spech/ASER-Dataset/audio_processed/chunks/Marathi MH/522/MR_S4_ST_0_chunk2.wav,Marathi,तिने थंड पाणी प्यायले आणि ती झोपी गेली काहीं वेळाने समोरून एक टांगा आला टांग्यातील माणसाने तिला बहिणीकडे सोडले आजीने त्याचे आभार मानले आणि ती,तिने थंड पाणी पिले आणि त झ गेली काही वेळानंतर समोरून एक टांगा आला टांगेतील माणस तिला बहिणीकडे सोडले आजीने त्याला त्याचे आभार मानले आणि ति,तिने थंड पाणी प्यायले आणि ती झोपी गेली काहीं वेळाने समोरून एक टांगा आला टांग्यातील माणसाने तिला बहिणीकडे सोडले आजीने त्याचे आभार मानले आणि ती,तिने थंड पाणी पिले आणि त झ गेली काही वेळानंतर समोरून एक टांगा आला टांगेतील माणस तिला बहिणीकडे सोडले आजीने त्याला त्याचे आभार मानले आणि ति
/home/hp/Indain_children_spech/ASER-Dataset/audio_processed/chunks/Marathi MH/522/MR_S4_ST_0_chunk3.wav,Marathi,घरात गेली,गर दिल,घरात गेली,गर दिल
/home/hp/Indain_children_spech/ASER-Dataset/audio_processed/chunks/Marathi MH/530/MR_S1_ST_0_chunk0.wav,Marathi,दाजी आजोबा आजारी असतात ते खूप थकलेले दिसतात हल्ली त्यांना नीट दिसत नाहीआजोबांचा नातू रमेश त्यांची खूप काळजी घेतो त्यांना खूप खोकलाही झाला आहे रमेश त्यांना वेळेवर औषध देतो नीट दिसत नसल्यामुळे आजोबा घरात बसून असतात रमेश त्यांच्या हाताला धरून घरातल्या घरात,दाजी आजोबा आधारी असतात तेोपगलेले दिसतात हल्ली त्यांना नीट दिसत नाही आजोबांचा नातू रमेश त्यांची खूप काळजी घेतो त्यांना खूप खोला खोकलाही झाला आहे रमेश त्यांना वेळेवर औषध देतो नीट दिस नीट दिसत नसल्यामुळे आजोबा घरात बसून असतात रमेश त्या त्यांच्या हाताला धरून घरात घरातल्या घरात,दाजी आजोबा आजारी असतात ते खूप थकलेले दिसतात हल्ली त्यांना नीट दिसत नाहीआजोबांचा नातू रमेश त्यांची खूप काळजी घेतो त्यांना खूप खोकलाही झाला आहे रमेश त्यांना वेळेवर औषध देतो नीट दिसत नसल्यामुळे आजोबा घरात बसून असतात रमेश त्यांच्या हाताला धरून घरातल्या घरात,दाजी आजोबा आधारी असतात तेोपगलेले दिसतात हल्ली त्यांना नीट दिसत नाही आजोबांचा नातू रमेश त्यांची खूप काळजी घेतो त्यांना खूप खोला खोकलाही झाला आहे रमेश त्यांना वेळेवर औषध देतो नीट दिस नीट दिसत नसल्यामुळे आजोबा घरात बसून असतात रमेश त्या त्यांच्या हाताला धरून घरात घरातल्या घरात
/home/hp/Indain_children_spech/ASER-Dataset/audio_processed/chunks/Marathi MH/530/MR_S1_ST_0_chunk1.wav,Marathi,फिरवतो घरात बसून आजोबा जुनी गाणी ऐकतात त्यांना नवीन गाणीही ऐकायला आवडतात आजोबांना बरे वाटल्यावर दोघे लांबवर फिरायला जाणार आहेत,फिरवतो घरात बसून आजोबा जुनी गाणी ऐकतात त्यांना नवीन गाणी ऐकायला आवडतात आजोबांना बरे वाटल्यावर दोघे लांबवर फिरायला जाणार आहे,फिरवतो घरात बसून आजोबा जुनी गाणी ऐकतात त्यांना नवीन गाणीही ऐकायला आवडतात आजोबांना बरे वाटल्यावर दोघे लांबवर फिरायला जाणार आहेत,फिरवतो घरात बसून आजोबा जुनी गाणी ऐकतात त्यांना नवीन गाणी ऐकायला आवडतात आजोबांना बरे वाटल्यावर दोघे लांबवर फिरायला जाणार आहे
/home/hp/Indain_children_spech/ASER-Dataset/audio_processed/chunks/Marathi MH/566/MR_S3_ST_0_chunk0.wav,Marathi,मीना शाळेतून घरी आली ती घरात एकटीच होती तिला करमत नव्हते मग मीनाने वाढदिवशी बाबांनी दिलेली बाहुली कपाटातून,ा घरी आली ती घरात एकटीच हो तिला करमत नव्हते मग मीनाने वाढ दिवशी बाबांना दिलेली बाऊली कपाटातून,मीना शाळेतून घरी आली ती घरात एकटीच होती तिला करमत नव्हते मग मीनाने वाढदिवशी बाबांनी दिलेली बाहुली कपाटातून,ा घरी आली ती घरात एकटीच हो तिला करमत नव्हते मग मीनाने वाढ दिवशी बाबांना दिलेली बाऊली कपाटातून
/home/hp/Indain_children_spech/ASER-Dataset/audio_processed/chunks/Marathi MH/566/MR_S3_ST_0_chunk1.wav,Marathi,काढली ती बाहुली घेऊन खेळायला लागली थोड्या वेळाने राधा आली तिने खाऊ आणला होता मीनाने वाढदिवशी,काढली ती बाऊली घेऊन खेळायला लागली थोड्याच वेळाने राधा आली तिने खाऊ आणनला होता मीनाने वाढदिवशी,काढली ती बाहुली घेऊन खेळायला लागली थोड्या वेळाने राधा आली तिने खाऊ आणला होता मीनाने वाढदिवशी,काढली ती बाऊली घेऊन खेळायला लागली थोड्याच वेळाने राधा आली तिने खाऊ आणनला होता मीनाने वाढदिवशी
/home/hp/Indain_children_spech/ASER-Dataset/audio_processed/chunks/Marathi MH/566/MR_S3_ST_0_chunk2.wav,Marathi,मिळालेली बाहुली राधाला दाखविली राधाला बाहुली खूपच आवडलीमीनाने राधाला बाहुली देऊन टाकली राधाने मीनाला खाऊ दिला दोघी खूपच,मिळालेली बाहुली राधाला दाखविली राधा बाहली खूपच आवडली मीनाने राधाला बाहुली देऊन टाकली राधाने मीनाला खाऊ दि खाऊ दिला दोघी खूपच,मिळालेली बाहुली राधाला दाखविली राधाला बाहुली खूपच आवडलीमीनाने राधाला बाहुली देऊन टाकली राधाने मीनाला खाऊ दिला दोघी खूपच,मिळालेली बाहुली राधाला दाखविली राधा बाहली खूपच आवडली मीनाने राधाला बाहुली देऊन टाकली राधाने मीनाला खाऊ दि खाऊ दिला दोघी खूपच
/home/hp/Indain_children_spech/ASER-Dataset/audio_processed/chunks/Marathi MH/566/MR_S3_ST_0_chunk3.wav,Marathi,खूष झाल्या त्यांनी एकमेकींना टाळ्या दिल्या टाळ्या देता देता हसू लागल्या,खुश खुश झा झाल्या त्यांनी एक एकमेकीकींना टाळ्या दिल्या टाळ्या देता देता हसू लागली लागल्या,खूष झाल्या त्यांनी एकमेकींना टाळ्या दिल्या टाळ्या देता देता हसू लागल्या,खुश खुश झा झाल्या त्यांनी एक एकमेकीकींना टाळ्या दिल्या टाळ्या देता देता हसू लागली लागल्या
/home/hp/Indain_children_spech/ASER-Dataset/audio_processed/chunks/Marathi MH/570/MR_S2_ST_0_chunk0.wav,Marathi,एका गावात एक आजीबाई राहत होती आजीचे घर छोटे होते घरासमोर मोठी फुलबाग होती बागेत गुलाब जाईजुई अबोली झेंडूची,एका गावात आजीबाई राह होती आजीचे घ छोटे होतेरासमोर मोठी फुलबाग होती बागत गुलाब जाई जुई अबोली झेंडूची,एका गावात एक आजीबाई राहत होती आजीचे घर छोटे होते घरासमोर मोठी फुलबाग होती बागेत गुलाब जाईजुई अबोली झेंडूची,एका गावात आजीबाई राह होती आजीचे घ छोटे होतेरासमोर मोठी फुलबाग होती बागत गुलाब जाई जुई अबोली झेंडूची
/home/hp/Indain_children_spech/ASER-Dataset/audio_processed/chunks/Marathi MH/570/MR_S2_ST_0_chunk1.wav,Marathi,फुलझाडे होती मोठीमोठी आंब्याची फणसाची झाडे होती झाडांवर पक्ष्यांची घरटी होती हिरवेकोवळे गवत होते आजीची बाग सुंदर होती संध्याकाळ होताच,फुल झाडे होती मोठी मोठी आंब्याची फणसाची झाडे होती झाडांवर पक्ष्याची गर्ट होती हिर हिरवे कावळे गवत होते आजीची बाग सुंदर होती संध्याकाळ होतच होतच,फुलझाडे होती मोठीमोठी आंब्याची फणसाची झाडे होती झाडांवर पक्ष्यांची घरटी होती हिरवेकोवळे गवत होते आजीची बाग सुंदर होती संध्याकाळ होताच,फुल झाडे होती मोठी मोठी आंब्याची फणसाची झाडे होती झाडांवर पक्ष्याची गर्ट होती हिर हिरवे कावळे गवत होते आजीची बाग सुंदर होती संध्याकाळ होतच होतच
/home/hp/Indain_children_spech/ASER-Dataset/audio_processed/chunks/Marathi MH/570/MR_S2_ST_0_chunk2.wav,Marathi,गावातील मुले बागेमध्ये खेळायला येत असत ती भरपूर मजा करत मुलांना खेळताना बघून आजीला आनंद होई,गावातील मुले बागेमध्ये खेळायला येत असत ती भर भरून मजा करत मुलांना खेळना भरून आजीला आनंद होई,गावातील मुले बागेमध्ये खेळायला येत असत ती भरपूर मजा करत मुलांना खेळताना बघून आजीला आनंद होई,गावातील मुले बागेमध्ये खेळायला येत असत ती भर भरून मजा करत मुलांना खेळना भरून आजीला आनंद होई
/home/hp/Indain_children_spech/ASER-Dataset/audio_processed/chunks/Marathi MH/570/MR_S2_ST_0_chunk3.wav,Marathi,आजीबाई संध्याकाळी मुलांना गोष्टी सांगत असे त्यामुळे मुलांनादेखील आजीबाई खूप आवडे,आजीबाई संध्याकाळी मुलांना गोष्टी सांगत असे त्यामुळे मुलांना देखील आजीबाई खूप आवडे,आजीबाई संध्याकाळी मुलांना गोष्टी सांगत असे त्यामुळे मुलांनादेखील आजीबाई खूप आवडे,आजीबाई संध्याकाळी मुलांना गोष्टी सांगत असे त्यामुळे मुलांना देखील आजीबाई खूप आवडे
/home/hp/Indain_children_spech/ASER-Dataset/audio_processed/chunks/Marathi MH/573/MR_S2_ST_0_chunk0.wav,Marathi,एका गावात एक आजीबाई राहत होती आजीचे घर छोटे होते घरासमोर मोठी फुलबाग होती बागेत गुलाब जाईजुई अबोली झेंडूची फुलझाडे होती मोठीमोठी आंब्याची फणसाची झाडे होती झाडांवर पक्ष्यांची घरटी होती हिरवेकोवळे गवत होते,ई जची फ झाडे होती मोठी मोठी आंब्याची झाडे होती झाडवर पक्ष हो हो,एका गावात एक आजीबाई राहत होती आजीचे घर छोटे होते घरासमोर मोठी फुलबाग होती बागेत गुलाब जाईजुई अबोली झेंडूची फुलझाडे होती मोठीमोठी आंब्याची फणसाची झाडे होती झाडांवर पक्ष्यांची घरटी होती हिरवेकोवळे गवत होते,ई जची फ झाडे होती मोठी मोठी आंब्याची झाडे होती झाडवर पक्ष हो हो
/home/hp/Indain_children_spech/ASER-Dataset/audio_processed/chunks/Marathi MH/573/MR_S2_ST_0_chunk1.wav,Marathi,आजीची बाग सुंदर होती संध्याकाळ होताच गावातील मुले बागेमध्ये खेळायला येत असत ती भरपूर मजा करत मुलांना खेळताना बघून आजीला आनंद होई आजीबाई संध्याकाळी मुलांना गोष्टी सांगत असे त्यामुळे मुलांनादेखील आजीबाई खूप आवडे,आजीची बाग सुंदर होती संध्याकाळ होतात होतात गावातील मुले बाज्या म्हण छाळेला येत असत की भरपूर मजा करत मुला मुलांनाांना बघून आजीला आनंद होईल आजीबाई संध्याकाळी मुला मुलांना गोष्टी सांगत असते त्यामुळे मुला देखील आजीबाई खूप आवड,आजीची बाग सुंदर होती संध्याकाळ होताच गावातील मुले बागेमध्ये खेळायला येत असत ती भरपूर मजा करत मुलांना खेळताना बघून आजीला आनंद होई आजीबाई संध्याकाळी मुलांना गोष्टी सांगत असे त्यामुळे मुलांनादेखील आजीबाई खूप आवडे,आजीची बाग सुंदर होती संध्याकाळ होतात होतात गावातील मुले बाज्या म्हण छाळेला येत असत की भरपूर मजा करत मुला मुलांनाांना बघून आजीला आनंद होईल आजीबाई संध्याकाळी मुला मुलांना गोष्टी सांगत असते त्यामुळे मुला देखील आजीबाई खूप आवड
/home/hp/Indain_children_spech/ASER-Dataset/audio_processed/chunks/Marathi MH/587/MR_S1_ST_0_chunk0.wav,Marathi,दाजी आजोबा आजारी असतात ते खूप थकलेले दिसतात हल्ली त्यांना नीट दिसत नाहीआजोबांचा नातू रमेश त्यांची खूप काळजी घेतो त्यांना खूप खोकलाही झाला आहे रमेश त्यांना वेळेवर,दाची आजोबा आ आजी आजारी असतात ते खूप थकलेले असतात खल् खल्ली त्यांना नीट दिसत नाही आजोबांचा नातू रमेश त्यां त्यांची खूप काळजी घेतो त्यांना खूप खोकलाही झाला आहे रमेश त्यांना वेळेवर,दाजी आजोबा आजारी असतात ते खूप थकलेले दिसतात हल्ली त्यांना नीट दिसत नाहीआजोबांचा नातू रमेश त्यांची खूप काळजी घेतो त्यांना खूप खोकलाही झाला आहे रमेश त्यांना वेळेवर,दाची आजोबा आ आजी आजारी असतात ते खूप थकलेले असतात खल् खल्ली त्यांना नीट दिसत नाही आजोबांचा नातू रमेश त्यां त्यांची खूप काळजी घेतो त्यांना खूप खोकलाही झाला आहे रमेश त्यांना वेळेवर
/home/hp/Indain_children_spech/ASER-Dataset/audio_processed/chunks/Marathi MH/587/MR_S1_ST_0_chunk1.wav,Marathi,औषध देतो नीट दिसत नसल्यामुळे आजोबा घरात बसून असतात रमेश त्यांच्या हाताला धरून घरातल्या घरात फिरवतो घरात बसून आजोबा जुनी गाणी ऐकतात त्यांना नवीन गाणीही ऐकायला आवडतात आजोबांना,औषध देतो नीट दिवस दिसत नसल्यामुळे आजोबा घरात बसू शकतात असतात रमेश त्यांचा हात हाताला धरून घरातल्या घरात फिरतो घरात बसून आजोबा जणू गाणी ऐकतात त्यांना नवीन गाणेही ऐकायला आवडतात आजोबांना,औषध देतो नीट दिसत नसल्यामुळे आजोबा घरात बसून असतात रमेश त्यांच्या हाताला धरून घरातल्या घरात फिरवतो घरात बसून आजोबा जुनी गाणी ऐकतात त्यांना नवीन गाणीही ऐकायला आवडतात आजोबांना,औषध देतो नीट दिवस दिसत नसल्यामुळे आजोबा घरात बसू शकतात असतात रमेश त्यांचा हात हाताला धरून घरातल्या घरात फिरतो घरात बसून आजोबा जणू गाणी ऐकतात त्यांना नवीन गाणेही ऐकायला आवडतात आजोबांना
/home/hp/Indain_children_spech/ASER-Dataset/audio_processed/chunks/Marathi MH/587/MR_S1_ST_0_chunk2.wav,Marathi,बरे वाटल्यावर दोघे लांबवर फिरायला जाणार आहेत,बरे वाट वाटल्यावर दोघे लांबवर फिरायला जाणार आ आहेत,बरे वाटल्यावर दोघे लांबवर फिरायला जाणार आहेत,बरे वाट वाटल्यावर दोघे लांबवर फिरायला जाणार आ आहेत
/home/hp/Indain_children_spech/ASER-Dataset/audio_processed/chunks/Marathi MH/588/MR_S4_ST_0_chunk0.wav,Marathi,एक होती आजी एकदा तिला तिच्या बहिणीचे पत्र आले आजीला तिने आपल्या घरी पूजेला बोलाविले होते आजीने आपल्या सामानाचे गाठोडे बांधले निघताना तिने घराला कुलूप लावले ती प्रवासाला पायी,्रजी आजीने आपल्या आपल्या समानाचे गाठोडे बांधले निघताना तिने घराला सुलूप लावले ती प्रवासाला पायी,एक होती आजी एकदा तिला तिच्या बहिणीचे पत्र आले आजीला तिने आपल्या घरी पूजेला बोलाविले होते आजीने आपल्या सामानाचे गाठोडे बांधले निघताना तिने घराला कुलूप लावले ती प्रवासाला पायी,्रजी आजीने आपल्या आपल्या समानाचे गाठोडे बांधले निघताना तिने घराला सुलूप लावले ती प्रवासाला पायी
/home/hp/Indain_children_spech/ASER-Dataset/audio_processed/chunks/Marathi MH/588/MR_S4_ST_0_chunk1.wav,Marathi,निघाली वाटेत आजीला झरा दिसला चालून चालून थकल्याने ती झऱ्याकाठी बसली थोडे खाऊन तिने थंड पाणी प्यायले आणि ती झोपी गेली काहीं वेळाने समोरून एक टांगा आला टांग्यातील माणसाने,जचा झ थोडे खाऊन तिने थंड पाणी पले आणि ती झोपी गेली काही वेळाने समोरून एक टांगा आला टांग्यातील माणसाने,निघाली वाटेत आजीला झरा दिसला चालून चालून थकल्याने ती झऱ्याकाठी बसली थोडे खाऊन तिने थंड पाणी प्यायले आणि ती झोपी गेली काहीं वेळाने समोरून एक टांगा आला टांग्यातील माणसाने,जचा झ थोडे खाऊन तिने थंड पाणी पले आणि ती झोपी गेली काही वेळाने समोरून एक टांगा आला टांग्यातील माणसाने
/home/hp/Indain_children_spech/ASER-Dataset/audio_processed/chunks/Marathi MH/588/MR_S4_ST_0_chunk2.wav,Marathi,तिला बहिणीकडे सोडले आजीने त्याचे आभार मानले आणि ती घरात गेली,तिला बहिणीकडे सोडले आजीने त्याचे आभार मानले आणि ती घरात केली,तिला बहिणीकडे सोडले आजीने त्याचे आभार मानले आणि ती घरात गेली,तिला बहिणीकडे सोडले आजीने त्याचे आभार मानले आणि ती घरात केली
/home/hp/Indain_children_spech/ASER-Dataset/audio_processed/chunks/Marathi MH/591/MR_S1_ST_0_chunk0.wav,Marathi,दाजी आजोबा आजारी असतात ते खूप थकलेले दिसतात हल्ली त्यांना नीट दिसत नाहीआजोबांचा नातू रमेश त्यांची खूप काळजी घेतो त्यांना खूप खोकलाही झाला आहे रमेश त्यांना वेळेवर औषध देतो नीट दिसत नसल्यामुळे आजोबा घरात बसून असतात रमेश त्यांच्या हाताला धरून घरातल्या घरात,दाजी आजोबा आजारी असतात ते खूप थकलेले दिसतात हल्ली त्यांना नीट दिस दिसत नाही आजोबांचा नातू रमेश त्यांची खूप काळजी घेतो त्यांना खूप खोकलाही झाला आहे रमेश त्यांना वेळेवर औषध देतो नीट दिसत नसल्यामुळे आजोबा घरात बसून असतात रमेश त्यांच्या हाताला धरून घरातल्या घरात,दाजी आजोबा आजारी असतात ते खूप थकलेले दिसतात हल्ली त्यांना नीट दिसत नाहीआजोबांचा नातू रमेश त्यांची खूप काळजी घेतो त्यांना खूप खोकलाही झाला आहे रमेश त्यांना वेळेवर औषध देतो नीट दिसत नसल्यामुळे आजोबा घरात बसून असतात रमेश त्यांच्या हाताला धरून घरातल्या घरात,दाजी आजोबा आजारी असतात ते खूप थकलेले दिसतात हल्ली त्यांना नीट दिस दिसत नाही आजोबांचा नातू रमेश त्यांची खूप काळजी घेतो त्यांना खूप खोकलाही झाला आहे रमेश त्यांना वेळेवर औषध देतो नीट दिसत नसल्यामुळे आजोबा घरात बसून असतात रमेश त्यांच्या हाताला धरून घरातल्या घरात
/home/hp/Indain_children_spech/ASER-Dataset/audio_processed/chunks/Marathi MH/591/MR_S1_ST_0_chunk1.wav,Marathi,फिरवतो घरात बसून आजोबा जुनी गाणी ऐकतात त्यांना नवीन गाणीही ऐकायला आवडतात आजोबांना बरे वाटल्यावर दोघे लांबवर फिरायला जाणार आहेत,फिरवत घरात बसून आजोबा जुनी गाणी ऐकतात त्यांना नवीन त्यांना नवीन गाणीही ऐकायला आवडतात आजोबां आजोबांना बरे वाटल्यावर दोघे लांबवर फिरायला जाणार आहेत,फिरवतो घरात बसून आजोबा जुनी गाणी ऐकतात त्यांना नवीन गाणीही ऐकायला आवडतात आजोबांना बरे वाटल्यावर दोघे लांबवर फिरायला जाणार आहेत,फिरवत घरात बसून आजोबा जुनी गाणी ऐकतात त्यांना नवीन त्यांना नवीन गाणीही ऐकायला आवडतात आजोबां आजोबांना बरे वाटल्यावर दोघे लांबवर फिरायला जाणार आहेत
/home/hp/Indain_children_spech/ASER-Dataset/audio_processed/chunks/Marathi MH/60/MR_S1_ST_0_chunk0.wav,Marathi,दाजी आजोबा आजारी असतात ते खूप थकलेले दिसतात हल्ली त्यांना नीट दिसत नाहीआजोबांचा नातू रमेश त्यांची खूप काळजी घेतो त्यांना खूप,गजी आजोबा आजारी असत असतात ते खूप थकलेले दिसतात हल्ली त्यांनी नीट दिस दिसत नाही आजोबांच्या ना आजोबांचा नातू रमेश त्याची खूप काळजी घेतो त्यांनी खूप,दाजी आजोबा आजारी असतात ते खूप थकलेले दिसतात हल्ली त्यांना नीट दिसत नाहीआजोबांचा नातू रमेश त्यांची खूप काळजी घेतो त्यांना खूप,गजी आजोबा आजारी असत असतात ते खूप थकलेले दिसतात हल्ली त्यांनी नीट दिस दिसत नाही आजोबांच्या ना आजोबांचा नातू रमेश त्याची खूप काळजी घेतो त्यांनी खूप
/home/hp/Indain_children_spech/ASER-Dataset/audio_processed/chunks/Marathi MH/60/MR_S1_ST_0_chunk1.wav,Marathi,खोकलाही झाला आहे रमेश त्यांना वेळेवर औषध देतो नीट दिसत नसल्यामुळे आजोबा घरात बसून असतात रमेश त्यांच्या हाताला धरून घरातल्या घरात,खोकलालाही झाला आहे रमेश त्या त्यांना वेग वेळेवर औष देतो नीट दिस दिसत नसल्यामुळे आजोबा घरात बसून अस असतात रमेश त्याच्या हाता हाताला धरून घरात घरातल्या घरा घरात,खोकलाही झाला आहे रमेश त्यांना वेळेवर औषध देतो नीट दिसत नसल्यामुळे आजोबा घरात बसून असतात रमेश त्यांच्या हाताला धरून घरातल्या घरात,खोकलालाही झाला आहे रमेश त्या त्यांना वेग वेळेवर औष देतो नीट दिस दिसत नसल्यामुळे आजोबा घरात बसून अस असतात रमेश त्याच्या हाता हाताला धरून घरात घरातल्या घरा घरात
/home/hp/Indain_children_spech/ASER-Dataset/audio_processed/chunks/Marathi MH/60/MR_S1_ST_0_chunk2.wav,Marathi,फिरवतो घरात बसून आजोबा जुनी गाणी ऐकतात त्यांना नवीन गाणीही ऐकायला आवडतात आजोबांना बरे वाटल्यावर दोघे लांबवर फिरायला जाणार,फिरवतो घरात बसून आजोबा जु जुनी गा गाणी ऐकतात त्यांना नवी नवीन नवीन गाणीही ऐका ऐकायला आवडतात आजोबांना बरे वा वाटल्यावर दोघे लांबवर फिरायला जाणार,फिरवतो घरात बसून आजोबा जुनी गाणी ऐकतात त्यांना नवीन गाणीही ऐकायला आवडतात आजोबांना बरे वाटल्यावर दोघे लांबवर फिरायला जाणार,फिरवतो घरात बसून आजोबा जु जुनी गा गाणी ऐकतात त्यांना नवी नवीन नवीन गाणीही ऐका ऐकायला आवडतात आजोबांना बरे वा वाटल्यावर दोघे लांबवर फिरायला जाणार
/home/hp/Indain_children_spech/ASER-Dataset/audio_processed/chunks/Marathi MH/602/MR_S1_P_0_chunk0.wav,Marathi,आज गावाहून मामा आला मला खाऊ व फुगे घेऊन आला ताईला बाहुली,आज गाऊन मा मामाला माला खाऊ व फु फुगे घेऊन आला ताई ताईला पावली गे,आज गावाहून मामा आला मला खाऊ व फुगे घेऊन आला ताईला बाहुली,आज गाऊन मा मामाला माला खाऊ व फु फुगे घेऊन आला ताई ताईला पावली गे
/home/hp/Indain_children_spech/ASER-Dataset/audio_processed/chunks/Marathi MH/602/MR_S1_P_0_chunk1.wav,Marathi,घेऊन आला आईला छान साडी आणली,घेऊन घेऊन आला आईला छान साडी घेऊन आली आणली,घेऊन आला आईला छान साडी आणली,घेऊन घेऊन आला आईला छान साडी घेऊन आली आणली
/home/hp/Indain_children_spech/ASER-Dataset/audio_processed/chunks/Marathi MH/619/MR_S1_ST_0_chunk0.wav,Marathi,दाजी आजोबा आजारी असतात ते खूप थकलेले दिसतात हल्ली त्यांना नीट दिसत नाहीआजोबांचा नातू रमेश त्यांची खूप काळजी घेतो त्यांना खूप खोकलाही झाला आहे रमेश त्यांना वेळेवर औषध देतो नीट दिसत,आजोबा आजारी असताना खूपले दितात आजोबाचा नातू रमेश त्याची खूप काळजी घेत त्यांना खूप लोकलाही झालं आहे रमेश त्यांना वेळेवर औषध देतो नीट दिसतो,दाजी आजोबा आजारी असतात ते खूप थकलेले दिसतात हल्ली त्यांना नीट दिसत नाहीआजोबांचा नातू रमेश त्यांची खूप काळजी घेतो त्यांना खूप खोकलाही झाला आहे रमेश त्यांना वेळेवर औषध देतो नीट दिसत,आजोबा आजारी असताना खूपले दितात आजोबाचा नातू रमेश त्याची खूप काळजी घेत त्यांना खूप लोकलाही झालं आहे रमेश त्यांना वेळेवर औषध देतो नीट दिसतो
/home/hp/Indain_children_spech/ASER-Dataset/audio_processed/chunks/Marathi MH/619/MR_S1_ST_0_chunk1.wav,Marathi,नसल्यामुळे आजोबा घरात बसून असतात रमेश त्यांच्या हाताला धरून घरातल्या घरात फिरवतो घरात बसून आजोबा जुनी गाणी ऐकतात त्यांना नवीन,नसल्यामुळे आजोबा घरात घरात बसून अस असतात रमेश त्याच्या हाताला धरून अस धरून घ घालता घातल्या घातल्या फिरवे फिरतो घरात बसून आजोबा जुनी गाणी ऐकतात त्यांना नवी नवीन,नसल्यामुळे आजोबा घरात बसून असतात रमेश त्यांच्या हाताला धरून घरातल्या घरात फिरवतो घरात बसून आजोबा जुनी गाणी ऐकतात त्यांना नवीन,नसल्यामुळे आजोबा घरात घरात बसून अस असतात रमेश त्याच्या हाताला धरून अस धरून घ घालता घातल्या घातल्या फिरवे फिरतो घरात बसून आजोबा जुनी गाणी ऐकतात त्यांना नवी नवीन
/home/hp/Indain_children_spech/ASER-Dataset/audio_processed/chunks/Marathi MH/619/MR_S1_ST_0_chunk2.wav,Marathi,गाणीही ऐकायला आवडतात आजोबांना बरे वाटल्यावर दोघे लांबवर फिरायला जाणार आहेत,गाणीही ऐकायला आवडतात आजोबांना बरे वाटल्यावर दोड दोघे लांबावर फिरायला जाणार आहेत,गाणीही ऐकायला आवडतात आजोबांना बरे वाटल्यावर दोघे लांबवर फिरायला जाणार आहेत,गाणीही ऐकायला आवडतात आजोबांना बरे वाटल्यावर दोड दोघे लांबावर फिरायला जाणार आहेत
/home/hp/Indain_children_spech/ASER-Dataset/audio_processed/chunks/Marathi MH/626/MR_S2_ST_0_chunk0.wav,Marathi,एका गावात एक आजीबाई राहत होती आजीचे घर छोटे होते घरासमोर मोठी फुलबाग होती बागेत गुलाब जाईजुई अबोली झेंडूची फुलझाडे होती मोठीमोठी आंब्याची,एका गावात एक आजीबाई आजीबाई राहत होती आजीचे आजीचे घर छोटे होते घरासमोर मोठी फुलबाग होती बघेत बघेत गुलाब आजी बघे गुलाब जाई जुई अबोली झेंडूची फुल झाडे होती मोठी मोठी आंब्याची,एका गावात एक आजीबाई राहत होती आजीचे घर छोटे होते घरासमोर मोठी फुलबाग होती बागेत गुलाब जाईजुई अबोली झेंडूची फुलझाडे होती मोठीमोठी आंब्याची,एका गावात एक आजीबाई आजीबाई राहत होती आजीचे आजीचे घर छोटे होते घरासमोर मोठी फुलबाग होती बघेत बघेत गुलाब आजी बघे गुलाब जाई जुई अबोली झेंडूची फुल झाडे होती मोठी मोठी आंब्याची
/home/hp/Indain_children_spech/ASER-Dataset/audio_processed/chunks/Marathi MH/626/MR_S2_ST_0_chunk1.wav,Marathi,फणसाची झाडे होती झाडांवर पक्ष्यांची घरटी होती हिरवेकोवळे गवत होते आजीची बाग सुंदर होती संध्याकाळ होताच गावातील मुले बागेमध्ये खेळायला येत असत,पणसाची झाडे होती झाडावर पक्ष्यांची घरट घरट होती हवे ह केव हरवे हिरवे कावळे गावात होते आजीची आजीची बाग आजीची बाग सुंदर होती स संध्याकाळ संध्याकाळ होताच गावातील मु्य बा मु्य बागेमध्ये खेळ खेळायला येत असत,फणसाची झाडे होती झाडांवर पक्ष्यांची घरटी होती हिरवेकोवळे गवत होते आजीची बाग सुंदर होती संध्याकाळ होताच गावातील मुले बागेमध्ये खेळायला येत असत,पणसाची झाडे होती झाडावर पक्ष्यांची घरट घरट होती हवे ह केव हरवे हिरवे कावळे गावात होते आजीची आजीची बाग आजीची बाग सुंदर होती स संध्याकाळ संध्याकाळ होताच गावातील मु्य बा मु्य बागेमध्ये खेळ खेळायला येत असत
/home/hp/Indain_children_spech/ASER-Dataset/audio_processed/chunks/Marathi MH/626/MR_S2_ST_0_chunk2.wav,Marathi,ती भरपूर मजा करत मुलांना खेळताना बघून आजीला आनंद होई आजीबाई संध्याकाळी मुलांना गोष्टी सांगत असे त्यामुळे मुलांनादेखील आजीबाई खूप आवडे,ती भरपूर मजा करत मुलांना खेळताना बघून आजीला आजीला आनंद होईल आजीबाई आजीबाई संध्याकाळी मुलांना गोष्टी सांगत असे त्या त्यामुळे मुलां मुलां देखील मुलांदेखील आजीबाई खूप आवडली आवड आवडे,ती भरपूर मजा करत मुलांना खेळताना बघून आजीला आनंद होई आजीबाई संध्याकाळी मुलांना गोष्टी सांगत असे त्यामुळे मुलांनादेखील आजीबाई खूप आवडे,ती भरपूर मजा करत मुलांना खेळताना बघून आजीला आजीला आनंद होईल आजीबाई आजीबाई संध्याकाळी मुलांना गोष्टी सांगत असे त्या त्यामुळे मुलां मुलां देखील मुलांदेखील आजीबाई खूप आवडली आवड आवडे
/home/hp/Indain_children_spech/ASER-Dataset/audio_processed/chunks/Marathi MH/647/MR_S1_ST_0_chunk0.wav,Marathi,दाजी आजोबा आजारी असतात ते खूप थकलेले दिसतात हल्ली त्यांना नीट दिसत नाहीआजोबांचा नातू रमेश त्यांची खूप काळजी घेतो त्यांना खूप खोकलाही झाला आहे रमेश त्यांना,दाजी आजोबा आजारी असतात ते खूप थकलेले दिसतात हल्ली त्यांना नीट दिसत नाही आजोबांचा नातू रमेश त्यां त्याची खूप काळजी घेतो घेतो त्यांना खूप खोकलाही झाला आहे रमेश त्यांना,दाजी आजोबा आजारी असतात ते खूप थकलेले दिसतात हल्ली त्यांना नीट दिसत नाहीआजोबांचा नातू रमेश त्यांची खूप काळजी घेतो त्यांना खूप खोकलाही झाला आहे रमेश त्यांना,दाजी आजोबा आजारी असतात ते खूप थकलेले दिसतात हल्ली त्यांना नीट दिसत नाही आजोबांचा नातू रमेश त्यां त्याची खूप काळजी घेतो घेतो त्यांना खूप खोकलाही झाला आहे रमेश त्यांना
/home/hp/Indain_children_spech/ASER-Dataset/audio_processed/chunks/Marathi MH/647/MR_S1_ST_0_chunk1.wav,Marathi,वेळेवर औषध देतो नीट दिसत नसल्यामुळे आजोबा घरात बसून असतात रमेश त्यांच्या हाताला धरून,वेळेवर औषध देतो नीट दिसत न नसल्यामुळे आजोबा घरात बसून असतात रमेश त्यांच्या हाताला धरून,वेळेवर औषध देतो नीट दिसत नसल्यामुळे आजोबा घरात बसून असतात रमेश त्यांच्या हाताला धरून,वेळेवर औषध देतो नीट दिसत न नसल्यामुळे आजोबा घरात बसून असतात रमेश त्यांच्या हाताला धरून
/home/hp/Indain_children_spech/ASER-Dataset/audio_processed/chunks/Marathi MH/647/MR_S1_ST_0_chunk2.wav,Marathi,घरातल्या घरात फिरवतो घरात बसून आजोबा जुनी गाणी ऐकतात त्यांना नवीन गाणीही ऐकायला,ल्याो आजोबा ऐकतात त्यांना नवीन गाणी ह ऐकायला,घरातल्या घरात फिरवतो घरात बसून आजोबा जुनी गाणी ऐकतात त्यांना नवीन गाणीही ऐकायला,ल्याो आजोबा ऐकतात त्यांना नवीन गाणी ह ऐकायला
/home/hp/Indain_children_spech/ASER-Dataset/audio_processed/chunks/Marathi MH/647/MR_S1_ST_0_chunk3.wav,Marathi,आवडतात आजोबांना बरे वाटल्यावर दोघे लांबवर फिरायला जाणार आहेत,आवडतात आजोबांना आजोबांना बरे वाटल्यावर दोघे लांबोर फिरायला जाणार आहेत,आवडतात आजोबांना बरे वाटल्यावर दोघे लांबवर फिरायला जाणार आहेत,आवडतात आजोबांना आजोबांना बरे वाटल्यावर दोघे लांबोर फिरायला जाणार आहेत
/home/hp/Indain_children_spech/ASER-Dataset/audio_processed/chunks/Marathi MH/648/MR_S1_ST_0_chunk0.wav,Marathi,दाजी आजोबा आजारी असतात ते खूप थकलेले दिसतात हल्ली त्यांना नीट दिसत नाहीआजोबांचा नातू रमेश त्यांची खूप काळजी घेतो त्यांना खूप खोकलाही झाला आहे रमेश त्यांना वेळेवर औषध देतो नीट दिसत नसल्यामुळे आजोबा घरात बसून असतात रमेश त्यांच्या हाताला,दाजी आजोबा आजारी असतात ते खूप थकले दितात हल्ली नीट दिसत नाही आजोबांच्या नातू काळजी घेतो त्यांना खूप खोकलाही झाला आहे रमेश त्यांना वेळेवर औषध देतो नीट दिसत नसल्यामुळे आजोबा घरात बसून अस बसून असतात रमेश त्यांना हातात ध हाताला ध,दाजी आजोबा आजारी असतात ते खूप थकलेले दिसतात हल्ली त्यांना नीट दिसत नाहीआजोबांचा नातू रमेश त्यांची खूप काळजी घेतो त्यांना खूप खोकलाही झाला आहे रमेश त्यांना वेळेवर औषध देतो नीट दिसत नसल्यामुळे आजोबा घरात बसून असतात रमेश त्यांच्या हाताला,दाजी आजोबा आजारी असतात ते खूप थकले दितात हल्ली नीट दिसत नाही आजोबांच्या नातू काळजी घेतो त्यांना खूप खोकलाही झाला आहे रमेश त्यांना वेळेवर औषध देतो नीट दिसत नसल्यामुळे आजोबा घरात बसून अस बसून असतात रमेश त्यांना हातात ध हाताला ध
/home/hp/Indain_children_spech/ASER-Dataset/audio_processed/chunks/Marathi MH/648/MR_S1_ST_0_chunk1.wav,Marathi,धरून घरातल्या घरात फिरवतो घरात बसून आजोबा जुनी गाणी ऐकतात त्यांना नवीन गाणीही ऐकायला आवडतात आजोबांना बरे वाटल्यावर दोघे लांबवर फिरायला जाणार आहेत,घरातल्या घरात फिरवतो घरात बसून आजोबा जुनी गाणी ऐकतात त्यांना नवीन गाणी ह ऐकायलाव आवडतात आजोबांना बरे वाटल्यावर दोघे लांबूवर फिरायला जाणार आहेत,धरून घरातल्या घरात फिरवतो घरात बसून आजोबा जुनी गाणी ऐकतात त्यांना नवीन गाणीही ऐकायला आवडतात आजोबांना बरे वाटल्यावर दोघे लांबवर फिरायला जाणार आहेत,घरातल्या घरात फिरवतो घरात बसून आजोबा जुनी गाणी ऐकतात त्यांना नवीन गाणी ह ऐकायलाव आवडतात आजोबांना बरे वाटल्यावर दोघे लांबूवर फिरायला जाणार आहेत
/home/hp/Indain_children_spech/ASER-Dataset/audio_processed/chunks/Marathi MH/652/MR_S1_ST_0_chunk0.wav,Marathi,दाजी आजोबा आजारी असतात ते खूप थकलेले दिसतात हल्ली त्यांना नीट दिसत नाहीआजोबांचा नातू,तचीी आजोबा आजारी असे तर ते खूप थकलेले दिसतात हरी त्यांना नत दिसत नाही आजोबाचा नातू,दाजी आजोबा आजारी असतात ते खूप थकलेले दिसतात हल्ली त्यांना नीट दिसत नाहीआजोबांचा नातू,तचीी आजोबा आजारी असे तर ते खूप थकलेले दिसतात हरी त्यांना नत दिसत नाही आजोबाचा नातू
/home/hp/Indain_children_spech/ASER-Dataset/audio_processed/chunks/Marathi MH/652/MR_S1_ST_0_chunk1.wav,Marathi,रमेश त्यांची खूप काळजी घेतो त्यांना खूप खोकलाही झाला आहे रमेश त्यांना वेळेवर,र्रमेश टा त्याची खूप कालजी घेतोताना खूप खोलाही झाला आहे ड्र ड्रमेशो त्यांना वेसलेवर,रमेश त्यांची खूप काळजी घेतो त्यांना खूप खोकलाही झाला आहे रमेश त्यांना वेळेवर,र्रमेश टा त्याची खूप कालजी घेतोताना खूप खोलाही झाला आहे ड्र ड्रमेशो त्यांना वेसलेवर
/home/hp/Indain_children_spech/ASER-Dataset/audio_processed/chunks/Marathi MH/652/MR_S1_ST_0_chunk2.wav,Marathi,औषध देतो नीट दिसत नसल्यामुळे आजोबा घरात बसून असतात रमेश त्यांच्या हाताला,औष देत नत दिसत नसला मुले आजोबा घरात बसून असतात रमेश त्याचा हकाला,औषध देतो नीट दिसत नसल्यामुळे आजोबा घरात बसून असतात रमेश त्यांच्या हाताला,औष देत नत दिसत नसला मुले आजोबा घरात बसून असतात रमेश त्याचा हकाला
/home/hp/Indain_children_spech/ASER-Dataset/audio_processed/chunks/Marathi MH/652/MR_S1_ST_0_chunk3.wav,Marathi,धरून घरातल्या घरात फिरवतो घरात बसून आजोबा जुनी गाणी ऐकतात त्यांना नवीन गाणीही ऐकायला आवडतात आजोबांना बरे वाटल्यावर,तरु घरात बसून आजोबाजुनी गाणी एक ताततना बरे वाटला वर,धरून घरातल्या घरात फिरवतो घरात बसून आजोबा जुनी गाणी ऐकतात त्यांना नवीन गाणीही ऐकायला आवडतात आजोबांना बरे वाटल्यावर,तरु घरात बसून आजोबाजुनी गाणी एक ताततना बरे वाटला वर
/home/hp/Indain_children_spech/ASER-Dataset/audio_processed/chunks/Marathi MH/652/MR_S1_ST_0_chunk4.wav,Marathi,दोघे लांबवर फिरायला जाणार आहेत,दोघे लाब लांब वर फिरायला जाणार आहेत,दोघे लांबवर फिरायला जाणार आहेत,दोघे लाब लांब वर फिरायला जाणार आहेत
/home/hp/Indain_children_spech/ASER-Dataset/audio_processed/chunks/Marathi MH/66/MR_S3_P_1_chunk0.wav,Marathi,अंगणात चिमणी येते मी,आ गगनाथ अगणात किमानीनी ए तेथे मी,अंगणात चिमणी येते मी,आ गगनाथ अगणात किमानीनी ए तेथे मी
/home/hp/Indain_children_spech/ASER-Dataset/audio_processed/chunks/Marathi MH/66/MR_S3_P_1_chunk1.wav,Marathi,तिला दाणे टाकते,तला णे टक टाकते ताकते,तिला दाणे टाकते,तला णे टक टाकते ताकते
/home/hp/Indain_children_spech/ASER-Dataset/audio_processed/chunks/Marathi MH/66/MR_S3_P_1_chunk2.wav,Marathi,चिमणी दाणे खाते खाऊन,किमनी दडा दाणे खा खाते गाणे खाऊ न खाऊन,चिमणी दाणे खाते खाऊन,किमनी दडा दाणे खा खाते गाणे खाऊ न खाऊन
/home/hp/Indain_children_spech/ASER-Dataset/audio_processed/chunks/Marathi MH/66/MR_S3_P_1_chunk3.wav,Marathi,उडून जाते,उडवण उडूनं ज जाऊते,उडून जाते,उडवण उडूनं ज जाऊते
/home/hp/Indain_children_spech/ASER-Dataset/audio_processed/chunks/Marathi MH/674/MR_S1_ST_0_chunk0.wav,Marathi,दाजी आजोबा आजारी असतात ते खूप थकलेले दिसतात हल्ली त्यांना नीट दिसत नाहीआजोबांचा नातू रमेश त्यांची खूप काळजी घेतो त्यांना खूप खोकलाही झाला आहे रमेश त्यांना वेळेवर औषध देतो नीट दिसत नसल्यामुळे आजोबा घरात बसून असतात रमेश त्यांच्या हाताला,दजी आजोबा आजारी असतात ते खूप थक दिसतात हल्लीना नीट दिसत नाही आजोबांचा नातूेची खूप काळजी घेतो त्यांना खूप खोकलाही झाला आहे रमेश त्यांना वेळेवर औषध देतो नीट दिसत दिसत नसल्यामुळे आजोबा घरात बसून असतात बसून असतात रमेश त्यांच्या हाताला,दाजी आजोबा आजारी असतात ते खूप थकलेले दिसतात हल्ली त्यांना नीट दिसत नाहीआजोबांचा नातू रमेश त्यांची खूप काळजी घेतो त्यांना खूप खोकलाही झाला आहे रमेश त्यांना वेळेवर औषध देतो नीट दिसत नसल्यामुळे आजोबा घरात बसून असतात रमेश त्यांच्या हाताला,दजी आजोबा आजारी असतात ते खूप थक दिसतात हल्लीना नीट दिसत नाही आजोबांचा नातूेची खूप काळजी घेतो त्यांना खूप खोकलाही झाला आहे रमेश त्यांना वेळेवर औषध देतो नीट दिसत दिसत नसल्यामुळे आजोबा घरात बसून असतात बसून असतात रमेश त्यांच्या हाताला
/home/hp/Indain_children_spech/ASER-Dataset/audio_processed/chunks/Marathi MH/674/MR_S1_ST_0_chunk1.wav,Marathi,धरून घरातल्या घरात फिरवतो घरात बसून आजोबा जुनी गाणी ऐकतात त्यांना नवीन गाणीही ऐकायला आवडतात आजोबांना बरे वाटल्यावर दोघे लांबवर फिरायला जाणार आहेत,घरात बसून आजोबा जुनी गाणी ऐकतात जुनी गाणी ऐकतात त्यांना नवीन गाणे ह ऐकायला आवडतात आजोबांना बरे वाटल्यावर दोघे लांबवर फिरायला जाणार आहे,धरून घरातल्या घरात फिरवतो घरात बसून आजोबा जुनी गाणी ऐकतात त्यांना नवीन गाणीही ऐकायला आवडतात आजोबांना बरे वाटल्यावर दोघे लांबवर फिरायला जाणार आहेत,घरात बसून आजोबा जुनी गाणी ऐकतात जुनी गाणी ऐकतात त्यांना नवीन गाणे ह ऐकायला आवडतात आजोबांना बरे वाटल्यावर दोघे लांबवर फिरायला जाणार आहे
/home/hp/Indain_children_spech/ASER-Dataset/audio_processed/chunks/Marathi MH/69/MR_S2_ST_0_chunk0.wav,Marathi,एका गावात एक आजीबाई राहत होती आजीचे घर छोटे होते घरासमोर मोठी फुलबाग होती बागेत गुलाब जाईजुई अबोली झेंडूची फुलझाडे होती मोठीमोठी आंब्याची फणसाची झाडे होती झाडांवर पक्ष्यांची घरटी होती हिरवेकोवळे गवत होते आजीची बाग सुंदर होती संध्याकाळ होताच गावातील मुले बागेमध्ये,एका गावात एक आजीबाई राहत होती आजीचे छ होते घरामोर फग होते बागेतंबोली झाते मोठी मोठे आंब्याचे प फणसाची झाडे होती झाडावर पक्ष्याची गट्टी होती हिरवे कावळे गवत होते आजीची बाग सु आजीचे बाग सुंदर होते संध्याकाळी होताच गावातील मुले बागेमध्ये,एका गावात एक आजीबाई राहत होती आजीचे घर छोटे होते घरासमोर मोठी फुलबाग होती बागेत गुलाब जाईजुई अबोली झेंडूची फुलझाडे होती मोठीमोठी आंब्याची फणसाची झाडे होती झाडांवर पक्ष्यांची घरटी होती हिरवेकोवळे गवत होते आजीची बाग सुंदर होती संध्याकाळ होताच गावातील मुले बागेमध्ये,एका गावात एक आजीबाई राहत होती आजीचे छ होते घरामोर फग होते बागेतंबोली झाते मोठी मोठे आंब्याचे प फणसाची झाडे होती झाडावर पक्ष्याची गट्टी होती हिरवे कावळे गवत होते आजीची बाग सु आजीचे बाग सुंदर होते संध्याकाळी होताच गावातील मुले बागेमध्ये
/home/hp/Indain_children_spech/ASER-Dataset/audio_processed/chunks/Marathi MH/69/MR_S2_ST_0_chunk1.wav,Marathi,खेळायला येत असत ती भरपूर मजा करत मुलांना खेळताना बघून आजीला आनंद होई आजीबाई संध्याकाळी मुलांना गोष्टी सांगत असे त्यामुळे मुलांनादेखील आजीबाई खूप आवडे,खेळायला येत असे असत मी भरपूर मजा करत मुलांना खेळताना बघून आजीला आनंद होई आजीबाई संध्याकाळी मुलांना गोष्ट सांगत असे त्यामुळे मुल मुलांना देखील आजीबाई खूप आवडे,खेळायला येत असत ती भरपूर मजा करत मुलांना खेळताना बघून आजीला आनंद होई आजीबाई संध्याकाळी मुलांना गोष्टी सांगत असे त्यामुळे मुलांनादेखील आजीबाई खूप आवडे,खेळायला येत असे असत मी भरपूर मजा करत मुलांना खेळताना बघून आजीला आनंद होई आजीबाई संध्याकाळी मुलांना गोष्ट सांगत असे त्यामुळे मुल मुलांना देखील आजीबाई खूप आवडे
/home/hp/Indain_children_spech/ASER-Dataset/audio_processed/chunks/Marathi MH/690/MR_S1_ST_0_chunk0.wav,Marathi,दाजी आजोबा आजारी असतात ते खूप थकलेले दिसतात हल्ली त्यांना नीट दिसत नाहीआजोबांचा नातू रमेश त्यांची खूप काळजी घेतो त्यांना खूप खोकलाही झाला आहे रमेश त्यांना वेळेवर औषध देतो नीट दिसत नसल्यामुळे आजोबा घरात बसून असतात रमेश त्यांच्या हाताला धरून घरातल्या घरात फिरवतो घरात बसून,दादी आजोबा आजारी असतात ते खूप थकलेले दिसतात हल हल्ली त्यांना नीट दिसत नाही आजोबाचा नातू रमेश त्याची खूप काळजी घेतो त्यांना खूप खोकलाही झाला आहे रमेश त्यांना वेळेवर औशी देतो नीट दिसत नसल्यामुळे आजोबा घरात बसून असतात रमेश त्याच्या हाताला धरून घरातल्या घरात फिरवतो घरात बसून,दाजी आजोबा आजारी असतात ते खूप थकलेले दिसतात हल्ली त्यांना नीट दिसत नाहीआजोबांचा नातू रमेश त्यांची खूप काळजी घेतो त्यांना खूप खोकलाही झाला आहे रमेश त्यांना वेळेवर औषध देतो नीट दिसत नसल्यामुळे आजोबा घरात बसून असतात रमेश त्यांच्या हाताला धरून घरातल्या घरात फिरवतो घरात बसून,दादी आजोबा आजारी असतात ते खूप थकलेले दिसतात हल हल्ली त्यांना नीट दिसत नाही आजोबाचा नातू रमेश त्याची खूप काळजी घेतो त्यांना खूप खोकलाही झाला आहे रमेश त्यांना वेळेवर औशी देतो नीट दिसत नसल्यामुळे आजोबा घरात बसून असतात रमेश त्याच्या हाताला धरून घरातल्या घरात फिरवतो घरात बसून
/home/hp/Indain_children_spech/ASER-Dataset/audio_processed/chunks/Marathi MH/690/MR_S1_ST_0_chunk1.wav,Marathi,आजोबा जुनी गाणी ऐकतात त्यांना नवीन गाणीही ऐकायला आवडतात आजोबांना बरे वाटल्यावर दोघे लांबवर फिरायला जाणार आहेत,आजोबा जुनी गाणी ऐकतात त्यांना नवीन गाणी ह ऐकायला आवडतात आजोबांना बरे वाटल्यावर दोघे लांबवर फिरायला जाणार आहेत,आजोबा जुनी गाणी ऐकतात त्यांना नवीन गाणीही ऐकायला आवडतात आजोबांना बरे वाटल्यावर दोघे लांबवर फिरायला जाणार आहेत,आजोबा जुनी गाणी ऐकतात त्यांना नवीन गाणी ह ऐकायला आवडतात आजोबांना बरे वाटल्यावर दोघे लांबवर फिरायला जाणार आहेत
/home/hp/Indain_children_spech/ASER-Dataset/audio_processed/chunks/Marathi MH/694/MR_S1_ST_0_chunk0.wav,Marathi,दाजी आजोबा आजारी असतात ते खूप थकलेले दिसतात हल्ली त्यांना नीट दिसत नाहीआजोबांचा नातू रमेश त्यांची खूप काळजी घेतो त्यांना खूप खोकलाही झाला आहे रमेश त्यांना वेळेवर औषध देतो नीट दिसत,ी आजोबा आजारी असतले दिसत हल्ली दिसत नाही आजोबांचा नापरमे त्यांची खूप काळजी घता घेतो त्यांना खूप खोल खोकला ह झाला,दाजी आजोबा आजारी असतात ते खूप थकलेले दिसतात हल्ली त्यांना नीट दिसत नाहीआजोबांचा नातू रमेश त्यांची खूप काळजी घेतो त्यांना खूप खोकलाही झाला आहे रमेश त्यांना वेळेवर औषध देतो नीट दिसत,ी आजोबा आजारी असतले दिसत हल्ली दिसत नाही आजोबांचा नापरमे त्यांची खूप काळजी घता घेतो त्यांना खूप खोल खोकला ह झाला
/home/hp/Indain_children_spech/ASER-Dataset/audio_processed/chunks/Marathi MH/694/MR_S1_ST_0_chunk1.wav,Marathi,नसल्यामुळे आजोबा घरात बसून असतात रमेश त्यांच्या हाताला धरून घरातल्या घरात फिरवतो घरात बसून आजोबा जुनी गाणी ऐकतात त्यांना नवीन गाणीही ऐकायला आवडतात आजोबांना बरे वाटल्यावर दोघे लांबवर फिरायला जाणार आहेत,आहे रम व व लक्ष देतो मी,नसल्यामुळे आजोबा घरात बसून असतात रमेश त्यांच्या हाताला धरून घरातल्या घरात फिरवतो घरात बसून आजोबा जुनी गाणी ऐकतात त्यांना नवीन गाणीही ऐकायला आवडतात आजोबांना बरे वाटल्यावर दोघे लांबवर फिरायला जाणार आहेत,आहे रम व व लक्ष देतो मी
/home/hp/Indain_children_spech/ASER-Dataset/audio_processed/chunks/Marathi MH/7/MR_S1_ST_0_chunk0.wav,Marathi,दाजी आजोबा आजारी असतात ते खूप थकलेले दिसतात हल्ली त्यांना नीट दिसत नाहीआजोबांचा नातू रमेश त्यांची खूप काळजी घेतो त्यांना खूप खोकलाही झाला आहे रमेश त्यांना वेळेवर औषध देतो नीट दिसत नसल्यामुळे आजोबा घरात बसून असतात रमेश त्यांच्या हाताला धरून,दजे आजोबा आजारी असतात ते खूप  दितात हल्लीना नीट दिसत नाही आजोबांचा नातू खूप काळजी घो त्यांना खूप खोकलाही झाला आहे रमेश त्यांना वेळेवर औषध देतो नीट दिसत दिसत नसल्यामुळे आजोबा घरात बसून असतात रमेश त्यांच्या हाताला धरून,दाजी आजोबा आजारी असतात ते खूप थकलेले दिसतात हल्ली त्यांना नीट दिसत नाहीआजोबांचा नातू रमेश त्यांची खूप काळजी घेतो त्यांना खूप खोकलाही झाला आहे रमेश त्यांना वेळेवर औषध देतो नीट दिसत नसल्यामुळे आजोबा घरात बसून असतात रमेश त्यांच्या हाताला धरून,दजे आजोबा आजारी असतात ते खूप दितात हल्लीना नीट दिसत नाही आजोबांचा नातू खूप काळजी घो त्यांना खूप खोकलाही झाला आहे रमेश त्यांना वेळेवर औषध देतो नीट दिसत दिसत नसल्यामुळे आजोबा घरात बसून असतात रमेश त्यांच्या हाताला धरून
/home/hp/Indain_children_spech/ASER-Dataset/audio_processed/chunks/Marathi MH/7/MR_S1_ST_0_chunk1.wav,Marathi,घरातल्या घरात फिरवतो घरात बसून आजोबा जुनी गाणी ऐकतात त्यांना नवीन गाणीही ऐकायला आवडतात आजोबांना बरे वाटल्यावर दोघे लांबवर फिरायला जाणार आहेत,घरातल्या घरात फिरवतो घरात बसून आजोबा जुनी गाणी ऐकतात त्यांना नवीन गाणी ह ऐकायला आवडतात आजोबा आजोबांना बरे वाटल्यावर दोघे लांबवर फिरायला जाणार आहेत,घरातल्या घरात फिरवतो घरात बसून आजोबा जुनी गाणी ऐकतात त्यांना नवीन गाणीही ऐकायला आवडतात आजोबांना बरे वाटल्यावर दोघे लांबवर फिरायला जाणार आहेत,घरातल्या घरात फिरवतो घरात बसून आजोबा जुनी गाणी ऐकतात त्यांना नवीन गाणी ह ऐकायला आवडतात आजोबा आजोबांना बरे वाटल्यावर दोघे लांबवर फिरायला जाणार आहेत
/home/hp/Indain_children_spech/ASER-Dataset/audio_processed/chunks/Marathi MH/701/MR_S3_ST_0_chunk0.wav,Marathi,मीना शाळेतून घरी आली ती घरात एकटीच होती तिला करमत नव्हते मग मीनाने वाढदिवशी बाबांनी दिलेली बाहुली कपाटातून काढली ती बाहुली घेऊन खेळायला लागली थोड्या वेळाने,मीना शाळेतून घरी आली ती घरात एकटीच होती तिला करमत नव्हते मग मीनाचे मीनाने वाढदिवसा वाढदिवशी बाबांनी दिलेली बहु बाहुली कपाटातून काढली ती बाहुली घेऊन खेळायला लागली थोड्या वेळा वेळाने,मीना शाळेतून घरी आली ती घरात एकटीच होती तिला करमत नव्हते मग मीनाने वाढदिवशी बाबांनी दिलेली बाहुली कपाटातून काढली ती बाहुली घेऊन खेळायला लागली थोड्या वेळाने,मीना शाळेतून घरी आली ती घरात एकटीच होती तिला करमत नव्हते मग मीनाचे मीनाने वाढदिवसा वाढदिवशी बाबांनी दिलेली बहु बाहुली कपाटातून काढली ती बाहुली घेऊन खेळायला लागली थोड्या वेळा वेळाने
/home/hp/Indain_children_spech/ASER-Dataset/audio_processed/chunks/Marathi MH/701/MR_S3_ST_0_chunk1.wav,Marathi,राधा आली तिने खाऊ आणला होता मीनाने वाढदिवशी मिळालेली बाहुली राधाला दाखविली राधाला बाहुली खूपच आवडलीमीनाने राधाला बाहुली देऊन टाकली राधाने,राधा आली तिने खाऊ आणला हो मीनाने वाढदवशी मि मिळालेली बावली राधाला दाखवली राधाला बाहली खूपच आवडली मीनाने राधाला बावली देऊन टाकली राधाने,राधा आली तिने खाऊ आणला होता मीनाने वाढदिवशी मिळालेली बाहुली राधाला दाखविली राधाला बाहुली खूपच आवडलीमीनाने राधाला बाहुली देऊन टाकली राधाने,राधा आली तिने खाऊ आणला हो मीनाने वाढदवशी मि मिळालेली बावली राधाला दाखवली राधाला बाहली खूपच आवडली मीनाने राधाला बावली देऊन टाकली राधाने
/home/hp/Indain_children_spech/ASER-Dataset/audio_processed/chunks/Marathi MH/701/MR_S3_ST_0_chunk2.wav,Marathi,मीनाला खाऊ दिला दोघी खूपच खूष झाल्या त्यांनी एकमेकींना टाळ्या दिल्या टाळ्या देता देता हसू लागल्या,मीनाला खाऊ दिला दोघी खूपच खुश झाल्या त्यांनी एकमेकींना टाळ्या दिल्या टाळ्या देता देता हसू लागल्या,मीनाला खाऊ दिला दोघी खूपच खूष झाल्या त्यांनी एकमेकींना टाळ्या दिल्या टाळ्या देता देता हसू लागल्या,मीनाला खाऊ दिला दोघी खूपच खुश झाल्या त्यांनी एकमेकींना टाळ्या दिल्या टाळ्या देता देता हसू लागल्या
/home/hp/Indain_children_spech/ASER-Dataset/audio_processed/chunks/Marathi MH/710/MR_S2_ST_0_chunk0.wav,Marathi,एका गावात एक आजीबाई राहत होती आजीचे घर छोटे होते घरासमोर मोठी फुलबाग होती बागेत गुलाब जाईजुई अबोली झेंडूची फुलझाडे होती मोठीमोठी आंब्याची फणसाची झाडे होती झाडांवर पक्ष्यांची घरटी होती हिरवेकोवळे गवत होते आजीची बाग सुंदर होती संध्याकाळ होताच गावातील मुले बागेमध्ये खेळायला येत असत ती भरपूर मजा करत मुलांना खेळताना बघून आजीला,एकााात आजीबाई राहत होती आजी बाबई अबोली झेंडू फ होते मोठी मोठी आंब्याची फणसाची झाडे होती झाडावर पाक्ष्यांची घटी होती हिरवे काव कोवळे गावात आजीचे बाग सुंदर होती संध्याकाळ होताच गावातील मुले बागेमध्ये खेळायला येत असत ती भरपूर माजा करत मुलांना खेळताना बघून आजीला आण,एका गावात एक आजीबाई राहत होती आजीचे घर छोटे होते घरासमोर मोठी फुलबाग होती बागेत गुलाब जाईजुई अबोली झेंडूची फुलझाडे होती मोठीमोठी आंब्याची फणसाची झाडे होती झाडांवर पक्ष्यांची घरटी होती हिरवेकोवळे गवत होते आजीची बाग सुंदर होती संध्याकाळ होताच गावातील मुले बागेमध्ये खेळायला येत असत ती भरपूर मजा करत मुलांना खेळताना बघून आजीला,एकााात आजीबाई राहत होती आजी बाबई अबोली झेंडू फ होते मोठी मोठी आंब्याची फणसाची झाडे होती झाडावर पाक्ष्यांची घटी होती हिरवे काव कोवळे गावात आजीचे बाग सुंदर होती संध्याकाळ होताच गावातील मुले बागेमध्ये खेळायला येत असत ती भरपूर माजा करत मुलांना खेळताना बघून आजीला आण
/home/hp/Indain_children_spech/ASER-Dataset/audio_processed/chunks/Marathi MH/710/MR_S2_ST_0_chunk1.wav,Marathi,आनंद होई आजीबाई संध्याकाळी मुलांना गोष्टी सांगत असे त्यामुळे मुलांनादेखील आजीबाई खूप आवडे,आनंद होई आजीबाई संध्याकाळी मुलांना गोष्टी सांगत असे त्यामुळे मुलांना देखील आजीबाई खूप आवडे,आनंद होई आजीबाई संध्याकाळी मुलांना गोष्टी सांगत असे त्यामुळे मुलांनादेखील आजीबाई खूप आवडे,आनंद होई आजीबाई संध्याकाळी मुलांना गोष्टी सांगत असे त्यामुळे मुलांना देखील आजीबाई खूप आवडे
/home/hp/Indain_children_spech/ASER-Dataset/audio_processed/chunks/Marathi MH/72/MR_S2_ST_0_chunk0.wav,Marathi,एका गावात एक आजीबाई राहत होती आजीचे घर छोटे होते घरासमोर मोठी फुलबाग होती बागेत गुलाब जाईजुई अबोली झेंडूची फुलझाडे होती मोठीमोठी आंब्याची फणसाची झाडे होती झाडांवर पक्ष्यांची घरटी होती हिरवेकोवळे गवत होते आजीची बाग सुंदर होती,एका गावात एक आजीबाई एक आजीबाई राहत होती आजीछ होतेमोरग बाेतबोली अबोली झेंडू झेंडूची फुल झाडे होती मोठी मोठी मोठी आंब्याची फणसाची झाडे होती झाडावर प पक्ष्यांची घरटी घरटी होती हिरवे कोळे गवत होते आजींची बाग सुंदर होती,एका गावात एक आजीबाई राहत होती आजीचे घर छोटे होते घरासमोर मोठी फुलबाग होती बागेत गुलाब जाईजुई अबोली झेंडूची फुलझाडे होती मोठीमोठी आंब्याची फणसाची झाडे होती झाडांवर पक्ष्यांची घरटी होती हिरवेकोवळे गवत होते आजीची बाग सुंदर होती,एका गावात एक आजीबाई एक आजीबाई राहत होती आजीछ होतेमोरग बाेतबोली अबोली झेंडू झेंडूची फुल झाडे होती मोठी मोठी मोठी आंब्याची फणसाची झाडे होती झाडावर प पक्ष्यांची घरटी घरटी होती हिरवे कोळे गवत होते आजींची बाग सुंदर होती
/home/hp/Indain_children_spech/ASER-Dataset/audio_processed/chunks/Marathi MH/72/MR_S2_ST_0_chunk1.wav,Marathi,संध्याकाळ होताच गावातील मुले बागेमध्ये खेळायला येत असत ती भरपूर मजा करत मुलांना खेळताना बघून आजीला आनंद होई आजीबाई संध्याकाळी मुलांना गोष्टी सांगत असे त्यामुळे मुलांनादेखील आजीबाई खूप आवडे,संध्याकाळ संध्याकाळ होत होताच गावातील मुले बागेमध्ये खेळायला येत अस असत असत ती भरपूर मजा करत मुलांना खेळता मुलांना खेळताना बघून आजी आजीला आनंद होई होई आजीबाई संध्याकाळी मुला मुलांना गोष्टी सांगत असते त्यामुळे त्यामुळे मुलांना देखील मुलांना देखील आजीबाई खूप आवडे,संध्याकाळ होताच गावातील मुले बागेमध्ये खेळायला येत असत ती भरपूर मजा करत मुलांना खेळताना बघून आजीला आनंद होई आजीबाई संध्याकाळी मुलांना गोष्टी सांगत असे त्यामुळे मुलांनादेखील आजीबाई खूप आवडे,संध्याकाळ संध्याकाळ होत होताच गावातील मुले बागेमध्ये खेळायला येत अस असत असत ती भरपूर मजा करत मुलांना खेळता मुलांना खेळताना बघून आजी आजीला आनंद होई होई आजीबाई संध्याकाळी मुला मुलांना गोष्टी सांगत असते त्यामुळे त्यामुळे मुलांना देखील मुलांना देखील आजीबाई खूप आवडे
/home/hp/Indain_children_spech/ASER-Dataset/audio_processed/chunks/Marathi MH/722/MR_S4_ST_0_chunk0.wav,Marathi,एक होती आजी एकदा तिला तिच्या बहिणीचे पत्र आले आजीला तिने आपल्या घरी पूजेला बोलाविले होते आजीने आपल्या सामानाचे गाठोडे बांधले निघताना तिने घराला कुलूप लावले ती प्रवासाला पायी निघाली वाटेत,जीने आपल्या सामानाचे गोडे बांधले निघताना तिने घराला कुलूप लावली ती प्रवास आला पायी निघाली वाट,एक होती आजी एकदा तिला तिच्या बहिणीचे पत्र आले आजीला तिने आपल्या घरी पूजेला बोलाविले होते आजीने आपल्या सामानाचे गाठोडे बांधले निघताना तिने घराला कुलूप लावले ती प्रवासाला पायी निघाली वाटेत,जीने आपल्या सामानाचे गोडे बांधले निघताना तिने घराला कुलूप लावली ती प्रवास आला पायी निघाली वाट
/home/hp/Indain_children_spech/ASER-Dataset/audio_processed/chunks/Marathi MH/722/MR_S4_ST_0_chunk1.wav,Marathi,आजीला झरा दिसला चालून चालून थकल्याने ती झऱ्याकाठी बसली थोडे खाऊन तिने थंड पाणी प्यायले आणि ती झोपी गेली काहीं वेळाने समोरून एक टांगा आला टांग्यातील माणसाने,खाऊन तिने थंड पाणी पले आणि ती झोपी गेली काही वेळाने समोरून एक टांगा आला टांग्यातील माणसाने,आजीला झरा दिसला चालून चालून थकल्याने ती झऱ्याकाठी बसली थोडे खाऊन तिने थंड पाणी प्यायले आणि ती झोपी गेली काहीं वेळाने समोरून एक टांगा आला टांग्यातील माणसाने,खाऊन तिने थंड पाणी पले आणि ती झोपी गेली काही वेळाने समोरून एक टांगा आला टांग्यातील माणसाने
/home/hp/Indain_children_spech/ASER-Dataset/audio_processed/chunks/Marathi MH/722/MR_S4_ST_0_chunk2.wav,Marathi,तिला बहिणीकडे सोडले आजीने त्याचे आभार मानले आणि ती घरात गेली,तिला बहिणीकडे सोडले आजीने त्याचे आभार मानले आणि ती घरात गेली,तिला बहिणीकडे सोडले आजीने त्याचे आभार मानले आणि ती घरात गेली,तिला बहिणीकडे सोडले आजीने त्याचे आभार मानले आणि ती घरात गेली
/home/hp/Indain_children_spech/ASER-Dataset/audio_processed/chunks/Marathi MH/737/MR_S1_ST_0_chunk0.wav,Marathi,दाजी आजोबा आजारी असतात ते खूप थकलेले दिसतात हल्ली त्यांना नीट दिसत नाहीआजोबांचा नातू रमेश,दाजी आजोबा आजारी असत ते खूप थकलेले दिसतात हली यां त्यांना नीट दिस दिसत नाही आजोबांचा,दाजी आजोबा आजारी असतात ते खूप थकलेले दिसतात हल्ली त्यांना नीट दिसत नाहीआजोबांचा नातू रमेश,दाजी आजोबा आजारी असत ते खूप थकलेले दिसतात हली यां त्यांना नीट दिस दिसत नाही आजोबांचा
/home/hp/Indain_children_spech/ASER-Dataset/audio_processed/chunks/Marathi MH/737/MR_S1_ST_0_chunk1.wav,Marathi,त्यांची खूप काळजी घेतो त्यांना खूप खोकलाही झाला आहे रमेश त्यांना वेळेवर औषध देतो नीट दिसत नसल्यामुळे आजोबा घरात बसून असतात रमेश त्यांच्या हाताला धरून घरातल्या घरात फिरवतो घरात बसून आजोबा जुनी गाणी ऐकतात त्यांना नवीन गाणीही ऐकायला आवडतात आजोबांना बरे वाटल्यावर दोघे लांबवर फिरायला जाणार आहेत,काळजी घेतो त्यांना त्यांना देता देतो नीट दिस दिसत,त्यांची खूप काळजी घेतो त्यांना खूप खोकलाही झाला आहे रमेश त्यांना वेळेवर औषध देतो नीट दिसत नसल्यामुळे आजोबा घरात बसून असतात रमेश त्यांच्या हाताला धरून घरातल्या घरात फिरवतो घरात बसून आजोबा जुनी गाणी ऐकतात त्यांना नवीन गाणीही ऐकायला आवडतात आजोबांना बरे वाटल्यावर दोघे लांबवर फिरायला जाणार आहेत,काळजी घेतो त्यांना त्यांना देता देतो नीट दिस दिसत
/home/hp/Indain_children_spech/ASER-Dataset/audio_processed/chunks/Marathi MH/739/MR_S4_ST_0_chunk0.wav,Marathi,एक होती आजी एकदा तिला तिच्या बहिणीचे पत्र आले आजीला तिने आपल्या घरी पूजेला बोलाविले होते आजीने आपल्या सामानाचे गाठोडे बांधले निघताना तिने घराला कुलूप लावले ती प्रवासाला पायी निघाली वाटेत आजीला झरा दिसला चालून चालून,समोरचेठोडे बांधले निघताना तिने घराला कुलूप लावली ती प्रवासाला पायी निघाली वाटेत आजीला जरा जरा दिसला चालून चालून,एक होती आजी एकदा तिला तिच्या बहिणीचे पत्र आले आजीला तिने आपल्या घरी पूजेला बोलाविले होते आजीने आपल्या सामानाचे गाठोडे बांधले निघताना तिने घराला कुलूप लावले ती प्रवासाला पायी निघाली वाटेत आजीला झरा दिसला चालून चालून,समोरचेठोडे बांधले निघताना तिने घराला कुलूप लावली ती प्रवासाला पायी निघाली वाटेत आजीला जरा जरा दिसला चालून चालून
/home/hp/Indain_children_spech/ASER-Dataset/audio_processed/chunks/Marathi MH/739/MR_S4_ST_0_chunk1.wav,Marathi,थकल्याने ती झऱ्याकाठी बसली थोडे खाऊन तिने थंड पाणी प्यायले आणि ती झोपी गेली काहीं वेळाने समोरून एक टांगा आला टांग्यातील माणसाने तिला बहिणीकडे सोडले आजीने त्याचे,थकल्या तठीडे खू खाऊन तिने थंड पा आणि ती झोप झोपी गेली काही वेळाने समोर समोरून एक टांगा आला टांग्यातील माणसाने तिला बहिणीकडे सोडले आजीने त तिच्या आबा त्याचे,थकल्याने ती झऱ्याकाठी बसली थोडे खाऊन तिने थंड पाणी प्यायले आणि ती झोपी गेली काहीं वेळाने समोरून एक टांगा आला टांग्यातील माणसाने तिला बहिणीकडे सोडले आजीने त्याचे,थकल्या तठीडे खू खाऊन तिने थंड पा आणि ती झोप झोपी गेली काही वेळाने समोर समोरून एक टांगा आला टांग्यातील माणसाने तिला बहिणीकडे सोडले आजीने त तिच्या आबा त्याचे
/home/hp/Indain_children_spech/ASER-Dataset/audio_processed/chunks/Marathi MH/739/MR_S4_ST_0_chunk2.wav,Marathi,आभार मानले आणि ती घरात गेली,भार मानले आणि तिला घर घरात गेले गेली,आभार मानले आणि ती घरात गेली,भार मानले आणि तिला घर घरात गेले गेली
/home/hp/Indain_children_spech/ASER-Dataset/audio_processed/chunks/Marathi MH/751/MR_S2_ST_0_chunk0.wav,Marathi,एका गावात एक आजीबाई राहत होती आजीचे घर छोटे होते घरासमोर मोठी फुलबाग होती बागेत गुलाब जाईजुई अबोली झेंडूची फुलझाडे होती,एका गावात एक आजीबाई राहत होती आजी छोमोर मोठी फुल बाग होती बागेत गुलाब जाई जाई जाई जुई उ अबोली झेंडूची फुल झाडे होती,एका गावात एक आजीबाई राहत होती आजीचे घर छोटे होते घरासमोर मोठी फुलबाग होती बागेत गुलाब जाईजुई अबोली झेंडूची फुलझाडे होती,एका गावात एक आजीबाई राहत होती आजी छोमोर मोठी फुल बाग होती बागेत गुलाब जाई जाई जाई जुई उ अबोली झेंडूची फुल झाडे होती
/home/hp/Indain_children_spech/ASER-Dataset/audio_processed/chunks/Marathi MH/751/MR_S2_ST_0_chunk1.wav,Marathi,मोठीमोठी आंब्याची फणसाची झाडे होती झाडांवर पक्ष्यांची घरटी होती हिरवेकोवळे गवत होते आजीची बाग सुंदर होती संध्याकाळ होताच गावातील मुले बागेमध्ये खेळायला येत असत ती,मोठी मोठी आंब्याची फ फणसाची झाडे होती झाडावर पक्ष्यांची घरटी होती हिरवे कोवळे गवत होते आजीची बाग सुंदर होती संध्याकाळ होतच गावातील मुले बागेमध्ये खेळायला येत असत ती,मोठीमोठी आंब्याची फणसाची झाडे होती झाडांवर पक्ष्यांची घरटी होती हिरवेकोवळे गवत होते आजीची बाग सुंदर होती संध्याकाळ होताच गावातील मुले बागेमध्ये खेळायला येत असत ती,मोठी मोठी आंब्याची फ फणसाची झाडे होती झाडावर पक्ष्यांची घरटी होती हिरवे कोवळे गवत होते आजीची बाग सुंदर होती संध्याकाळ होतच गावातील मुले बागेमध्ये खेळायला येत असत ती
/home/hp/Indain_children_spech/ASER-Dataset/audio_processed/chunks/Marathi MH/751/MR_S2_ST_0_chunk2.wav,Marathi,भरपूर मजा करत मुलांना खेळताना बघून आजीला आनंद होई आजीबाई संध्याकाळी मुलांना गोष्टी सांगत असे त्यामुळे मुलांनादेखील आजीबाई खूप आवडे,भरपूर मजा करत मुलांना खेळताना बघून आजीला आनंद होऊ होईल होई आजीबाई संध्याकाळी मुलांना गोष्टी सांगत असे त्यामुळे मुलांना देखील आजीबाई खूप आवडे,भरपूर मजा करत मुलांना खेळताना बघून आजीला आनंद होई आजीबाई संध्याकाळी मुलांना गोष्टी सांगत असे त्यामुळे मुलांनादेखील आजीबाई खूप आवडे,भरपूर मजा करत मुलांना खेळताना बघून आजीला आनंद होऊ होईल होई आजीबाई संध्याकाळी मुलांना गोष्टी सांगत असे त्यामुळे मुलांना देखील आजीबाई खूप आवडे
/home/hp/Indain_children_spech/ASER-Dataset/audio_processed/chunks/Marathi MH/758/MR_S4_ST_0_chunk0.wav,Marathi,एक होती आजी एकदा तिला तिच्या बहिणीचे पत्र आले आजीला तिने आपल्या घरी पूजेला बोलाविले होते,ती आजी एकदा तिला तिच्या बहिणीचे पत्र आले आजीला तिने आपल्या घरी जु पूजेला ओ ओलाविले बओोलाविले होते,एक होती आजी एकदा तिला तिच्या बहिणीचे पत्र आले आजीला तिने आपल्या घरी पूजेला बोलाविले होते,ती आजी एकदा तिला तिच्या बहिणीचे पत्र आले आजीला तिने आपल्या घरी जु पूजेला ओ ओलाविले बओोलाविले होते
/home/hp/Indain_children_spech/ASER-Dataset/audio_processed/chunks/Marathi MH/758/MR_S4_ST_0_chunk1.wav,Marathi,आजीने आपल्या सामानाचे गाठोडे बांधले निघताना तिने घराला कुलूप लावले ती,आजीने आपल्या समाठ गठोडे बांधले निघताना तिने घराला कुलूप ला लावले ती,आजीने आपल्या सामानाचे गाठोडे बांधले निघताना तिने घराला कुलूप लावले ती,आजीने आपल्या समाठ गठोडे बांधले निघताना तिने घराला कुलूप ला लावले ती
/home/hp/Indain_children_spech/ASER-Dataset/audio_processed/chunks/Marathi MH/758/MR_S4_ST_0_chunk2.wav,Marathi,प्रवासाला पायी निघाली वाटेत आजीला झरा दिसला चालून चालून थकल्याने ती झऱ्याकाठी बसली थोडे खाऊन तिने थंड पाणी,प्रवासाला पायी निघाली वाटेत आजीला झ झरा दिसला चालून चालून थकल्याने ती झऱ्या काठी बसली थोडे खाऊन तिने थंड पाणी,प्रवासाला पायी निघाली वाटेत आजीला झरा दिसला चालून चालून थकल्याने ती झऱ्याकाठी बसली थोडे खाऊन तिने थंड पाणी,प्रवासाला पायी निघाली वाटेत आजीला झ झरा दिसला चालून चालून थकल्याने ती झऱ्या काठी बसली थोडे खाऊन तिने थंड पाणी
/home/hp/Indain_children_spech/ASER-Dataset/audio_processed/chunks/Marathi MH/758/MR_S4_ST_0_chunk3.wav,Marathi,प्यायले आणि ती झोपी गेली काहीं वेळाने समोरून एक टांगा आला टांग्यातील माणसाने तिला बहिणीकडे सोडले आजीने,प्यायले आणि ती झोप झोपी गेली का काही वेळाने समो समोरून एक टाका आला टाक्यातील माणसाने तिला बहिणीकडे सोडवले आजीने,प्यायले आणि ती झोपी गेली काहीं वेळाने समोरून एक टांगा आला टांग्यातील माणसाने तिला बहिणीकडे सोडले आजीने,प्यायले आणि ती झोप झोपी गेली का काही वेळाने समो समोरून एक टाका आला टाक्यातील माणसाने तिला बहिणीकडे सोडवले आजीने
/home/hp/Indain_children_spech/ASER-Dataset/audio_processed/chunks/Marathi MH/758/MR_S4_ST_0_chunk4.wav,Marathi,त्याचे आभार मानले आणि ती घरात गेली,त्याचे आभार मानले आणि ती घ घरात गेली,त्याचे आभार मानले आणि ती घरात गेली,त्याचे आभार मानले आणि ती घ घरात गेली
/home/hp/Indain_children_spech/ASER-Dataset/audio_processed/chunks/Marathi MH/765/MR_S1_ST_0_chunk0.wav,Marathi,दाजी आजोबा आजारी असतात ते खूप थकलेले दिसतात हल्ली त्यांना नीट दिसत नाहीआजोबांचा नातू रमेश त्यांची खूप काळजी घेतो त्यांना खूप खोकलाही झाला आहे रमेश त्यांना वेळेवर औषध देतो नीट दिसत नसल्यामुळे आजोबा घरात बसून असतात रमेश त्यांच्या,दाजी आजोबा आज आजारी असतात ते खूप थकले दिसतात हली हल त्यांनी नीट दिसत नाही आजोबा नातू रमेश त्यांच्या खूप काळजी घेतो त्या खूप खणही झाला आहे रमेश त्यांना वेळेवर औषध देतो नीट दिसतो नसल्यामुळे आजोबा घरात बसून असतात रमेश त्यांच्या,दाजी आजोबा आजारी असतात ते खूप थकलेले दिसतात हल्ली त्यांना नीट दिसत नाहीआजोबांचा नातू रमेश त्यांची खूप काळजी घेतो त्यांना खूप खोकलाही झाला आहे रमेश त्यांना वेळेवर औषध देतो नीट दिसत नसल्यामुळे आजोबा घरात बसून असतात रमेश त्यांच्या,दाजी आजोबा आज आजारी असतात ते खूप थकले दिसतात हली हल त्यांनी नीट दिसत नाही आजोबा नातू रमेश त्यांच्या खूप काळजी घेतो त्या खूप खणही झाला आहे रमेश त्यांना वेळेवर औषध देतो नीट दिसतो नसल्यामुळे आजोबा घरात बसून असतात रमेश त्यांच्या
/home/hp/Indain_children_spech/ASER-Dataset/audio_processed/chunks/Marathi MH/765/MR_S1_ST_0_chunk1.wav,Marathi,हाताला धरून घरातल्या घरात फिरवतो घरात बसून आजोबा जुनी गाणी ऐकतात त्यांना नवीन गाणीही ऐकायला आवडतात आजोबांना बरे वाटल्यावर दोघे लांबवर फिरायला जाणार आहेत,घरात बसून आजोबा जणू आणि एखादाच त्यांना नवीन काणी ऐकायलावटतो आजोबा बरे वाटल्यावर दोघं लांबवर फिरायला जाणार आहेत,हाताला धरून घरातल्या घरात फिरवतो घरात बसून आजोबा जुनी गाणी ऐकतात त्यांना नवीन गाणीही ऐकायला आवडतात आजोबांना बरे वाटल्यावर दोघे लांबवर फिरायला जाणार आहेत,घरात बसून आजोबा जणू आणि एखादाच त्यांना नवीन काणी ऐकायलावटतो आजोबा बरे वाटल्यावर दोघं लांबवर फिरायला जाणार आहेत
/home/hp/Indain_children_spech/ASER-Dataset/audio_processed/chunks/Marathi MH/774/MR_S3_ST_0_chunk0.wav,Marathi,मीना शाळेतून घरी आली ती घरात एकटीच होती तिला करमत नव्हते मग मीनाने वाढदिवशी बाबांनी दिलेली बाहुली कपाटातून काढली ती बाहुली घेऊन खेळायला लागली थोड्या वेळाने राधा आली तिने खाऊ आणला होता मीनाने वाढदिवशी मिळालेली बाहुली राधाला,मीना शाळेतून घली आली ती घर एकटीच होती तिला कत नव्हते मग मीनाने वाढदिव वाढदिवशी बाबांनी दिलेली बावली कपाटातून काढली ती बाऊली घे घेऊन खेळायला लागली थोड्या वेळाने लादा आली तिने खाऊ आणला होता मीनाने वाढद वाढदिवशी मि मिळालेली बाऊली बावली लादाला,मीना शाळेतून घरी आली ती घरात एकटीच होती तिला करमत नव्हते मग मीनाने वाढदिवशी बाबांनी दिलेली बाहुली कपाटातून काढली ती बाहुली घेऊन खेळायला लागली थोड्या वेळाने राधा आली तिने खाऊ आणला होता मीनाने वाढदिवशी मिळालेली बाहुली राधाला,मीना शाळेतून घली आली ती घर एकटीच होती तिला कत नव्हते मग मीनाने वाढदिव वाढदिवशी बाबांनी दिलेली बावली कपाटातून काढली ती बाऊली घे घेऊन खेळायला लागली थोड्या वेळाने लादा आली तिने खाऊ आणला होता मीनाने वाढद वाढदिवशी मि मिळालेली बाऊली बावली लादाला
/home/hp/Indain_children_spech/ASER-Dataset/audio_processed/chunks/Marathi MH/774/MR_S3_ST_0_chunk1.wav,Marathi,दाखविली राधाला बाहुली खूपच आवडलीमीनाने राधाला बाहुली देऊन टाकली राधाने मीनाला खाऊ दिला दोघी खूपच खूष झाल्या त्यांनी एकमेकींना टाळ्या दिल्या टाळ्या देता देता हसू लागल्या,दाखवली लादाला बावली खूपच आवडली आवडली मीनाने लादाला बाऊली देऊन टाकली लादाने मीना मीनाला खाऊ दिला दो दोघी खूपच खुश झाल्या त्यांनी एकमेक मेकींना ताळया दिल्या तालया ताल्या देता देता हसू लागल्या,दाखविली राधाला बाहुली खूपच आवडलीमीनाने राधाला बाहुली देऊन टाकली राधाने मीनाला खाऊ दिला दोघी खूपच खूष झाल्या त्यांनी एकमेकींना टाळ्या दिल्या टाळ्या देता देता हसू लागल्या,दाखवली लादाला बावली खूपच आवडली आवडली मीनाने लादाला बाऊली देऊन टाकली लादाने मीना मीनाला खाऊ दिला दो दोघी खूपच खुश झाल्या त्यांनी एकमेक मेकींना ताळया दिल्या तालया ताल्या देता देता हसू लागल्या
/home/hp/Indain_children_spech/ASER-Dataset/audio_processed/chunks/Marathi MH/805/MR_S1_ST_0_chunk0.wav,Marathi,दाजी आजोबा आजारी असतात ते खूप थकलेले दिसतात हल्ली त्यांना नीट दिसत नाहीआजोबांचा नातू रमेश त्यांची खूप काळजी घेतो त्यांना खूप खोकलाही झाला आहे रमेश त्यांना वेळेवर औषध देतो नीट दिसत नसल्यामुळे आजोबा घरात,ताजी आजोबा आजारी अस असतात ते खूप थकले थकलेले दिसतात हल्ली त्यांना नीट दिस दिसत नाही आजोबाचा नातू रमेश त्यांची खूप काळजी घेतो त्यांना खूप खोकलाही झाला आहे रमेश त्यांना वेळेवर औषध देतो नीट दिसत नसल्यामुळे आजोबा घरात,दाजी आजोबा आजारी असतात ते खूप थकलेले दिसतात हल्ली त्यांना नीट दिसत नाहीआजोबांचा नातू रमेश त्यांची खूप काळजी घेतो त्यांना खूप खोकलाही झाला आहे रमेश त्यांना वेळेवर औषध देतो नीट दिसत नसल्यामुळे आजोबा घरात,ताजी आजोबा आजारी अस असतात ते खूप थकले थकलेले दिसतात हल्ली त्यांना नीट दिस दिसत नाही आजोबाचा नातू रमेश त्यांची खूप काळजी घेतो त्यांना खूप खोकलाही झाला आहे रमेश त्यांना वेळेवर औषध देतो नीट दिसत नसल्यामुळे आजोबा घरात
/home/hp/Indain_children_spech/ASER-Dataset/audio_processed/chunks/Marathi MH/805/MR_S1_ST_0_chunk1.wav,Marathi,बसून असतात रमेश त्यांच्या हाताला धरून घरातल्या घरात फिरवतो घरात बसून आजोबा जुनी गाणी ऐकतात त्यांना नवीन गाणीही ऐकायला आवडतात आजोबांना बरे वाटल्यावर दोघे लांबवर फिरायला जाणार आहेत,बसून असतात रमेश त्यांना हातातला धरून घर घरातल्या घरात फिरवतो घरात बसून आजोबा जुनी गाणी ऐकतात त्यांना नवीन गाणीही ऐकायला आवडतात आजोबांना बरे वाटल्यावर दोघे लांबवर फिरायला जाणार आहेत,बसून असतात रमेश त्यांच्या हाताला धरून घरातल्या घरात फिरवतो घरात बसून आजोबा जुनी गाणी ऐकतात त्यांना नवीन गाणीही ऐकायला आवडतात आजोबांना बरे वाटल्यावर दोघे लांबवर फिरायला जाणार आहेत,बसून असतात रमेश त्यांना हातातला धरून घर घरातल्या घरात फिरवतो घरात बसून आजोबा जुनी गाणी ऐकतात त्यांना नवीन गाणीही ऐकायला आवडतात आजोबांना बरे वाटल्यावर दोघे लांबवर फिरायला जाणार आहेत
/home/hp/Indain_children_spech/ASER-Dataset/audio_processed/chunks/Marathi MH/812/MR_S1_ST_0_chunk0.wav,Marathi,दाजी आजोबा आजारी असतात ते खूप थकलेले दिसतात हल्ली त्यांना नीट दिसत नाहीआजोबांचा नातू रमेश त्यांची खूप काळजी घेतो त्यांना खूप,दाजी आजोबा आजारी असतात ते खूप खूप थकलेले थकलेले दिसतात हल् हल्ली त्यांना नीट दिसत नाही आजोबा यांचा नातू रमेश त्या त्याची ही खूप काळजी घे घेतो त्यांना खूप,दाजी आजोबा आजारी असतात ते खूप थकलेले दिसतात हल्ली त्यांना नीट दिसत नाहीआजोबांचा नातू रमेश त्यांची खूप काळजी घेतो त्यांना खूप,दाजी आजोबा आजारी असतात ते खूप खूप थकलेले थकलेले दिसतात हल् हल्ली त्यांना नीट दिसत नाही आजोबा यांचा नातू रमेश त्या त्याची ही खूप काळजी घे घेतो त्यांना खूप
/home/hp/Indain_children_spech/ASER-Dataset/audio_processed/chunks/Marathi MH/812/MR_S1_ST_0_chunk1.wav,Marathi,खोकलाही झाला आहे रमेश त्यांना वेळेवर औषध देतो नीट दिसत नसल्यामुळे आजोबा घरात बसून असतात रमेश त्यांच्या हाताला धरून घरातल्या घरात,खोकलाही झाला आहे रमेश त्यांना त्यांना वेळेवर अव औषध देतो नीट दिस नीट दिसत नसल्यामुळे हे आजोबा घरात घरात बसून असतात रमेश त्याच्या हाता आला हाताला धरन घर घरातल्या घरात,खोकलाही झाला आहे रमेश त्यांना वेळेवर औषध देतो नीट दिसत नसल्यामुळे आजोबा घरात बसून असतात रमेश त्यांच्या हाताला धरून घरातल्या घरात,खोकलाही झाला आहे रमेश त्यांना त्यांना वेळेवर अव औषध देतो नीट दिस नीट दिसत नसल्यामुळे हे आजोबा घरात घरात बसून असतात रमेश त्याच्या हाता आला हाताला धरन घर घरातल्या घरात
/home/hp/Indain_children_spech/ASER-Dataset/audio_processed/chunks/Marathi MH/812/MR_S1_ST_0_chunk2.wav,Marathi,फिरवतो घरात बसून आजोबा जुनी गाणी ऐकतात त्यांना नवीन गाणीही ऐकायला आवडतात आजोबांना बरे वाटल्यावर दोघे लांबवर फिरायला जाणार,फिरवतो घातून आजोबा ज गाणी ऐकतात त्यांना नवी गाणी ह हे गयला हे खकायला आवडतात आजोबांना बरेच वाट वाटल्यावर वर दोघे लांब लांब वर लांब वर फिरायला जाणार,फिरवतो घरात बसून आजोबा जुनी गाणी ऐकतात त्यांना नवीन गाणीही ऐकायला आवडतात आजोबांना बरे वाटल्यावर दोघे लांबवर फिरायला जाणार,फिरवतो घातून आजोबा ज गाणी ऐकतात त्यांना नवी गाणी ह हे गयला हे खकायला आवडतात आजोबांना बरेच वाट वाटल्यावर वर दोघे लांब लांब वर लांब वर फिरायला जाणार
/home/hp/Indain_children_spech/ASER-Dataset/audio_processed/chunks/Marathi MH/857/MR_S1_ST_0_chunk0.wav,Marathi,दाजी आजोबा आजारी असतात ते खूप थकलेले दिसतात हल्ली त्यांना नीट दिसत नाहीआजोबांचा नातू रमेश त्यांची खूप काळजी घेतो त्यांना खूप खोकलाही झाला आहे रमेश त्यांना वेळेवर औषध देतो नीट दिसत नसल्यामुळे आजोबा,दाजी आजोबा आजारी असतात ते खूप थकलेले दिसतात ह हल्लीली त्यांना नीट दिसत नाही आजोबांचा नातू रमेश त्यांची खूप काळजी घेतो त्यांना खोपल खो खोकली खोकलाही झाला आहे रम रमेश त्यांना वेळेवर औषधं देतो नीट दिस दिसतच नसल्यामुळे आजो आजोबा,दाजी आजोबा आजारी असतात ते खूप थकलेले दिसतात हल्ली त्यांना नीट दिसत नाहीआजोबांचा नातू रमेश त्यांची खूप काळजी घेतो त्यांना खूप खोकलाही झाला आहे रमेश त्यांना वेळेवर औषध देतो नीट दिसत नसल्यामुळे आजोबा,दाजी आजोबा आजारी असतात ते खूप थकलेले दिसतात ह हल्लीली त्यांना नीट दिसत नाही आजोबांचा नातू रमेश त्यांची खूप काळजी घेतो त्यांना खोपल खो खोकली खोकलाही झाला आहे रम रमेश त्यांना वेळेवर औषधं देतो नीट दिस दिसतच नसल्यामुळे आजो आजोबा
/home/hp/Indain_children_spech/ASER-Dataset/audio_processed/chunks/Marathi MH/857/MR_S1_ST_0_chunk1.wav,Marathi,घरात बसून असतात रमेश त्यांच्या हाताला धरून घरातल्या घरात फिरवतो घरात बसून आजोबा जुनी गाणी ऐकतात त्यांना नवीन गाणीही ऐकायला आवडतात आजोबांना बरे वाटल्यावर दोघे लांबवर फिरायला जाणार आहेत,धर आजोबा जुनी गाणी ऐकतात त्यांना नवीन गाणी हे ऐक ऐकायला आवडतात आजोबांना बरे वाटल्यावर दोघे लांबवरर फिरायला जाणार आहेत,घरात बसून असतात रमेश त्यांच्या हाताला धरून घरातल्या घरात फिरवतो घरात बसून आजोबा जुनी गाणी ऐकतात त्यांना नवीन गाणीही ऐकायला आवडतात आजोबांना बरे वाटल्यावर दोघे लांबवर फिरायला जाणार आहेत,धर आजोबा जुनी गाणी ऐकतात त्यांना नवीन गाणी हे ऐक ऐकायला आवडतात आजोबांना बरे वाटल्यावर दोघे लांबवरर फिरायला जाणार आहेत
/home/hp/Indain_children_spech/ASER-Dataset/audio_processed/chunks/Marathi MH/894/MR_S1_ST_0_chunk0.wav,Marathi,दाजी आजोबा आजारी असतात ते खूप थकलेले दिसतात हल्ली त्यांना नीट दिसत नाहीआजोबांचा नातू रमेश त्यांची खूप काळजी घेतो त्यांना खूप खोकलाही झाला आहे रमेश त्यांना वेळेवर औषध देतो,ताजी आजोबा आजारी असतात ते खूप थकलेले दिसतात हल्ली त्यांना नीट दिसत नाही आजोबांचा नातू रमेश यांची खूप काळजी घेतो त्यांना खूप खोकलाईला झा झाला आहे रमेश त्यांना वेळेवर औषध देतो,दाजी आजोबा आजारी असतात ते खूप थकलेले दिसतात हल्ली त्यांना नीट दिसत नाहीआजोबांचा नातू रमेश त्यांची खूप काळजी घेतो त्यांना खूप खोकलाही झाला आहे रमेश त्यांना वेळेवर औषध देतो,ताजी आजोबा आजारी असतात ते खूप थकलेले दिसतात हल्ली त्यांना नीट दिसत नाही आजोबांचा नातू रमेश यांची खूप काळजी घेतो त्यांना खूप खोकलाईला झा झाला आहे रमेश त्यांना वेळेवर औषध देतो
/home/hp/Indain_children_spech/ASER-Dataset/audio_processed/chunks/Marathi MH/894/MR_S1_ST_0_chunk1.wav,Marathi,नीट दिसत नसल्यामुळे आजोबा घरात बसून असतात रमेश त्यांच्या हाताला धरून घरातल्या घरात फिरवतो घरात बसून आजोबा जुनी गाणी ऐकतात त्यांना नवीन गाणीही ऐकायला आवडतात,न दिवस नसल्यामुळे आजोबा घरात बसून असतात रमेश त्यांचा हाताला धरून घरातल्या घरात फिरतो घरात बसून आजोबा जुनी गाणी ऐकतात त्यांना नवीन गाणीही ऐकायला आवडतात,नीट दिसत नसल्यामुळे आजोबा घरात बसून असतात रमेश त्यांच्या हाताला धरून घरातल्या घरात फिरवतो घरात बसून आजोबा जुनी गाणी ऐकतात त्यांना नवीन गाणीही ऐकायला आवडतात,न दिवस नसल्यामुळे आजोबा घरात बसून असतात रमेश त्यांचा हाताला धरून घरातल्या घरात फिरतो घरात बसून आजोबा जुनी गाणी ऐकतात त्यांना नवीन गाणीही ऐकायला आवडतात
/home/hp/Indain_children_spech/ASER-Dataset/audio_processed/chunks/Marathi MH/894/MR_S1_ST_0_chunk2.wav,Marathi,आजोबांना बरे वाटल्यावर दोघे लांबवर फिरायला जाणार आहेत,आजोबांना बरे वाटल्यावर दोघे लांबवर फिरायला जाणार आहे,आजोबांना बरे वाटल्यावर दोघे लांबवर फिरायला जाणार आहेत,आजोबांना बरे वाटल्यावर दोघे लांबवर फिरायला जाणार आहे
/home/hp/Indain_children_spech/ASER-Dataset/audio_processed/chunks/Marathi MH/899/MR_S4_ST_0_chunk0.wav,Marathi,एक होती आजी एकदा तिला तिच्या बहिणीचे पत्र आले आजीला तिने आपल्या घरी पूजेला बोलाविले होते आजीने आपल्या सामानाचे गाठोडे बांधले निघताना तिने घराला कुलूप लावले ती प्रवासाला पायी निघाली वाटेत आजीला झरा दिसला चालून चालून थकल्याने ती झऱ्याकाठी,थोडे बांधलेंना तिने घराला कुलूप ला लावले ती प्रवासाला पाय निघाली वाटते आजीला जरा तिस चालून चालून थकल्याने ती जऱ काठी,एक होती आजी एकदा तिला तिच्या बहिणीचे पत्र आले आजीला तिने आपल्या घरी पूजेला बोलाविले होते आजीने आपल्या सामानाचे गाठोडे बांधले निघताना तिने घराला कुलूप लावले ती प्रवासाला पायी निघाली वाटेत आजीला झरा दिसला चालून चालून थकल्याने ती झऱ्याकाठी,थोडे बांधलेंना तिने घराला कुलूप ला लावले ती प्रवासाला पाय निघाली वाटते आजीला जरा तिस चालून चालून थकल्याने ती जऱ काठी
/home/hp/Indain_children_spech/ASER-Dataset/audio_processed/chunks/Marathi MH/899/MR_S4_ST_0_chunk1.wav,Marathi,बसली थोडे खाऊन तिने थंड पाणी प्यायले आणि ती झोपी गेली काहीं वेळाने समोरून एक टांगा आला टांग्यातील माणसाने तिला बहिणीकडे सोडले आजीने त्याचे आभार मानले आणि ती घरात गेली,बसली थोडे खाऊन तिने थंड पाणी प्यायले आणि ती झोपी गेली काही वेळाने समोरून एक टांगा आला टांग्यातील माणसाने तिला बहिणीकडे सोडले आजीने त्याचे आभार मानले आणि ती घरात गेली,बसली थोडे खाऊन तिने थंड पाणी प्यायले आणि ती झोपी गेली काहीं वेळाने समोरून एक टांगा आला टांग्यातील माणसाने तिला बहिणीकडे सोडले आजीने त्याचे आभार मानले आणि ती घरात गेली,बसली थोडे खाऊन तिने थंड पाणी प्यायले आणि ती झोपी गेली काही वेळाने समोरून एक टांगा आला टांग्यातील माणसाने तिला बहिणीकडे सोडले आजीने त्याचे आभार मानले आणि ती घरात गेली
/home/hp/Indain_children_spech/ASER-Dataset/audio_processed/chunks/Marathi MH/919/MR_S4_ST_0_chunk0.wav,Marathi,एक होती आजी एकदा तिला तिच्या बहिणीचे पत्र आले आजीला तिने आपल्या घरी पूजेला बोलाविले होते आजीने आपल्या सामानाचे गाठोडे बांधले निघताना तिने घराला कुलूप लावले ती प्रवासाला पायी निघाली वाटेत आजीला,आजीने आपल्या समानीडे बांधले निघताना तिने घराला कलूप लावली ते प्रवासाला पायी निघाली वाटत आजीची,एक होती आजी एकदा तिला तिच्या बहिणीचे पत्र आले आजीला तिने आपल्या घरी पूजेला बोलाविले होते आजीने आपल्या सामानाचे गाठोडे बांधले निघताना तिने घराला कुलूप लावले ती प्रवासाला पायी निघाली वाटेत आजीला,आजीने आपल्या समानीडे बांधले निघताना तिने घराला कलूप लावली ते प्रवासाला पायी निघाली वाटत आजीची
/home/hp/Indain_children_spech/ASER-Dataset/audio_processed/chunks/Marathi MH/919/MR_S4_ST_0_chunk1.wav,Marathi,झरा दिसला चालून चालून थकल्याने ती झऱ्याकाठी बसली थोडे खाऊन तिने थंड पाणी प्यायले आणि ती झोपी गेली काहीं वेळाने समोरून एक,झ दिसले चालून चालून त थंड थंडी खाऊन तिने थोडे पाणी पिले आणि ती झोपी गेली काही वेळाने समोरून एक,झरा दिसला चालून चालून थकल्याने ती झऱ्याकाठी बसली थोडे खाऊन तिने थंड पाणी प्यायले आणि ती झोपी गेली काहीं वेळाने समोरून एक,झ दिसले चालून चालून त थंड थंडी खाऊन तिने थोडे पाणी पिले आणि ती झोपी गेली काही वेळाने समोरून एक
/home/hp/Indain_children_spech/ASER-Dataset/audio_processed/chunks/Marathi MH/919/MR_S4_ST_0_chunk2.wav,Marathi,टांगा आला टांग्यातील माणसाने तिला बहिणीकडे सोडले आजीने त्याचे आभार मानले आणि ती घरात गेली,आला तिला बहिणीकडेड सोडले आजीने त्याचे आभार मानले आणि ती घ घरी घरात गेली,टांगा आला टांग्यातील माणसाने तिला बहिणीकडे सोडले आजीने त्याचे आभार मानले आणि ती घरात गेली,आला तिला बहिणीकडेड सोडले आजीने त्याचे आभार मानले आणि ती घ घरी घरात गेली
/home/hp/Indain_children_spech/ASER-Dataset/audio_processed/chunks/Marathi MH/936/MR_S2_ST_0_chunk0.wav,Marathi,एका गावात एक आजीबाई राहत होती आजीचे घर छोटे होते घरासमोर मोठी फुलबाग होती बागेत गुलाब जाईजुई अबोली झेंडूची फुलझाडे होती मोठीमोठी आंब्याची फणसाची झाडे होती झाडांवर पक्ष्यांची घरटी होती हिरवेकोवळे गवत होते,एका गावात एक आजीबाई राहत होती आजीने घरछ आजीचेछ होते घोर मोठी फुलबाग होती बागेत गुलाब जाई जुई अबोली झेंडूची फुल फुल झाडे होती मोठी मोठी आंब्याची फणसाची झाडे होती झाडावर पक्ष्यांची घरटी होती हिरवे कोवळे गवत होते,एका गावात एक आजीबाई राहत होती आजीचे घर छोटे होते घरासमोर मोठी फुलबाग होती बागेत गुलाब जाईजुई अबोली झेंडूची फुलझाडे होती मोठीमोठी आंब्याची फणसाची झाडे होती झाडांवर पक्ष्यांची घरटी होती हिरवेकोवळे गवत होते,एका गावात एक आजीबाई राहत होती आजीने घरछ आजीचेछ होते घोर मोठी फुलबाग होती बागेत गुलाब जाई जुई अबोली झेंडूची फुल फुल झाडे होती मोठी मोठी आंब्याची फणसाची झाडे होती झाडावर पक्ष्यांची घरटी होती हिरवे कोवळे गवत होते
/home/hp/Indain_children_spech/ASER-Dataset/audio_processed/chunks/Marathi MH/936/MR_S2_ST_0_chunk1.wav,Marathi,आजीची बाग सुंदर होती संध्याकाळ होताच गावातील मुले बागेमध्ये खेळायला येत असत ती भरपूर मजा करत मुलांना खेळताना बघून आजीला आनंद होई आजीबाई संध्याकाळी मुलांना गोष्टी सांगत असे त्यामुळे मुलांनादेखील आजीबाई खूप आवडे,आजीची बाग सुंदर होती संध्याकाळ होत होताच गावातील मुले बागेमध्ये खेळायला येत असत ती भरपूर मजा करत मुलांनी खेळताना बघून आजीला आनंद होई आजीबाई संध्याकाळी मुलांना गोष्टी सांगत असे त्यामुळे मुलां देेखील आजीबाई खूप आवडते,आजीची बाग सुंदर होती संध्याकाळ होताच गावातील मुले बागेमध्ये खेळायला येत असत ती भरपूर मजा करत मुलांना खेळताना बघून आजीला आनंद होई आजीबाई संध्याकाळी मुलांना गोष्टी सांगत असे त्यामुळे मुलांनादेखील आजीबाई खूप आवडे,आजीची बाग सुंदर होती संध्याकाळ होत होताच गावातील मुले बागेमध्ये खेळायला येत असत ती भरपूर मजा करत मुलांनी खेळताना बघून आजीला आनंद होई आजीबाई संध्याकाळी मुलांना गोष्टी सांगत असे त्यामुळे मुलां देेखील आजीबाई खूप आवडते
/home/hp/Indain_children_spech/ASER-Dataset/audio_processed/chunks/Marathi MH/94/MR_S2_ST_0_chunk0.wav,Marathi,एका गावात एक आजीबाई राहत होती आजीचे घर छोटे होते घरासमोर मोठी फुलबाग होती बागेत गुलाब जाईजुई अबोली झेंडूची फुलझाडे होती मोठीमोठी आंब्याची फणसाची,ीई गुलाब होती बागेत गुलाब जाई जोई अबोली झेंडूचे फुल झाडे होते मोठी मोठी आंब्याचे फनसाची,एका गावात एक आजीबाई राहत होती आजीचे घर छोटे होते घरासमोर मोठी फुलबाग होती बागेत गुलाब जाईजुई अबोली झेंडूची फुलझाडे होती मोठीमोठी आंब्याची फणसाची,ीई गुलाब होती बागेत गुलाब जाई जोई अबोली झेंडूचे फुल झाडे होते मोठी मोठी आंब्याचे फनसाची
/home/hp/Indain_children_spech/ASER-Dataset/audio_processed/chunks/Marathi MH/94/MR_S2_ST_0_chunk1.wav,Marathi,झाडे होती झाडांवर पक्ष्यांची घरटी होती हिरवेकोवळे गवत होते आजीची बाग सुंदर होती संध्याकाळ होताच गावातील मुले बागेमध्ये खेळायला,बाग सुंदर होते संध्याकाळी होता गावातील मुले बाग बागीमध्ये खेळायला,झाडे होती झाडांवर पक्ष्यांची घरटी होती हिरवेकोवळे गवत होते आजीची बाग सुंदर होती संध्याकाळ होताच गावातील मुले बागेमध्ये खेळायला,बाग सुंदर होते संध्याकाळी होता गावातील मुले बाग बागीमध्ये खेळायला
/home/hp/Indain_children_spech/ASER-Dataset/audio_processed/chunks/Marathi MH/94/MR_S2_ST_0_chunk2.wav,Marathi,येत असत ती भरपूर मजा करत मुलांना खेळताना बघून आजीला आनंद होई आजीबाई संध्याकाळी मुलांना गोष्टी सांगत असे त्यामुळे मुलांनादेखील आजीबाई खूप आवडे,येत असत ती भरपूर मजा करत मुलांना खेळताना बघून आजीला आनंद होऊ आजीबाई संध्याकाळी मुलांना गोष्टी सांगते सांगत असे त्या त्यामुळे मुलांना देख खल आजीबाई खूप आवडते,येत असत ती भरपूर मजा करत मुलांना खेळताना बघून आजीला आनंद होई आजीबाई संध्याकाळी मुलांना गोष्टी सांगत असे त्यामुळे मुलांनादेखील आजीबाई खूप आवडे,येत असत ती भरपूर मजा करत मुलांना खेळताना बघून आजीला आनंद होऊ आजीबाई संध्याकाळी मुलांना गोष्टी सांगते सांगत असे त्या त्यामुळे मुलांना देख खल आजीबाई खूप आवडते
/home/hp/Indain_children_spech/ASER-Dataset/audio_processed/chunks/Marathi MH/941/MR_S1_ST_0_chunk0.wav,Marathi,दाजी आजोबा आजारी असतात ते खूप थकलेले दिसतात हल्ली त्यांना नीट दिसत नाहीआजोबांचा नातू रमेश त्यांची खूप काळजी घेतो त्यांना खूप,दाजी आजोबा आजारी असतात ते खूप थकलेले दिसतात हल्ली त्यांना मीठ दिसत नाही आजोबाचा नातू रमेश त्याची खूप काळजी घेतो त्यांना खूप,दाजी आजोबा आजारी असतात ते खूप थकलेले दिसतात हल्ली त्यांना नीट दिसत नाहीआजोबांचा नातू रमेश त्यांची खूप काळजी घेतो त्यांना खूप,दाजी आजोबा आजारी असतात ते खूप थकलेले दिसतात हल्ली त्यांना मीठ दिसत नाही आजोबाचा नातू रमेश त्याची खूप काळजी घेतो त्यांना खूप
/home/hp/Indain_children_spech/ASER-Dataset/audio_processed/chunks/Marathi MH/941/MR_S1_ST_0_chunk1.wav,Marathi,खोकलाही झाला आहे रमेश त्यांना वेळेवर औषध देतो नीट दिसत नसल्यामुळे आजोबा घरात बसून असतात रमेश,खोललाही घेतो त्यांना खूप खोकलाही झाला आहे रेश त्यांना वेळेवर औषध देतो नीट दिसतो नसल्यामुळे आजोबा घरात बसून असतात रमेश,खोकलाही झाला आहे रमेश त्यांना वेळेवर औषध देतो नीट दिसत नसल्यामुळे आजोबा घरात बसून असतात रमेश,खोललाही घेतो त्यांना खूप खोकलाही झाला आहे रेश त्यांना वेळेवर औषध देतो नीट दिसतो नसल्यामुळे आजोबा घरात बसून असतात रमेश
/home/hp/Indain_children_spech/ASER-Dataset/audio_processed/chunks/Marathi MH/941/MR_S1_ST_0_chunk2.wav,Marathi,त्यांच्या हाताला धरून घरातल्या घरात फिरवतो घरात बसून आजोबा जुनी गाणी ऐकतात त्यांना नवीन गाणीही ऐकायला,त्याच्या हाताला धरून घरातल्या घरात फिरवता फिरवतो घरात बसून आजोबा जुनी गाणी ऐकतात त्यांना नवीन गाणीही ऐकायला,त्यांच्या हाताला धरून घरातल्या घरात फिरवतो घरात बसून आजोबा जुनी गाणी ऐकतात त्यांना नवीन गाणीही ऐकायला,त्याच्या हाताला धरून घरातल्या घरात फिरवता फिरवतो घरात बसून आजोबा जुनी गाणी ऐकतात त्यांना नवीन गाणीही ऐकायला
/home/hp/Indain_children_spech/ASER-Dataset/audio_processed/chunks/Marathi MH/941/MR_S1_ST_0_chunk3.wav,Marathi,आवडतात आजोबांना बरे वाटल्यावर दोघे लांबवर फिरायला जाणार आहेत,आवडतात आजोबांना बरे वाटल्यावर दोघे लांबवर फिरायला जाणार आहेत,आवडतात आजोबांना बरे वाटल्यावर दोघे लांबवर फिरायला जाणार आहेत,आवडतात आजोबांना बरे वाटल्यावर दोघे लांबवर फिरायला जाणार आहेत
/home/hp/Indain_children_spech/ASER-Dataset/audio_processed/chunks/Marathi MH/947/MR_S2_ST_0_chunk0.wav,Marathi,एका गावात एक आजीबाई राहत होती आजीचे घर छोटे होते घरासमोर मोठी फुलबाग होती बागेत गुलाब जाईजुई अबोली झेंडूची फुलझाडे होती मोठीमोठी आंब्याची,एका गावात एक आज आजी बाई राहत होती आजी आजीचे घ छोटे होते घ घरासमोर मोठी फुलबाग होती बागेत गुलाब जाई जुई आबोली झेंडूची झा फुलझडे होती मोठी मोठी आंब्याची,एका गावात एक आजीबाई राहत होती आजीचे घर छोटे होते घरासमोर मोठी फुलबाग होती बागेत गुलाब जाईजुई अबोली झेंडूची फुलझाडे होती मोठीमोठी आंब्याची,एका गावात एक आज आजी बाई राहत होती आजी आजीचे घ छोटे होते घ घरासमोर मोठी फुलबाग होती बागेत गुलाब जाई जुई आबोली झेंडूची झा फुलझडे होती मोठी मोठी आंब्याची
/home/hp/Indain_children_spech/ASER-Dataset/audio_processed/chunks/Marathi MH/947/MR_S2_ST_0_chunk1.wav,Marathi,फणसाची झाडे होती झाडांवर पक्ष्यांची घरटी होती हिरवेकोवळे गवत होते आजीची बाग सुंदर होती संध्याकाळ होताच गावातील मुले बागेमध्ये खेळायला येत असत ती,हनसाची झाडे होती झाडावर पक्ष्यांची गरदी होती हिरवे कवळे गवत होते आजी आजीची बाग सुंदर होती सं संध्याकाळी होत होताच गावातील मुले बागेमध्ये खेळायला येत येत असे ती,फणसाची झाडे होती झाडांवर पक्ष्यांची घरटी होती हिरवेकोवळे गवत होते आजीची बाग सुंदर होती संध्याकाळ होताच गावातील मुले बागेमध्ये खेळायला येत असत ती,हनसाची झाडे होती झाडावर पक्ष्यांची गरदी होती हिरवे कवळे गवत होते आजी आजीची बाग सुंदर होती सं संध्याकाळी होत होताच गावातील मुले बागेमध्ये खेळायला येत येत असे ती
/home/hp/Indain_children_spech/ASER-Dataset/audio_processed/chunks/Marathi MH/947/MR_S2_ST_0_chunk2.wav,Marathi,भरपूर मजा करत मुलांना खेळताना बघून आजीला आनंद होई आजीबाई संध्याकाळी मुलांना गोष्टी सांगत असे त्यामुळे मुलांनादेखील आजीबाई खूप,भरपूर मजा करत करत मुलांना खेळताना बघून आजीला आनंद होऊ आजी बाई संध्याकाळी मुलांना गोष्टी सांगत असे त्या त्यामुळे असे त्यामुळे मुलांना दे देखील आजी आजीबाई खूप,भरपूर मजा करत मुलांना खेळताना बघून आजीला आनंद होई आजीबाई संध्याकाळी मुलांना गोष्टी सांगत असे त्यामुळे मुलांनादेखील आजीबाई खूप,भरपूर मजा करत करत मुलांना खेळताना बघून आजीला आनंद होऊ आजी बाई संध्याकाळी मुलांना गोष्टी सांगत असे त्या त्यामुळे असे त्यामुळे मुलांना दे देखील आजी आजीबाई खूप
/home/hp/Indain_children_spech/ASER-Dataset/audio_processed/chunks/Marathi MH/947/MR_S2_ST_0_chunk3.wav,Marathi,आवडे,ड आर,आवडे,ड आर
/home/hp/Indain_children_spech/ASER-Dataset/audio_processed/chunks/Marathi MH/952/MR_S4_P_0_chunk0.wav,Marathi,गीता बागेत आली तिकडे तिला मंजू भेटली दोघींनी,बागेत आली तिकडे तिला मैदू भेटली दोघीनी,गीता बागेत आली तिकडे तिला मंजू भेटली दोघींनी,बागेत आली तिकडे तिला मैदू भेटली दोघीनी
/home/hp/Indain_children_spech/ASER-Dataset/audio_processed/chunks/Marathi MH/952/MR_S4_P_0_chunk1.wav,Marathi,जोरात झोका घेतला आज खूपच मजा आली,दराात झोका घेतला आज खूप मजा आली,जोरात झोका घेतला आज खूपच मजा आली,दराात झोका घेतला आज खूप मजा आली
/home/hp/Indain_children_spech/ASER-Dataset/audio_processed/chunks/Marathi MH/955/MR_S4_P_1_chunk0.wav,Marathi,आज रविवार आहे शाळेला रजा आहे,रविवार आहे शलेला राज आहे,आज रविवार आहे शाळेला रजा आहे,रविवार आहे शलेला राज आहे
/home/hp/Indain_children_spech/ASER-Dataset/audio_processed/chunks/Marathi MH/955/MR_S4_P_1_chunk1.wav,Marathi,सगळे मिळून खेळूया आज खेळायचा दिवस आहे,स सगले,सगळे मिळून खेळूया आज खेळायचा दिवस आहे,स सगले
/home/hp/Indain_children_spech/ASER-Dataset/audio_processed/chunks/Marathi MH/989/MR_S2_P_0_chunk0.wav,Marathi,एकदा मी पडले सगळे मला हसले एकदा,दा प पलाले पडे स म स ग लाला खताळे सगळे म लालंद मला सला खले हसले एक लालकंद एकदा सला,एकदा मी पडले सगळे मला हसले एकदा,दा प पलाले पडे स म स ग लाला खताळे सगळे म लालंद मला सला खले हसले एक लालकंद एकदा सला
/home/hp/Indain_children_spech/ASER-Dataset/audio_processed/chunks/Marathi MH/989/MR_S2_P_0_chunk1.wav,Marathi,सोनल पडली मी तिला हसले,सन ल सनल प डला सर्ला दिली पडली मला पहिले मला त सरी ला,सोनल पडली मी तिला हसले,सन ल सनल प डला सर्ला दिली पडली मला पहिले मला त सरी ला
/home/hp/Indain_children_spech/ASER-Dataset/audio_processed/chunks/Marathi MH/996/MR_S2_ST_0_chunk0.wav,Marathi,एका गावात एक आजीबाई राहत होती आजीचे घर छोटे होते घरासमोर मोठी फुलबाग होती बागेत गुलाब जाईजुई अबोली झेंडूची फुलझाडे होती,फुल बा होती बागेत ग गुलाबई जाई जुई अबोली झुडाची फुल झाडे होती,एका गावात एक आजीबाई राहत होती आजीचे घर छोटे होते घरासमोर मोठी फुलबाग होती बागेत गुलाब जाईजुई अबोली झेंडूची फुलझाडे होती,फुल बा होती बागेत ग गुलाबई जाई जुई अबोली झुडाची फुल झाडे होती
/home/hp/Indain_children_spech/ASER-Dataset/audio_processed/chunks/Marathi MH/996/MR_S2_ST_0_chunk1.wav,Marathi,मोठीमोठी आंब्याची फणसाची झाडे होती झाडांवर पक्ष्यांची घरटी होती हिरवेकोवळे गवत होते आजीची बाग सुंदर होती संध्याकाळ होताच गावातील मुले बागेमध्ये खेळायला येत असत,मोठी मोठी आंब्याची पस नसांची झाडे होती झाडांवर पक्ष्यांची घट््टे होती हिरवे को कोवळे गबत होते आजीचे बाग बाग सुंदर होती संध्याकाळ हो होताच गाव गावातील मुले बागेमध्ये खेळायला येत असतात,मोठीमोठी आंब्याची फणसाची झाडे होती झाडांवर पक्ष्यांची घरटी होती हिरवेकोवळे गवत होते आजीची बाग सुंदर होती संध्याकाळ होताच गावातील मुले बागेमध्ये खेळायला येत असत,मोठी मोठी आंब्याची पस नसांची झाडे होती झाडांवर पक्ष्यांची घट््टे होती हिरवे को कोवळे गबत होते आजीचे बाग बाग सुंदर होती संध्याकाळ हो होताच गाव गावातील मुले बागेमध्ये खेळायला येत असतात
/home/hp/Indain_children_spech/ASER-Dataset/audio_processed/chunks/Marathi MH/996/MR_S2_ST_0_chunk2.wav,Marathi,ती भरपूर मजा करत मुलांना खेळताना बघून आजीला आनंद होई आजीबाई संध्याकाळी मुलांना गोष्टी सांगत असे त्यामुळे मुलांनादेखील आजीबाई खूप आवडे,ती भरपूर मा मजा क करत मुलांना खेळताना बघून आजीला आनंद होईल आजी आजीबाई संध्याकाळी मुलांना गोष्ट सांगत असे त्यामुळे मुलांना देखील आज आजीबाई खूप आवड आवडते,ती भरपूर मजा करत मुलांना खेळताना बघून आजीला आनंद होई आजीबाई संध्याकाळी मुलांना गोष्टी सांगत असे त्यामुळे मुलांनादेखील आजीबाई खूप आवडे,ती भरपूर मा मजा क करत मुलांना खेळताना बघून आजीला आनंद होईल आजी आजीबाई संध्याकाळी मुलांना गोष्ट सांगत असे त्यामुळे मुलांना देखील आज आजीबाई खूप आवड आवडते
/home/hp/Indain_children_spech/ASER-Dataset/audio_processed/chunks/Hindi UP/1715/HI_S4_P_0_trimmed.wav,Hindi,बग़ीचे में पेड़ हैं पेड़ पर एक तोता रहता है तोते का रंग हरा है वह लाल टमाटर खाता है,बगीचे में एकता हैते का रंग हरा है वह लाल टमाटर खाता है,बग़ीचे में पेड़ हैं पेड़ पर एक तोता रहता है तोते का रंग हरा है वह लाल टमाटर खाता है,बगीचे में एकता हैते का रंग हरा है वह लाल टमाटर खाता है
/home/hp/Indain_children_spech/ASER-Dataset/audio_processed/chunks/Hindi UP/2543/HI_S1_P_0_trimmed.wav,Hindi,राधा के पास एक तोता है उसकी चोंच लाल है वह बहुत बोलता है सब को हँसाता है,राधा के पास एक तोोता है उसकी चोंच लाल है वह बहुत बोलता है सबको हसाता है,राधा के पास एक तोता है उसकी चोंच लाल है वह बहुत बोलता है सब को हँसाता है,राधा के पास एक तोोता है उसकी चोंच लाल है वह बहुत बोलता है सबको हसाता है
/home/hp/Indain_children_spech/ASER-Dataset/audio_processed/chunks/Hindi UP/2562/HI_S4_P_0_trimmed.wav,Hindi,बग़ीचे में पेड़ हैं पेड़ पर एक तोता रहता है तोते का रंग हरा है वह लाल टमाटर खाता है,बगीचे में पेड़ है पेड़ पर एक तोता रहता है तोता का रंग हरा है वह लाल टमाटर खाता है,बग़ीचे में पेड़ हैं पेड़ पर एक तोता रहता है तोते का रंग हरा है वह लाल टमाटर खाता है,बगीचे में पेड़ है पेड़ पर एक तोता रहता है तोता का रंग हरा है वह लाल टमाटर खाता है
/home/hp/Indain_children_spech/ASER-Dataset/audio_processed/chunks/Hindi UP/3310/HI_S1_P_0_trimmed.wav,Hindi,राधा के पास एक तोता है उसकी चोंच लाल है वह बहुत बोलता है सब को हँसाता है,राधा के पास एक तोता था है उसकी चोंच लाल है वह बहुत बाता बोलता है सबको हता हसता है,राधा के पास एक तोता है उसकी चोंच लाल है वह बहुत बोलता है सब को हँसाता है,राधा के पास एक तोता था है उसकी चोंच लाल है वह बहुत बाता बोलता है सबको हता हसता है
